epoch,lr,loss_pix,loss_detect,loss_v,loss_r_fft,loss_r_grad,loss_r_perc,loss_perc,loss_total,val_psnr,val_ssim,val_psnr_coarse,val_ssim_coarse
1,0.0002,0.21475600264966488,1.1309273093938828,0.22663975438723963,0.3190166216343641,2.292727771401405,22.537776295344035,11.844624576965968,3.4786718398332597,,,,
2,0.00019990045022511257,0.21132695308576027,1.0264328149457773,0.19988391163448493,0.22598181404173373,1.5499030036230883,17.20228276650111,11.465797183911006,2.898923641939958,,,,
3,0.00019980090045022513,0.2129913017464181,0.5055523687352736,0.13530792014983792,0.19236118653789164,1.202046669026216,14.96959184408188,11.52030081152916,2.6175729878246785,,,,
4,0.0001997013506753377,0.20583292981609702,0.2689654153306037,0.08087857997355362,0.1699963793779413,1.012533576786518,14.195540956656139,11.496107258399327,2.4377082814772923,,,,
5,0.00019960180090045022,0.19184864982962607,0.15576126254163683,0.048135889670811595,0.13898727375393113,0.871062446758151,13.441392290592194,11.1865182975928,2.3088496511181194,,,,
6,0.00019950225112556278,0.1853554166542987,0.12976040246721823,0.029326241638045758,0.11724803391844034,0.8034070139129956,13.044989335536957,11.0351236085097,2.1917998497684796,,,,
7,0.00019940270135067534,0.1844716561337312,0.2160496457926153,0.022878164505042757,0.10310107463349899,0.7594751079877218,12.815075496832529,11.15501112739245,2.178954010208448,,,,
8,0.0001993031515757879,0.20635991871046525,0.24184551518507458,0.01857329113991,0.09231706404437622,0.7348166778683662,12.57859578927358,11.090150648355484,2.1669003928701085,,,,
9,0.00019920360180090046,0.1776758403517306,0.15549213489381752,0.015981210872511534,0.08499796978818873,0.7221990273644526,12.486237200101217,11.080979583660762,2.130097143848737,,,,
10,0.00019910405202601302,0.17573126217660803,0.16842618396040052,0.014707422568850841,0.07729039986928304,0.6888752148797115,12.119873489936193,10.911002252499262,2.089417804280917,7.893738785321355,0.013170483202359381,20.66067615037853,0.562693365356822
11,0.00019900450225112558,0.16802576386059323,0.17418496333120856,0.01339567934483057,0.073912033236896,0.6866939008235932,12.085018090407054,10.938724037011465,2.0663263604044912,,,,
12,0.00019890495247623812,0.18346273206795255,0.2455442785207803,0.011926043280012285,0.071080767052869,0.6630856124063332,11.944815488656362,10.967084443569183,2.0821252703666686,,,,
13,0.00019880540270135068,0.15776165844872594,0.13557179183117113,0.010808113277016673,0.06735516370584567,0.6601496587196986,11.760182189941407,10.78646601041158,1.992685586710771,,,,
14,0.00019870585292646324,0.1702288904072096,0.12496908823183427,0.011146013666681635,0.06625577600983282,0.6564201244463523,11.812453218301137,10.932495991388956,2.0508911535143852,,,,
15,0.0001986063031515758,0.15541229476220905,0.12704386051627808,0.010162215133944604,0.06573918752061823,0.6770942283173402,11.80241673986117,10.825187649329504,2.012239579856396,,,,
16,0.00019850675337668836,0.15872337898860375,0.11854837406426669,0.010479345213874088,0.06356481014130017,0.6460852334896724,11.622639113664627,10.791743961970012,2.0046478768189746,,,,
17,0.00019840720360180092,0.15264172094563644,0.10953039809925637,0.00935407756527032,0.06106099227132897,0.625475333382686,11.427970186869304,10.60481843749682,1.9422979533672333,,,,
18,0.00019830765382691348,0.16219820512148242,0.12960144573492774,0.0095571176270217,0.06111488561145961,0.6283881461868683,11.417081173261007,10.840488982200622,2.00087215701739,,,,
19,0.000198208104052026,0.16502588684670627,0.14755373700609198,0.011166782723739744,0.06179702474425237,0.6435744148989518,11.60021931330363,10.686204208930333,2.0115298281113305,,,,
20,0.00019810855427713857,0.1574293686232219,0.13367550268012565,0.01008322569008063,0.0602687979893138,0.6351212325195471,11.397781087954838,10.575748300552368,1.9740793704986572,9.122296997270224,0.01957397810136126,20.794141241652902,0.566316036571089
21,0.00019800900450225113,0.16229339620719355,0.09883557572514595,0.009025756233313587,0.05920194471254945,0.6275085608164469,11.31850223739942,10.748120429118474,1.9702813421686491,,,,
22,0.0001979094547273637,0.1670488508340592,0.1441740620949228,0.008549521748985473,0.05774712117078404,0.6120338425040245,11.285976046323777,10.76407945950826,1.9721050053834914,,,,
23,0.00019780990495247625,0.1672350233265509,0.13353596040057406,0.008768614294725315,0.057176072422104575,0.6141875715305408,11.170177082220713,10.678433257341386,1.954333531856537,,,,
24,0.0001977103551775888,0.14517593965865672,0.13470847172720823,0.008454692299710586,0.05663907742127776,0.6168415190031131,11.193103593587875,10.67389973004659,1.9626564448078474,,,,
25,0.00019761080540270137,0.1448764103309562,0.12683266204646013,0.007585013838494584,0.05523900765304764,0.6000311834116777,11.001927475134531,10.578261653582254,1.9279922460516294,,,,
26,0.0001975112556278139,0.15216027894057332,0.14206684878396725,0.008019958738683879,0.05474211350083351,0.5941938888902466,10.9142092247804,10.580797398090363,1.941510634124279,,,,
27,0.00019741170585292647,0.14430828378535807,0.10522039003262762,0.007133902217416713,0.05411495897763719,0.5854502504691481,10.842087632417678,10.430743658542633,1.8794779429833095,,,,
28,0.00019731215607803903,0.14645486562512816,0.10889609837759054,0.00761064083102004,0.05407184038776904,0.5937212004015843,10.869435367981593,10.580885696411134,1.9326564140617848,,,,
29,0.0001972126063031516,0.1513584713296344,0.08837058297115921,0.0076131847000700265,0.054419501979524894,0.600237699970603,11.001051537195842,10.678198595841726,1.9388999417424202,,,,
30,0.00019711305652826415,0.14773171331423024,0.10534587331664322,0.007267576283387219,0.0532633421709761,0.5795754174391429,10.766158052285512,10.507669085264206,1.905964445322752,10.534867400859293,0.03185873007161504,21.060213832201445,0.5753435068082705
31,0.0001970135067533767,0.14860024354420603,0.0966396847734965,0.007070737703179475,0.05286598086046676,0.5787236496806145,10.723175684611002,10.511390978097916,1.8781711796919505,,,,
32,0.00019691395697848924,0.14847537041641773,0.12885204759707752,0.006965933371490488,0.05104481156449765,0.5594415817409754,10.653031867742538,10.41765444080035,1.8952433283130328,,,,
33,0.0001968144072036018,0.15570098167906204,0.08274324154675318,0.007679487315181177,0.052870252961292864,0.5861180547624827,10.769677784045538,10.64774783452352,1.936666192114353,,,,
34,0.00019671485742871436,0.15525319905330737,0.09167098338317979,0.006969938060259058,0.052022386171544595,0.571179982709388,10.583812193075817,10.48495310942332,1.878844653069973,,,,
35,0.00019661530765382692,0.14287741982067625,0.0957632947198969,0.006653317418628527,0.05252535367229332,0.5776771077265342,10.65327137708664,10.492747112115223,1.877616539845864,,,,
36,0.00019651575787893948,0.14691383467676739,0.09675239934513229,0.006853754749560418,0.05216153151510904,0.5779871856793761,10.675826750199,10.59319440126419,1.910842085381349,,,,
37,0.00019641620810405204,0.14794636849934856,0.09142391404723943,0.006263699431535012,0.050945897175309555,0.5663053168604771,10.528169892231624,10.428579739729564,1.8830794895688692,,,,
38,0.0001963166583291646,0.1366837050455312,0.1026287976327391,0.006140253634536445,0.05162280354804049,0.5779066544026137,10.577039553721745,10.46060841480891,1.855312056839466,,,,
39,0.00019621710855427713,0.14739713643987973,0.10649690727126047,0.0062460253633616954,0.05144055060421427,0.5713211882859468,10.5328868329525,10.470854677756627,1.862701377272606,,,,
40,0.0001961175587793897,0.1401862078656753,0.14226489892510774,0.006235851950623328,0.050237678837341565,0.5594624077901245,10.414576828479767,10.479080273707707,1.8878284022212029,12.095523815582181,0.05512542804084464,21.42211598173154,0.5886407027489924
41,0.00019601800900450226,0.15035661025904118,0.11473713916396568,0.006124480877770111,0.05025655704860886,0.5631152373428147,10.417356342077255,10.423774955670039,1.8725917706886928,,,,
42,0.00019591845922961482,0.14949121670797466,0.09155951768480008,0.006003891529447477,0.04986843269628783,0.5529855568582813,10.292082540194194,10.355043299992879,1.8556087546050548,,,,
43,0.00019581890945472738,0.14229213350142042,0.09170509021666172,0.0059077199874082,0.051080598845146596,0.5734575020149351,10.41632962624232,10.425817555189132,1.8416493746141593,,,,
44,0.00019571935967983994,0.13797012207408746,0.09325768207078605,0.005726869445667641,0.049944600199038784,0.5527156869570414,10.226478801170986,10.281443186601003,1.8170965443054834,,,,
45,0.0001956198099049525,0.14192829970270396,0.1052188988767739,0.005708164178940933,0.04838327627318601,0.5326305037364364,10.20020786523819,10.229360628128052,1.8074321093658605,,,,
46,0.00019552026013006503,0.14375714298027256,0.09175852638921546,0.005763970659851718,0.05062594471188883,0.5610891027376056,10.360698880751928,10.383589355150859,1.8321006489296754,,,,
47,0.0001954207103551776,0.14111514904846748,0.08018058168405938,0.005943367399110381,0.049378117507634066,0.5516875394930442,10.298883907000224,10.34874809384346,1.8386715772251288,,,,
48,0.00019532116058029015,0.14429066909166674,0.10700614614615915,0.005671226126044833,0.04964723410084844,0.5576247630019983,10.332629154125849,10.406290006637573,1.8481257386505603,,,,
49,0.0001952216108054027,0.14931428876395028,0.09288686262346649,0.0060231630661292,0.0488094024049739,0.5407284668957194,10.220894211530686,10.308894664049149,1.8548546612262726,,,,
50,0.00019512206103051527,0.13600705295490723,0.08441875300050014,0.005792862389838168,0.04890567225714525,0.5413315435871482,10.228644162416458,10.317597728967666,1.8332559292515118,13.809750084792748,0.09294753319952688,21.820522023427163,0.6030366628312339
51,0.00019502251125562783,0.13867564806714655,0.09801283598693165,0.0057934825507497106,0.047983622170674305,0.535901917082568,10.123471939563752,10.309477571646372,1.8443830072879792,,,,
52,0.0001949229614807404,0.1445785210467875,0.07807861428542916,0.006330414877932829,0.04898264690612753,0.5466531164323291,10.186796551942825,10.314213502407075,1.8420584484934808,,,,
53,0.00019482341170585292,0.1404665186535567,0.07627170991254388,0.0056472070481201325,0.0486562700321277,0.5499890863895416,10.131535696983338,10.269104037682215,1.8109621773163478,,,,
54,0.00019472386193096548,0.1375851770862937,0.07073720448279346,0.005751499780308223,0.04893657713352392,0.5500991320858399,10.142838913202286,10.24616169333458,1.8153248543540637,,,,
55,0.00019462431215607804,0.1433232228582104,0.07932626556624503,0.005681805445298475,0.04803877586188416,0.5431248900791009,10.128717448314031,10.320600599050522,1.8321241450806458,,,,
56,0.0001945247623811906,0.13822660654162366,0.08904013997283376,0.005775623494506969,0.048421661385024586,0.5375785438964764,10.10535103281339,10.334725995858511,1.8363242822388808,,,,
57,0.00019442521260630316,0.13320423111629984,0.07445032876858022,0.005373710000518865,0.047469969869901735,0.5282443682973583,10.002833793560663,10.167997294664383,1.7965547119577725,,,,
58,0.00019432566283141572,0.14560447493568063,0.10971602011146994,0.005867238195787649,0.048776215454563496,0.5455264941478769,10.109217443068822,10.2521275917689,1.8076797440648078,,,,
59,0.00019422611305652828,0.1423675577932348,0.08812033731228439,0.0052845846347433206,0.04744396665288756,0.5371031327793996,10.01567634344101,10.294942593574524,1.82073536987106,,,,
60,0.00019412656328164082,0.14713686327449976,0.07676637196733888,0.005443491967889713,0.04786507855945577,0.5379043641189735,10.029571696122487,10.30220170021057,1.8271526326735814,15.603675395588109,0.14588511166739943,22.19585589495225,0.6162609003399163
61,0.00019402701350675338,0.13762926999479533,0.07140674094710751,0.005297880727205969,0.047152293869294225,0.5308706693972151,9.983146671454111,10.200077790021897,1.798871172964573,,,,
62,0.00019392746373186594,0.14216580331946413,0.08478107665663022,0.005695338150447545,0.04754079005215317,0.5331465507547061,9.979952365159988,10.25316107471784,1.8202080331742763,,,,
63,0.0001938279139569785,0.14339227862656118,0.0898239373286439,0.005238127508831288,0.0477268103742972,0.5379046387970448,10.033390319347381,10.261353339751562,1.8084838291009266,,,,
64,0.00019372836418209106,0.13515341261712213,0.0938135919435202,0.004893835456702315,0.04652445996180177,0.519738152064383,9.908085020383199,10.119929673274358,1.7750824784239134,,,,
65,0.00019362881440720362,0.14212783522283037,0.08905633093648552,0.005350318739268308,0.04698846592412641,0.5200552598262826,9.917828452587127,10.113959330320359,1.777160001794497,,,,
66,0.00019352926463231618,0.13768311855383217,0.0818204019102268,0.0049867519832332615,0.04612006724346429,0.5199218259503444,9.739820567766825,9.949975365400315,1.7595768983165423,,,,
67,0.0001934297148574287,0.1396360482710103,0.07961584298318485,0.0051560942432843145,0.04678505803458392,0.5292799890041351,9.936573741833369,10.25775718887647,1.8142525245745977,,,,
68,0.00019333016508254127,0.1393109096835057,0.07464192430743424,0.0052755512035219,0.047609659004956485,0.5401593493918578,9.93159648180008,10.241806809107462,1.8226331484814484,,,,
69,0.00019323061530765383,0.13964728790645797,0.09758156475775953,0.005060952968051424,0.046537665044888855,0.524165482694904,9.78072799841563,10.126666607459386,1.7791744254529476,,,,
70,0.0001931310655327664,0.14015227719210088,0.10213172528068147,0.005373125555342995,0.04754228948925932,0.5345089830458164,10.010335997740428,10.307357118527095,1.8142059157292048,17.331913501503028,0.210800462085758,22.522492260249813,0.6268312308882353
71,0.00019303151575787895,0.13733281609602271,0.05831149699976474,0.005055264826660277,0.047116066856930656,0.5333220142871141,9.87668783267339,10.161400481065114,1.7791828426222007,,,,
72,0.0001929319659829915,0.1390588687111934,0.07087529186574101,0.004867368099318507,0.04749523347709328,0.5350260336572925,9.98262126247088,10.256411290168762,1.788299775371949,,,,
73,0.00019283241620810407,0.1420279981723676,0.06383692654417246,0.004943452678950659,0.046842605775843066,0.5297368340194225,9.851842149098713,10.182333068052928,1.787677178780238,,,,
74,0.0001927328664332166,0.1337446274391065,0.059245085149571726,0.005202871147048427,0.045576333347707984,0.5150616905962427,9.69032317797343,10.045691873629888,1.775992611795664,,,,
75,0.00019263331665832917,0.1408534800633788,0.12694824953565936,0.004857765472358248,0.04562861086645474,0.5149190283070008,9.77706761956215,10.111145716905593,1.7873712788025538,,,,
76,0.00019253376688344173,0.13437094325199722,0.08324329577371828,0.004817512563264851,0.04634498193239172,0.5306096136569977,9.764463742574057,10.111289032300313,1.7754475158949694,,,,
77,0.0001924342171085543,0.13537413747981192,0.06542212851782096,0.0046404730373372635,0.046079980403495334,0.5166906423866748,9.707232969999314,10.013856154680251,1.7476795407632986,,,,
78,0.00019233466733366685,0.13837482407689095,0.07474217000271892,0.00502386359294178,0.04642818850309898,0.5245285897826155,9.800114061435064,10.100569880008697,1.789339479804039,,,,
79,0.0001922351175587794,0.14250884914460282,0.0785314977599531,0.0050040099893521985,0.04582845623760174,0.5190331085274617,9.785676234960556,10.155359333753585,1.7888498192032178,,,,
80,0.00019213556778389197,0.1326899675341944,0.06586917533507707,0.004898050496558426,0.046300700407785673,0.5272742222994566,9.812090559800465,10.227015399932862,1.7934472404420376,18.851827025475853,0.28227684977664375,22.789773783396683,0.634958180929409
81,0.0001920360180090045,0.14128497773781418,0.06432376065301165,0.004889456494856859,0.04666283937791983,0.5268413743004203,9.91321133375168,10.368687496582668,1.8117670935889085,,,,
82,0.00019193646823411706,0.13940064318788548,0.06361397517454558,0.0046608594893768895,0.04622464602968345,0.5219821887090802,9.725907270113627,10.087210555871328,1.7593430375059447,,,,
83,0.00019183691845922962,0.1355960682965815,0.060319738919376205,0.004897915873152669,0.046037789046143494,0.5225725575660666,9.764912748336792,10.10821718176206,1.760047870874405,,,,
84,0.00019173736868434218,0.13289133255990843,0.05253409526242952,0.00471544080816481,0.04529072421913346,0.5141582490876317,9.584785789251328,9.964346573750179,1.7525795834759872,,,,
85,0.00019163781890945474,0.13532725633122028,0.05997256594891951,0.004589275491707667,0.045222246934038896,0.5107792366916935,9.656753826141358,10.132865820328394,1.7623460416992505,,,,
86,0.0001915382691345673,0.13127796743065118,0.05017739855259909,0.004548938687366899,0.045362211562072235,0.5185114330922563,9.65616774559021,10.038202832142511,1.7491709791123866,,,,
87,0.00019143871935967983,0.12951506221822154,0.05381003638655481,0.004575009386826423,0.04554122311528772,0.5168392434095342,9.617356125513712,10.030576966206233,1.7406473693748314,,,,
88,0.0001913391695847924,0.13680194177043933,0.06179242231634514,0.004718765632181506,0.04570250530571987,0.5176975635190805,9.666151142120361,10.016491343577703,1.7497983927528062,,,,
89,0.00019123961980990496,0.1292748518443356,0.05300120622268878,0.00470867104838059,0.045389234887746474,0.5169900866225362,9.623441857099532,10.000009884436926,1.750805486490329,,,,
90,0.00019114007003501752,0.12478279302207132,0.05696941620820629,0.00447096264421513,0.04518802360010644,0.5155568725739916,9.556111691395442,9.885731200377146,1.7023666401704152,20.023286567872066,0.3501169432372186,22.990576603555237,0.640946567194139
91,0.00019104052026013008,0.1432807486038655,0.07852188640487535,0.004751968516939087,0.04571554200568547,0.5192685415968299,9.60671867330869,10.034868335723877,1.7644025904436906,,,,
92,0.00019094097048524264,0.13442912468065818,0.07990587073363713,0.004816096101179331,0.0465656659565866,0.5312460673352083,9.785949383179346,10.158658983310064,1.773136487354835,,,,
93,0.0001908414207103552,0.1328207964776084,0.052710992728801406,0.004350054308937009,0.04504115318413824,0.5059033191452423,9.552920065323512,9.97546433210373,1.726321352024873,,,,
94,0.00019074187093546776,0.13276710429539282,0.06457925938896854,0.004775728234866013,0.04382011124398559,0.5002570988610386,9.472454607486725,10.026639427741369,1.7661224002639453,,,,
95,0.0001906423211605803,0.12784823429149886,0.08181867665468114,0.0046574074306893936,0.04492502838062743,0.5184738476450245,9.663034957647323,10.029010518391926,1.757303817321857,,,,
96,0.00019054277138569285,0.13715445323226352,0.07231947714608396,0.004516872857736113,0.04510489946696907,0.5114740426652133,9.527576635281244,9.959324900309245,1.735946657260259,,,,
97,0.0001904432216108054,0.13476860602386295,0.07385309761787842,0.004886018975957996,0.04541473432133595,0.5233081489801407,9.671838055054346,10.10195586880048,1.7782185499866803,,,,
98,0.00019034367183591797,0.13550785857563216,0.08044082157017934,0.004733217710114938,0.04413224053181087,0.5050729592020313,9.466865887244543,9.929183371861775,1.7390001791218916,,,,
99,0.00019024412206103053,0.13168026123506327,0.056047988888288575,0.004529689678868938,0.044075604729975265,0.5072272604331374,9.456216726700465,9.873875484863918,1.7317895347873369,,,,
100,0.0001901445722861431,0.1310012401547283,0.060643755103228614,0.004675520250505845,0.045498712391903,0.5240806570276618,9.625387036800385,10.074577597777049,1.7530613757669926,20.866227948046582,0.41031824320082577,23.146393085451223,0.645439343045459
101,0.00019004502251125562,0.13491675856833657,0.07577672688482077,0.004731378534052056,0.04498813721972207,0.514193625189364,9.600556530555089,10.134155879418055,1.772103844086329,,,,
102,0.00018994547273636818,0.1410907301430901,0.06990439202660734,0.004781481839503007,0.04507408883267393,0.515912064909935,9.626897549629211,10.109496788183849,1.7688799984753132,,,,
103,0.00018984592296148074,0.1366365269292146,0.05893061462678209,0.004642681360564893,0.044859237231624625,0.5084546920532982,9.524059538046519,10.089567122856776,1.7580192320048809,,,,
104,0.0001897463731865933,0.13021853589452803,0.06104513390613041,0.0046065730248907736,0.0453661639864246,0.5225073603292306,9.544017825524012,10.00801008939743,1.7354581490159036,,,,
105,0.00018964682341170586,0.12926190197467805,0.05440072011842858,0.004563020813657203,0.04480488804789881,0.5135352596640587,9.510530751943588,9.988206229607265,1.7355801018575827,,,,
106,0.00018954727363681842,0.12737506124346207,0.066999443325282,0.004533204112037007,0.04401388098485768,0.505739504409333,9.388136718670527,9.958422680695852,1.7483238364259401,,,,
107,0.00018944772386193098,0.13368175075544667,0.04794558727135154,0.0042641429926637405,0.04440462360313783,0.5098107478270928,9.521483600139618,10.079547063509624,1.7348491119841734,,,,
108,0.00018934817408704354,0.1355910744673262,0.12556116411882007,0.004489769397575098,0.04571564211122071,0.5226327151680986,9.600788853565852,10.142027380069097,1.7599374716480574,,,,
109,0.00018924862431215608,0.1298245914746076,0.06771518521297064,0.004457436987286201,0.04416532264246295,0.5031559931114316,9.37342665195465,9.882025399804116,1.7222846570114294,,,,
110,0.00018914907453726864,0.12282862732342134,0.059199246795348395,0.004226672697768663,0.04480504041227202,0.5161134900525213,9.52478049794833,10.03337261279424,1.7284378002087275,21.4563331458497,0.4610355573249921,23.2541141500729,0.6486098501678068
111,0.0001890495247623812,0.12702923892065882,0.059352446136593545,0.004421925997667131,0.044622793211601675,0.5144428195431828,9.544282251596451,10.051289953788121,1.750116472194592,,,,
112,0.00018894997498749376,0.13111428053428728,0.05474863438406222,0.004368618161242921,0.04420565706677735,0.5062011424452066,9.435670961936315,9.958859380086263,1.7293466637531916,,,,
113,0.00018885042521260632,0.12639740242933234,0.05429903061243143,0.004533235628514376,0.04349817625867824,0.4995995169505477,9.41855126619339,9.928142921129863,1.7401318117976188,,,,
114,0.00018875087543771888,0.13227410775919754,0.07183239854227091,0.004634761276489977,0.043623550018916525,0.5006031442433596,9.394310394922892,9.984072862068812,1.7443832680583,,,,
115,0.0001886513256628314,0.12841836909453075,0.05941326443383635,0.0044973972190443115,0.0441866483228902,0.5072658768544595,9.444298815727233,9.981608561674754,1.7368228284021219,,,,
116,0.00018855177588794397,0.13063191796342533,0.054685695144386655,0.004330227120711546,0.04322636699459205,0.49154774739096563,9.339710694551467,9.885352605581284,1.722722419599692,,,,
117,0.00018845222611305653,0.13166358539213738,0.05814038835130001,0.004253594800199305,0.04370067885611206,0.4977248040959239,9.29181821544965,9.845275179545085,1.7120725125074387,,,,
118,0.0001883526763381691,0.1280151374715691,0.05985176876880966,0.004412783431083274,0.044009804151331385,0.5033658605068922,9.421433701117833,10.034811234474182,1.7389554962515832,,,,
119,0.00018825312656328165,0.13111325637437404,0.06863118548605295,0.004176132374656542,0.043917192704975606,0.49728614911437036,9.369570155938467,9.913089561462403,1.7129314040144286,,,,
120,0.0001881535767883942,0.12639842433078835,0.05359333198175591,0.004127059996850827,0.042801345535553995,0.4942826980104049,9.296991948286692,9.811860430240632,1.6939308625956377,21.862136672017513,0.49917799140014385,23.339573217971772,0.6508882185978461
121,0.00018805402701350677,0.13348563780697684,0.04980454113459321,0.004479838570114225,0.04417056850312898,0.500186926064392,9.440459078550338,10.017954031626383,1.735931603362163,,,,
122,0.0001879544772386193,0.13154831376547615,0.04834449329221873,0.004219176393477634,0.04365521537450453,0.5029606390744448,9.415996185938518,9.918845419089,1.7234427710374196,,,,
123,0.00018785492746373187,0.1319805108786871,0.07159028974516939,0.0041651008643384555,0.04397902106090138,0.5090195199474692,9.43108861843745,10.022673845291138,1.7303765033682188,,,,
124,0.00018775537768884443,0.12701457544850805,0.05010113953449036,0.004113967405343525,0.04424448693947246,0.5085906784360608,9.328893701235453,9.78130382100741,1.6772166224817435,,,,
125,0.000187655827913957,0.12183056970437368,0.05656448335339519,0.0043057354345364725,0.042377852648496625,0.4862409308552742,9.138845870892206,9.70781488418579,1.6954665375252564,,,,
126,0.00018755627813906955,0.13681808213392893,0.05440572519461663,0.004373231318944211,0.043863018470195435,0.5018894319732984,9.356020718812943,9.97274890144666,1.736749067157507,,,,
127,0.0001874567283641821,0.12874674579749504,0.048878809768939394,0.004225109930969969,0.0428168004223456,0.4911524599418044,9.285232826073964,9.833938042322794,1.7088552959263326,,,,
128,0.00018735717858929467,0.12443798178186019,0.05041837499472119,0.004237568900619711,0.04359564290692409,0.49717697044834497,9.250815055767696,9.813812753558159,1.685695219784975,,,,
129,0.0001872576288144072,0.12792360515644152,0.05642142109069634,0.004735388493281789,0.04399222399418553,0.5049704780802131,9.370014760891596,9.899618097146352,1.7119062987466653,,,,
130,0.00018715807903951976,0.13000873443670571,0.09227420623216555,0.004104101014430247,0.043744547921232876,0.5005865514278411,9.215840166807174,9.796872508525848,1.6934077734748523,22.153981978035237,0.5292978281552048,23.41719529405878,0.6530027750266671
131,0.00018705852926463232,0.13185519870991508,0.06646071866089187,0.004422835562096831,0.04417312410660088,0.5065101376113792,9.484843337535859,10.071404095490774,1.7425109520554543,,,,
132,0.00018695897948974488,0.1271409245984008,0.046998395031005204,0.004304136596086513,0.04418308954530706,0.5104475901151697,9.454202576478322,9.985897860924403,1.7226903249820074,,,,
133,0.00018685942971485744,0.1295999365936344,0.0511992436957371,0.004309454698401775,0.043003592799262455,0.49531221520155666,9.26323392589887,9.911268564065297,1.7310307549933592,,,,
134,0.00018675987993997,0.12952051853450636,0.045584302881009835,0.004394983346476995,0.04385447908813755,0.5058801003421346,9.40778316060702,9.978565915425618,1.733194755514463,,,,
135,0.00018666033016508256,0.12126918886788189,0.04244927944412969,0.004131001813463323,0.043428516038693486,0.5005519055450957,9.270089358091354,9.876187074184418,1.7062315429250399,,,,
136,0.0001865607803901951,0.12571624268312007,0.08437444172607987,0.00434293155897952,0.042789401152792075,0.4920329462736845,9.255694264173508,9.824379565318425,1.7041750008861223,,,,
137,0.00018646123061530766,0.13012823884685834,0.04429493965314275,0.004538322451965845,0.043422438607861595,0.5065130965784193,9.256895325581233,9.818017655611039,1.717266432195902,,,,
138,0.00018636168084042022,0.12429483747109771,0.045716705436643676,0.003915162800209752,0.042908918128038445,0.49692070825646323,9.190593640009562,9.833574742078781,1.6902055526773134,,,,
139,0.00018626213106553278,0.12330323837231845,0.07959382008951556,0.003963122070490499,0.042806047736667095,0.4963245082025727,9.17739151318868,9.755263193448384,1.6823884864648184,,,,
140,0.00018616258129064534,0.1321741584998866,0.06613251429025695,0.004144161533016207,0.04308435556013137,0.4952294905359546,9.188859677314758,9.731122519572576,1.6885264754295348,22.34067076047962,0.5512971419686177,23.482878591094224,0.6548442888229651
141,0.0001860630315157579,0.12327028859096269,0.040883283911292284,0.004409806239467192,0.04384710160860171,0.509167310471336,9.246862351894379,9.819553903738658,1.7075869254767895,,,,
142,0.00018596348174087043,0.12325833719223737,0.0415430584391288,0.004036104139595409,0.042435468915694705,0.48722423501312734,9.16503570874532,9.812248640259106,1.7019529821972053,,,,
143,0.000185863931965983,0.1383546021922181,0.07164597554013502,0.004422638626783737,0.04402600392544021,0.5061681438237429,9.281946818033854,9.993784560759861,1.7362509548664093,,,,
144,0.00018576438219109555,0.1334268134785816,0.07314091766869145,0.0040333525824886845,0.041756713037223864,0.4796959536150098,9.064138698577882,9.7102587779363,1.696542993436257,,,,
145,0.0001856648324162081,0.13021867749436447,0.06151006786458311,0.004258541768649593,0.04246707619555915,0.4893474232405424,9.136382047335307,9.725953257083892,1.6891047266622385,,,,
146,0.00018556528264132067,0.12304757156719764,0.055291360821320266,0.004200562975165667,0.042487705502814305,0.487235722442468,9.15097980896632,9.748080549637477,1.6941567627092202,,,,
147,0.00018546573286643323,0.12109730718657374,0.049928198149063976,0.003992809454211965,0.04304555474470059,0.4992049950485428,9.200160660346349,9.75000543196996,1.677286224067211,,,,
148,0.0001853661830915458,0.12949392693893363,0.05143813624748266,0.0042402275260731885,0.042995704268105325,0.49780446098496517,9.242079494396846,9.849638104438782,1.714548790703217,,,,
149,0.00018526663331665835,0.1287138423960035,0.04144640964350401,0.004004503875573088,0.04281549082758526,0.4900140479827921,9.169816088676452,9.768495629231134,1.689367846896251,,,,
150,0.00018516708354177088,0.1311045464128256,0.03919415559751845,0.004289553468940236,0.04296292754200597,0.49405739586800335,9.188476715485255,9.79018914103508,1.6997318677604198,22.44735359511825,0.5675743392276914,23.517556594130756,0.6563177572969419
151,0.00018506753376688344,0.13575918396624426,0.05821904620588612,0.004188219326654992,0.04353481989819556,0.497824991432329,9.120435986916224,9.720011705160141,1.6968832314014435,,,,
152,0.000184967983991996,0.12177923717536032,0.05856249872546566,0.004078770857934917,0.0415814211514468,0.47644837020585934,9.029596602916717,9.7025720367829,1.6775154501199723,,,,
153,0.00018486843421710856,0.13605105920384328,0.10101230759167569,0.004194044211908476,0.043399329925887284,0.4989342219506701,9.20196698307991,9.798941677808761,1.7034761980175972,,,,
154,0.00018476888444222112,0.12054688351539274,0.058414298358547966,0.004127178361280433,0.042926120564031105,0.49827045844867823,9.122370133797327,9.654528639713924,1.67123706266284,,,,
155,0.00018466933466733368,0.12666062453451257,0.04435204493068644,0.004138780673383735,0.0434877300906616,0.5048843891049425,9.329196522633234,9.933006115754445,1.7030666487912336,,,,
156,0.00018456978489244622,0.12267772957372168,0.04667565634220713,0.004118913535542864,0.04222078287663559,0.4867764520769318,9.193543996413549,9.771386442581813,1.6866581365466118,,,,
157,0.00018447023511755878,0.11448547330995401,0.03610794251059512,0.003935425447464998,0.0433303156751208,0.502289286069572,9.19966677625974,9.762075078487396,1.6667921965320904,,,,
158,0.00018437068534267134,0.12019301026593894,0.048952679296902106,0.00399452315614326,0.041904860098535814,0.4828645740325252,9.069822410742441,9.66398811340332,1.67376826480031,,,,
159,0.0001842711355677839,0.13219053737508754,0.06372304947726662,0.004156169015186606,0.04254645199204485,0.4857615843725701,9.032509005069732,9.776278175910313,1.700047002484401,,,,
160,0.00018417158579289646,0.13147007680187622,0.04640532929188339,0.003973305657442931,0.04310774899398287,0.4992112940177321,9.218037621180217,9.839706603686015,1.6878646877904733,22.5348944282963,0.5794332255930142,23.550886533282572,0.6573472402700716
161,0.00018407203601800902,0.12527811146962145,0.04874390396310749,0.003921741184846421,0.04240066433170189,0.48443522608528533,9.084499593575796,9.64890733162562,1.6574530782798926,,,,
162,0.00018397248624312158,0.12157114416671295,0.056380815353926056,0.003934906023641815,0.04206981596847375,0.48743390664458275,9.04772922595342,9.667655642827352,1.6718586993714173,,,,
163,0.00018387293646823414,0.12422591662034392,0.039571084334602345,0.003922133256128291,0.04224145802824448,0.48858892091860373,9.02190270026525,9.686472654342651,1.669108648598194,,,,
164,0.00018377338669334667,0.123288329038769,0.05658863676905336,0.003939247963838473,0.04242688441493859,0.49442164301872255,9.018160275618236,9.647539915641149,1.6723217065135638,,,,
165,0.00018367383691845923,0.130001122597605,0.05531087693289009,0.004144318619849704,0.043196460146767396,0.4926057182252407,9.11693088610967,9.82768071492513,1.706060462196668,,,,
166,0.0001835742871435718,0.12328199641779065,0.03731625241801642,0.004204017678421224,0.04270709155049796,0.4949577506942054,9.185350694259007,9.835984598596891,1.7040064429243407,,,,
167,0.00018347473736868435,0.12188070777337998,0.03627623310345977,0.0038207046822208214,0.041870880988426507,0.4796586173586547,9.021196432908376,9.587056352694828,1.6377307186524073,,,,
168,0.0001833751875937969,0.12665161478022735,0.03625288865696348,0.004480327318742638,0.04365488352874915,0.5005396286646525,9.18078609307607,9.838878987232844,1.696461047232151,,,,
169,0.00018327563781890947,0.12226782031357289,0.04636949758350965,0.004067965268647337,0.042817803577054295,0.4935048183426261,9.069194020827611,9.729271471500397,1.675583505630493,,,,
170,0.000183176088044022,0.12440666925782959,0.04235792106201188,0.003868553442832005,0.042432338604703544,0.4869852768878142,9.035019306341807,9.609453165531159,1.6548400344947973,22.609392078166355,0.5868196691804938,23.578989027478503,0.6581838949406059
171,0.00018307653826913457,0.1199488370368878,0.043132668847738385,0.0038922391588130266,0.04172670429494853,0.4851597836241126,9.026978584130605,9.634395003318787,1.6699072659015655,,,,
172,0.00018297698849424713,0.12678003647209454,0.05814519153342796,0.004099724025096899,0.04301433074676121,0.5003770203019182,9.23280603090922,9.85296730697155,1.7025570213794707,,,,
173,0.0001828774387193597,0.12158505969370405,0.041702091244133044,0.003699482132772876,0.04210174436060091,0.48585550983746845,9.006723393996557,9.578268134593964,1.6410075324277082,,,,
174,0.00018277788894447225,0.13067635311745107,0.07400009055287834,0.0040662702539217815,0.04234471478654692,0.48558514658361673,9.04598491191864,9.762474395831426,1.6978019021451474,,,,
175,0.0001826783391695848,0.12453215443529189,0.06781187379413799,0.004084984322495681,0.04211967966208855,0.4863100925460458,8.994007217884064,9.689995058377583,1.6843907696505387,,,,
176,0.00018257878939469737,0.12547104222079117,0.07099311056863371,0.00409764093880464,0.043607993478265904,0.5071506886743009,9.206399019559225,9.861889106035232,1.7025353481372199,,,,
177,0.00018247923961980993,0.12512237330277762,0.0469580193398239,0.004112014885079892,0.04291715750005096,0.499897126480937,9.14742117325465,9.76708135207494,1.6869385480880736,,,,
178,0.00018237968984492246,0.12507992406996588,0.046082847528911466,0.0040333667087300755,0.042481575723892696,0.4943071666484078,9.049395016829173,9.658934966723125,1.6710289902985096,,,,
179,0.00018228014007003502,0.12507487302646042,0.047085529837355956,0.004090354603977176,0.043165956367738546,0.49943739771842954,9.133578757445017,9.701462197303773,1.6700867886344593,,,,
180,0.00018218059029514758,0.11743788061042627,0.044536584584238884,0.0038647545717443183,0.04174882537530114,0.4830124145994584,8.907448081175486,9.554958472649256,1.6484888672828675,22.639868225006644,0.5927003921503781,23.597715692084826,0.6587829028210769
181,0.00018208104052026014,0.12902974400203676,0.05391842352955791,0.0038798744993982837,0.041705806805597,0.48280985162903867,9.015764266252518,9.639244306087495,1.6661685431996982,,,,
182,0.0001819814907453727,0.119129461205254,0.044654216476070964,0.003814361877933455,0.041041396209038794,0.4760898024464647,8.904923041661581,9.582497996091842,1.6649768809477488,,,,
183,0.00018188194097048526,0.12472860336614151,0.04122397943862476,0.0038031593696359776,0.04230210420597966,0.486877787237366,8.97488418618838,9.624123585224151,1.6503204435110093,,,,
184,0.0001817823911955978,0.12042949109648665,0.04333529359406991,0.003927072199682395,0.04229143615035961,0.4876464537655314,8.896395669380825,9.561457973718642,1.6474345035851001,,,,
185,0.00018168284142071036,0.11876151544662814,0.06601174252497609,0.0038680575187148253,0.04190628101738791,0.4817492747058471,8.89215458035469,9.521273324886957,1.6379216745495797,,,,
186,0.00018158329164582292,0.1249700875642399,0.057210347945783724,0.004160126511123963,0.04325633481300126,0.49926665537059306,9.044912340243657,9.697188365459443,1.672461455812057,,,,
187,0.00018148374187093548,0.11657828870229422,0.04179224872280732,0.0036993070805086364,0.042398180502156414,0.48765496735771496,9.02091277440389,9.600335703293483,1.6401923370858034,,,,
188,0.00018138419209604804,0.12311829254031181,0.03395602963558607,0.003935226977773709,0.042947895180744426,0.4910210429380337,9.113072641690572,9.769393555323283,1.68523742283384,,,,
189,0.0001812846423211606,0.12571455699702103,0.05608770298366229,0.003941514605200306,0.04216878794444104,0.4821435809135437,8.95126423239708,9.652990156412125,1.6709573383132617,,,,
190,0.00018118509254627316,0.11816459164644282,0.07779139769108952,0.0041896732327586506,0.04179269035424416,0.48412126017113527,8.802628246943156,9.515786681572596,1.652988650649786,22.692371308495066,0.5978228047480711,23.614201593586934,0.6593084989261869
191,0.0001810855427713857,0.11573326061479747,0.04083109233488358,0.0038821761308402833,0.042109607187254976,0.4870635364825527,9.009979858001072,9.578205584486325,1.636219867070516,,,,
192,0.00018098599299649825,0.12424937905743719,0.03823780804095804,0.003581516949634533,0.041887036664411424,0.4775931163690984,8.853215859333675,9.56302884221077,1.6216333396732807,,,,
193,0.0001808864432216108,0.1345208942114065,0.047387272359461954,0.003893638979449558,0.04187193875356267,0.48401708727081616,8.980994216601054,9.679042823115985,1.6748680281142394,,,,
194,0.00018078689344672337,0.12543941175875564,0.047917026637454306,0.004222403465003784,0.042550222800734144,0.49595940007517736,9.01536630988121,9.65897445678711,1.6867436920603116,,,,
195,0.00018068734367183593,0.12405586475506425,0.049179142548382515,0.003940927010504917,0.04209702735921989,0.49081459393103916,8.976015428702036,9.587620306015015,1.6538937983413537,,,,
196,0.0001805877938969485,0.12414310197345912,0.06677053163778814,0.0041095400415845995,0.04201673866482451,0.48467404463638863,8.961465364694595,9.68002019325892,1.6708259883026282,,,,
197,0.00018048824412206105,0.1254042630161469,0.05058868795155528,0.0037762477023837466,0.04039298732144137,0.4622409618770083,8.772197697559992,9.431488863627116,1.6282475382089614,,,,
198,0.00018038869434717358,0.11778417609942456,0.05598003486811649,0.004151917260302677,0.0422256408763739,0.4918362798790137,8.960902474323909,9.62165396809578,1.6717017784714698,,,,
199,0.00018028914457228614,0.11843046826931337,0.04529676647258991,0.00391978693260171,0.04141653394326568,0.47838219137241444,8.964730634291966,9.575639498233794,1.6526697749892871,,,,
200,0.0001801895947973987,0.11774417767301201,0.03747814680655211,0.003958728958241409,0.04192345778768261,0.4868239457408587,8.894923782348632,9.667424551645915,1.6683800637722015,22.714982059625825,0.6014775271189869,23.623995541592937,0.659696221265304
201,0.00018009004502251126,0.12089462118844191,0.039938963419172066,0.003947224713071288,0.042431206500623375,0.4933325883001089,9.044238017002742,9.782552748918533,1.6849843417604764,,,,
202,0.00017999049524762382,0.11518792680775126,0.03578691575054715,0.0040012941981937425,0.04182524745119735,0.4885926203181346,8.980801737308502,9.680987000465393,1.6755021497607232,,,,
203,0.00017989094547273638,0.12216921659031262,0.03348319770284434,0.003880534420629071,0.04158669270109385,0.4800134949075679,8.938398536046346,9.699939159552256,1.6698067016899585,,,,
204,0.00017979139569784894,0.12227518355163434,0.037588704519733555,0.004194029520779925,0.04188472504417102,0.4886807248617212,8.961872106790542,9.69816127816836,1.6876583032310009,,,,
205,0.00017969184592296148,0.11213718464132398,0.04766135457020937,0.0037631853203492936,0.04259180217826118,0.4929142699887355,8.958626560370128,9.65102449854215,1.6417895240088305,,,,
206,0.00017959229614807404,0.12815879963648816,0.06681593493590299,0.0039589154466132944,0.04278578648809343,0.4924096545825402,9.059816326697668,9.712269165118535,1.6708473476270835,,,,
207,0.0001794927463731866,0.12063362305052579,0.03469142352593432,0.0038282385263300966,0.041407920288232467,0.4797296674301227,8.852321388324102,9.485935656229655,1.6310507925848166,,,,
208,0.00017939319659829916,0.13232209503961107,0.05325376355475176,0.0037950561117516676,0.042837468274713804,0.49251916420956454,8.955218293269475,9.650227930148443,1.6547553211450576,,,,
209,0.00017929364682341172,0.12181036276742815,0.045870077438636754,0.003823843944337568,0.04093223337549716,0.47517742967853943,8.820237811406454,9.599466011921566,1.6630720689892768,,,,
210,0.00017919409704852428,0.12474333653226495,0.04525011710223528,0.003927224168971104,0.04133633227320388,0.47520651537925007,8.917516809701919,9.659896663824718,1.6707598226765792,22.735102878346733,0.6043783762212243,23.637991685062516,0.6601658127811961
211,0.0001790945472736368,0.12189516229555011,0.04151039746499616,0.0038497292166236245,0.04201368362409994,0.48502437891438605,8.968291634321213,9.68875137269497,1.6737540478507678,,,,
212,0.00017899499749874937,0.11751366027165204,0.034882769447843506,0.0036627936642616987,0.04143633589458962,0.47580861306438843,8.8592746814092,9.532556798060735,1.6299312772850196,,,,
213,0.00017889544772386193,0.12124640696371596,0.03340311709624378,0.0039040385593883307,0.04225855711071442,0.49089979330698646,9.021279056866964,9.724972170591354,1.6757475482920805,,,,
214,0.0001787958979489745,0.13793774042278528,0.03759935452432425,0.004001385410083458,0.04185594986192882,0.4817948148275415,8.95426364739736,9.722335218389828,1.6920495331287384,,,,
215,0.00017869634817408705,0.12168854135864725,0.03854986633820469,0.0038243025735331076,0.04112240916583687,0.4743744583179553,8.856616626183191,9.526265251636506,1.6435836613178254,,,,
216,0.0001785967983991996,0.11582796707128486,0.04369117677544333,0.003707179819684825,0.04187784830961997,0.48591159225131075,8.940424249569576,9.598010555903118,1.6430058961113294,,,,
217,0.00017849724862431217,0.1247594127431512,0.03853247383015817,0.003984420787370861,0.04219558726375302,0.4833300967390339,8.978465529282888,9.744435429573059,1.6892437785863876,,,,
218,0.00017839769884942473,0.12196697637749215,0.053281545167419606,0.003790349953487748,0.04121370196420079,0.47814992126077416,8.872613145907719,9.618797667821248,1.6538703513642152,,,,
219,0.00017829814907453727,0.1165754022076726,0.05159854122863786,0.0038520411821082235,0.04161904072389007,0.48484440067162116,8.895560840765635,9.563574715455372,1.6461178846657276,,,,
220,0.00017819859929964983,0.11203815899789334,0.03878080256422436,0.0037644908249300593,0.042104506577985985,0.4907913912708561,8.943057942390443,9.639195573329925,1.6540369555354117,22.7374539132518,0.6069519998511387,23.632757177234524,0.6604681736678527
221,0.0001780990495247624,0.12337378831580281,0.036595586832178624,0.004072838313974595,0.0416308220087861,0.481334733342131,8.859558341900508,9.63161304195722,1.6738845330973466,,,,
222,0.00017799949974987495,0.11587715970041851,0.04391496823329059,0.0036159213893067013,0.04029460401507094,0.47253149300813674,8.805642265081406,9.558823825915654,1.6373399935662747,,,,
223,0.0001778999499749875,0.11474217272674044,0.031879541201472725,0.003536915548223381,0.04172871765913442,0.48286603651940824,8.842729254563649,9.518548595905305,1.619299447039763,,,,
224,0.00017780040020010007,0.1189368364168331,0.04181222497250019,0.0036377014720831843,0.04163529387054344,0.48155294607083005,8.84593805273374,9.57898497581482,1.6477922605971496,,,,
225,0.0001777008504252126,0.12476437369671961,0.06119361448845666,0.003995507922930604,0.042161137102327,0.48591829867412645,8.964469176530837,9.713483627637228,1.6729524212578932,,,,
226,0.00017760130065032516,0.12543894095967215,0.045563018805675405,0.00405688389576729,0.04284630414331332,0.4979549991587798,9.04639790256818,9.76059980392456,1.6853793680667877,,,,
227,0.00017750175087543772,0.11672849981890371,0.05362390410712881,0.0038363277927904466,0.04088866577949375,0.4733091962213318,8.861788000663122,9.577700181802113,1.6567795125146707,,,,
228,0.00017740220110055028,0.12416274297672013,0.04210763579027722,0.0037224102448817574,0.041701474393873166,0.4763872301826874,8.869266804059347,9.592246095339457,1.647788535306851,,,,
229,0.00017730265132566284,0.1285440168964366,0.03668730125702192,0.004286262357830613,0.04218484481874232,0.4880724718173345,8.922689380248388,9.610624675949415,1.649583308895429,,,,
230,0.0001772031015507754,0.11765638935224464,0.03349742244411876,0.003683917861235386,0.04029268203303218,0.46515379336973034,8.739480360349019,9.55040365854899,1.6414959475398063,22.766739040897583,0.6085465278751265,23.643316704347743,0.6607874042781164
231,0.00017710355177588796,0.11284164087070774,0.03078944053847105,0.0036451734857109843,0.04066366400802508,0.4755835469191273,8.74857383966446,9.445622155070305,1.6262754167119662,,,,
232,0.00017700400200100052,0.1174572195392102,0.038871922359658126,0.003488985101284925,0.04052247308815519,0.4676097811199725,8.73022247950236,9.408357373873393,1.6122541829943657,,,,
233,0.00017690445222611306,0.11907467014777164,0.04019197326438188,0.0036460659534592803,0.04171367064894487,0.4884649969637394,8.877319200833638,9.587932378053665,1.641082911938429,,,,
234,0.00017680490245122562,0.11363454111851752,0.04798324257411271,0.003492266495595686,0.040853641803065936,0.4722548966606458,8.753911660114925,9.41482432683309,1.6069582909345628,,,,
235,0.00017670535267633818,0.12478471660676102,0.03519007138776639,0.003858755365824133,0.041852590550358094,0.4847380302846432,8.854030664761861,9.538543059428532,1.6462758521238963,,,,
236,0.00017660580290145074,0.12144961961700271,0.04635814642871689,0.00370133432043076,0.041763947205618025,0.4824261985719204,8.873183816671371,9.590516887108485,1.6358807985981305,,,,
237,0.0001765062531265633,0.11534242588095367,0.04734855309099354,0.003585051585044615,0.040517442277632654,0.4714922210201621,8.814181019862493,9.515524786710738,1.6380018763244153,,,,
238,0.00017640670335167586,0.12461418085731565,0.03655684653163007,0.0037621706437979204,0.03995706869366889,0.46551446927090484,8.656381239493689,9.38075853784879,1.6203804224729539,,,,
239,0.0001763071535767884,0.11534621419850737,0.0350059823478053,0.0034927101733046584,0.040576300009464224,0.46974385855719447,8.722683441638946,9.381558367609978,1.5972441350420317,,,,
240,0.00017620760380190095,0.11980540834677716,0.0512901897261069,0.0037692380802279027,0.04126146010045583,0.4774587589626511,8.87220239241918,9.652559465169906,1.662960272282362,22.771638240989457,0.6103857744431861,23.643512063410835,0.6609229742910773
241,0.0001761080540270135,0.128420518245548,0.04892650495823243,0.003749137091896652,0.04174632454523817,0.4810268441836039,8.738495574394863,9.537273089090982,1.6485238760709762,,,,
242,0.00017600850425212607,0.12195773326481382,0.03846342321762677,0.003965632134956347,0.04223256070787708,0.4898988272373875,8.90793897509575,9.62859805027644,1.6696219543615978,,,,
243,0.00017590895447723863,0.11322542179065447,0.03981133218215594,0.0036420602110107817,0.04067584156291559,0.4700777323295673,8.652826935052872,9.430968348185221,1.6270380573968093,,,,
244,0.0001758094047023512,0.12303812762256712,0.03564361106794725,0.0038098301137021433,0.040719008806627245,0.4690591339021921,8.700396486123402,9.390589785575866,1.625257396697998,,,,
245,0.00017570985492746375,0.11655027507804334,0.035527093454826776,0.0038123425108400016,0.04081778936476136,0.4760660891421139,8.793368637561798,9.423576092720031,1.6347761131823062,,,,
246,0.00017561030515257628,0.125721901243863,0.04146185928245056,0.0037450905418760765,0.04261236697202549,0.49477601498365403,9.03442012667656,9.640179693698883,1.6391109265387058,,,,
247,0.00017551075537768884,0.12092358673301835,0.03191175116666424,0.0037105877958917215,0.04160508444765583,0.47941079636414846,8.78941696882248,9.52930275996526,1.6260247230529785,,,,
248,0.0001754112056028014,0.11347265768175324,0.033911780437153996,0.003379640326966182,0.04097344279289246,0.4674570001040896,8.623099044958751,9.308576985200245,1.5803791319330533,,,,
249,0.00017531165582791396,0.12358818901702762,0.03599866902721563,0.0037377835184694654,0.04089485121270021,0.47757048743466535,8.764807949463526,9.526154631376267,1.6428257733583451,,,,
250,0.00017521210605302652,0.1180041886245211,0.03282130459759477,0.0033399720516172236,0.039964320192423956,0.465321186495324,8.641979759931564,9.408524565895398,1.601826182504495,22.77311874902731,0.6119657016117217,23.634466785953023,0.6611261165840298
251,0.00017511255627813908,0.12663830308398852,0.045764022953388425,0.0037006815749919043,0.04167426685647418,0.4799385969837507,8.843976559241613,9.61464502811432,1.6677971832454204,,,,
252,0.00017501300650325165,0.11477773992810399,0.03626134320317457,0.003597285072222197,0.041578645996438963,0.47609060741961,8.743320280313492,9.442845257123311,1.6126018514235814,,,,
253,0.00017491345672836418,0.11720097414993992,0.03715455912639906,0.003783384296608953,0.04082993073000883,0.48050330358867843,8.891511354843775,9.593047825495402,1.6509949093063672,,,,
254,0.00017481390695347674,0.11615565976438423,0.037649414111592706,0.0035934982426018298,0.04098453286569566,0.4750801417976618,8.829921976725261,9.623988658189774,1.6416399399439494,,,,
255,0.0001747143571785893,0.1198413093884786,0.03488475054408203,0.0035439868176278346,0.041249837932021666,0.47850855470945436,8.804618604977925,9.475110417604446,1.6199976444244384,,,,
256,0.00017461480740370186,0.128195563921084,0.04856900955812004,0.003559336538031251,0.040251104595760506,0.4690407345071435,8.716123431921005,9.473676131169002,1.6243743255734444,,,,
257,0.00017451525762881442,0.12159738559275865,0.056241881862653526,0.0036193561007773194,0.041263475730859984,0.4741999741643667,8.802162005503972,9.515179045995076,1.6300859016676743,,,,
258,0.00017441570785392698,0.11815608489948014,0.045150745576726575,0.0034930439323337245,0.041320304145726065,0.47617721538990737,8.812857180833817,9.598671019077301,1.629186396797498,,,,
259,0.00017431615807903954,0.11583170164376497,0.031106676704136287,0.003423843538136377,0.041280676591365285,0.47891509483257927,8.783088966210682,9.505551280577977,1.615599208821853,,,,
260,0.0001742166083041521,0.12125398884527386,0.030175597697370903,0.00390563666272404,0.04122663633121799,0.4766353476482133,8.760940776268642,9.540745810667675,1.6578879103064537,22.79967170988813,0.6129876533548431,23.652491020920355,0.6613810226648593
261,0.00017411705852926463,0.11937835663945104,0.034017009518265695,0.003620390651849448,0.04134416811478635,0.48047150460382304,8.86250718832016,9.52208259900411,1.6283210021754106,,,,
262,0.0001740175087543772,0.1093581159133464,0.037931946055656834,0.003483811662105533,0.04027562264042596,0.4731649313122034,8.692451641956966,9.40578117966652,1.6127505267659823,,,,
263,0.00017391795897948975,0.12243434754976382,0.03297442162046688,0.0037214898514018086,0.04118673680738236,0.4784274303664764,8.823919143279394,9.619781994819641,1.6571685343980789,,,,
264,0.0001738184092046023,0.11391995181329548,0.03489467751986316,0.003658719946057924,0.04075827917549759,0.46896820664405825,8.724313008785249,9.459314415852228,1.6228706620633602,,,,
265,0.00017371885942971487,0.12427485114894807,0.0373076238946093,0.003762427015802435,0.04207796356640756,0.4816272552435597,8.872303160031636,9.668963938951492,1.662605976810058,,,,
266,0.0001736193096548274,0.11297224561373392,0.03710960079747565,0.003702173737959432,0.04154302378495534,0.4812099967772762,8.799769075711568,9.459769749641419,1.624545753498872,,,,
267,0.00017351975987993997,0.12590559565772613,0.0272056445106197,0.003913142285940315,0.04059187084979688,0.466612631517152,8.6738394121329,9.48813286225001,1.6453849119444688,,,,
268,0.00017342021010505253,0.11786445534477631,0.041145535004564714,0.003649352514670075,0.04065505248339226,0.47615147636582456,8.730919241905212,9.499559024969736,1.6346153624355793,,,,
269,0.0001733206603301651,0.1190951215258489,0.031374504262491124,0.003583250039082486,0.04136680079003175,0.47632802550991377,8.715751147270202,9.489912272493045,1.6252709172666073,,,,
270,0.00017322111055527765,0.1196897198834146,0.039221449697697607,0.0038566771529682836,0.041524099942762405,0.4826021393140157,8.813329979777336,9.606474281350772,1.6517818388839562,22.803415605528514,0.6143193052131444,23.65181436272748,0.6615218546558653
271,0.0001731215607803902,0.1187187081668526,0.03217099733487885,0.003632646705955267,0.04152995891248187,0.477707981163015,8.749435528119404,9.4657493074735,1.621267090489467,,,,
272,0.00017302201100550277,0.11351986080408097,0.042292021830273065,0.003481487903991365,0.04128186005788545,0.48218684972574316,8.746026347080866,9.477003351847332,1.6197881345947585,,,,
273,0.00017292246123061533,0.12040612204000353,0.03721449061686144,0.0036017897954783015,0.04110581122804433,0.4753078336517016,8.719704363743464,9.463118143876393,1.6256862098972003,,,,
274,0.00017282291145572786,0.11354456932749599,0.0359335121122361,0.0035466377367508054,0.040039947660019,0.46443206143255034,8.656640593210856,9.353459477424622,1.6037992363174756,,,,
275,0.00017272336168084042,0.12449860873942574,0.040238378898303985,0.003806324861943722,0.04177501994029929,0.48594676665961745,8.809730543692906,9.549656099081039,1.6436404238144557,,,,
276,0.00017262381190595298,0.118799824337475,0.037190535572426596,0.0037297029289523683,0.0408191881258972,0.4764605251451333,8.766080087423324,9.574338833491007,1.6517067015171052,,,,
277,0.00017252426213106554,0.11539632168908914,0.032216097492998114,0.00365513406820052,0.04061913369999578,0.4713845869526267,8.662184435129166,9.405908763408661,1.6228984807928404,,,,
278,0.0001724247123561781,0.10891989140460888,0.03544237333342911,0.0036102908190514425,0.040391326206736265,0.4688435069285333,8.666102252403896,9.365855858723323,1.6036484561860562,,,,
279,0.00017232516258129066,0.12204381096332023,0.03159544080341069,0.0037630125092012654,0.04129308811776961,0.47711744184295335,8.738552953799566,9.506194722652435,1.6344496389230092,,,,
280,0.0001722256128064032,0.11960737749468535,0.04680321027634212,0.003865916210694801,0.0421932242733116,0.48781484172989925,8.83107763727506,9.543113348881404,1.6279859952628613,22.824986084910147,0.6152826720472155,23.663732322082556,0.6619060307055094
281,0.00017212606303151576,0.11865004588228961,0.039369453899401684,0.003545990685476378,0.04123083320446312,0.476508406487604,8.717845545212429,9.44214642047882,1.6083369014163813,,,,
282,0.00017202651325662832,0.11281229729453722,0.03235720570881616,0.0032697619240934727,0.04040729677071795,0.4634979817395409,8.5975290954113,9.26905976732572,1.5640393356482187,,,,
283,0.00017192696348174088,0.10925893924819927,0.027268034020585218,0.003788576339381204,0.040398274606559426,0.4729320154214899,8.661010789871217,9.417486836512884,1.6301241777837276,,,,
284,0.00017182741370685344,0.12104701885643104,0.03771362964351965,0.0035729675968468656,0.04081846665358171,0.4742148709793886,8.713212831815083,9.41546899875005,1.6041496209800243,,,,
285,0.000171727863931966,0.11512838507381579,0.044624308561257445,0.0036466465247940506,0.041047708899714055,0.47536241269359986,8.853896101315817,9.65516567826271,1.6465575781961281,,,,
286,0.00017162831415707856,0.11491433984289566,0.04470245333219888,0.003617540522585235,0.04119720074813813,0.478773994371295,8.74681228796641,9.53345483938853,1.63211125805974,,,,
287,0.00017152876438219112,0.1230660442650939,0.060484421094884055,0.003941708050842862,0.041835078573785725,0.4851552746879558,8.770702600479126,9.553082833687464,1.6330413880447547,,,,
288,0.00017142921460730365,0.1158466668256248,0.06884536250222481,0.0037831487098931877,0.04035187792809059,0.46289516588052115,8.657826965053877,9.4317106316487,1.6159660985072455,,,,
289,0.0001713296648324162,0.1188184103074794,0.037661651559452974,0.0037561744698905385,0.04139406675628076,0.47843932000299294,8.833496671915054,9.59122512936592,1.6415678488711516,,,,
290,0.00017123011505752877,0.11200570191722363,0.03858090319584638,0.0037168726633050636,0.04089606925845146,0.4728645715862513,8.697627510627111,9.490263829628626,1.6273993102212747,22.836295323620742,0.6164847490609552,23.671100798278893,0.6622274902691175
291,0.00017113056528264133,0.11400028108619153,0.03530373625163748,0.003681783265346894,0.04004746760474518,0.4646548178978264,8.553898191452026,9.355893194675446,1.6197722375392913,,,,
292,0.0001710310155077539,0.11323931684407094,0.04452237116599918,0.003630230438041811,0.03981922667783996,0.4633911243950327,8.539001429080963,9.286458835999172,1.5978881259759268,,,,
293,0.00017093146573286645,0.12232859454428156,0.03847153655538023,0.003780435037333518,0.04116486478984977,0.47631101884568733,8.777478416760763,9.54760362704595,1.6465808950364589,,,,
294,0.00017083191595797898,0.11847057800429563,0.042808742242004885,0.0035808435188907123,0.04090540260464574,0.47514568275461594,8.702681334813436,9.46766486565272,1.6192590636511643,,,,
295,0.00017073236618309154,0.11368732792325317,0.037022185058610074,0.0035842471149711247,0.04131342271187653,0.47410718370229005,8.719279164075852,9.4376891374588,1.6072581132253012,,,,
296,0.0001706328164082041,0.11970642038310568,0.03992518924599911,0.003614867317810422,0.04130902181301887,0.4818015116577347,8.829286740223568,9.57218331893285,1.6335715728501479,,,,
297,0.00017053326663331666,0.11570254960873474,0.02956100021945834,0.0036680012475699187,0.040355693983534974,0.46941610490903257,8.612912859519323,9.412206532557805,1.6142059949537118,,,,
298,0.00017043371685842922,0.11650013854571929,0.04712992840955697,0.0034323819555235483,0.04110128925725197,0.4711758028715849,8.716700824101766,9.436796470483143,1.601835797727108,,,,
299,0.00017033416708354178,0.11704889176568638,0.03954028649604879,0.003723757400439354,0.040683541458565745,0.4686292285099626,8.691577404737473,9.495032048225402,1.6376110268135866,,,,
300,0.00017023461730865435,0.11598503508915504,0.03124698585238548,0.003868805455567781,0.04150484189158306,0.4816344749182463,8.774793459971745,9.512709965308508,1.6198055689533553,22.866438299658157,0.6185320084884821,23.68713469815559,0.6625442417046108
301,0.00017013506753376688,0.11280608201244226,0.03294811196877466,0.0037151263133030927,0.04148234964037935,0.4852355064203342,8.852164218823114,9.587456240256627,1.633042474091053,,,,
302,0.00017003551775887944,0.1069083071158578,0.030751124114211357,0.0033855307606548497,0.040263041322274755,0.46640924755483865,8.539178440968195,9.296825933456422,1.5841104072829089,,,,
303,0.000169935967983992,0.11869596696924418,0.030179274564640462,0.0038120890741993206,0.04196461947091545,0.4886108300027748,8.837057602405547,9.60524561405182,1.6460960800449054,,,,
304,0.00016983641820910456,0.10830895002776136,0.029320804886136406,0.0036854636335192483,0.041053065141507736,0.4800035484756033,8.671771347522736,9.5162122964859,1.6258073218166829,,,,
305,0.00016973686843421712,0.1157921188743785,0.03395398572356877,0.003651245449024524,0.04010056173816944,0.468788842856884,8.590246093273162,9.344822227954865,1.6111766539514065,,,,
306,0.00016963731865932968,0.12015107986517251,0.07349387243559326,0.0036060345479199895,0.04089593033616742,0.474206043065836,8.75034729639689,9.509045926729838,1.6264965636034807,,,,
307,0.00016953776888444224,0.11513586631820848,0.04018534786212816,0.0034239888990972153,0.040490883441331484,0.46621085073178015,8.686435228586197,9.490064148108164,1.615493381023407,,,,
308,0.00016943821910955477,0.11601297529414296,0.032441607781083806,0.0036468598238570847,0.04120301076909527,0.4752894388511777,8.695035620530446,9.502033944924673,1.6235165849328042,,,,
309,0.00016933866933466733,0.11670599709420154,0.03869081842332586,0.0036234414351686913,0.04058577794736872,0.47109104283154013,8.641437260309855,9.427533302704493,1.6186679755647977,,,,
310,0.0001692391195597799,0.11696172899877032,0.03351241267861648,0.003412496873716009,0.04080105268706878,0.4724629803871115,8.688715573151907,9.385653775930404,1.6000995554029942,22.86057291927075,0.6186444827344056,23.687935287608802,0.662695365015524
311,0.00016913956978489245,0.1154558314786603,0.030514590289286995,0.0034003647803425943,0.040058046400857465,0.4706558127577106,8.591963489850363,9.417347880204519,1.617092227935791,,,,
312,0.000169040020010005,0.1158561727963388,0.03278641457920533,0.0036731379525008377,0.040610791905783115,0.4746099514886737,8.57804060379664,9.44174991051356,1.6226886627574761,,,,
313,0.00016894047023511757,0.11589128566750635,0.030258188266520845,0.0035878611977750554,0.0409316126916868,0.47612790055572984,8.742814753452937,9.539759540557862,1.6329839701453845,,,,
314,0.00016884092046023013,0.11517098299227654,0.037822123156555185,0.003512264718786658,0.040961961486997704,0.4722760213849445,8.673483779033026,9.474803894758224,1.6195430407921474,,,,
315,0.0001687413706853427,0.1169564042550822,0.036045723788868146,0.00356224223554212,0.0405009512285081,0.4729189520701766,8.650951981544495,9.453556507825851,1.6214225580294928,,,,
316,0.00016864182091045523,0.11063534485486647,0.032511430613575004,0.0035968650442858535,0.04071835294986765,0.47810384575277565,8.69733869234721,9.55527037580808,1.6376581020653247,,,,
317,0.0001685422711355678,0.11832674839533866,0.03192229095506794,0.00389205881607874,0.04125450470019132,0.4849358944843213,8.734125232696533,9.56982264916102,1.639007189621528,,,,
318,0.00016844272136068035,0.11640062061293671,0.024163717377136133,0.0035145352661250704,0.04067945987529432,0.4727837468807896,8.672764499982199,9.459216872851053,1.612225843220949,,,,
319,0.0001683431715857929,0.11268959734588861,0.036302909949192025,0.0036131105941118826,0.0400988916750066,0.46717052813619375,8.636043161153793,9.432247724135717,1.6200270389517148,,,,
320,0.00016824362181090547,0.12117849551141262,0.029150912609694993,0.0037084207171574233,0.04118356245647495,0.47908410721768935,8.724041843414307,9.453511494398118,1.622532920539379,22.84811666998738,0.6187948444282664,23.68775316481092,0.6628777953025027
321,0.000168144072036018,0.11067149811424315,0.030700184112720307,0.0034840936241380405,0.040531106083653866,0.46907875190178555,8.528253853321075,9.21274673740069,1.5741925383607547,,,,
322,0.00016804452226113056,0.11480956648010761,0.033793881059148136,0.003533468464835702,0.04009931697510183,0.4671533798488478,8.517639168103535,9.292116612195969,1.5959963721533617,,,,
323,0.00016794497248624312,0.12242550401327511,0.03314217159219955,0.0036277524924419897,0.040662761637941004,0.4730230329558253,8.663828696807226,9.51386006474495,1.6363875458637873,,,,
324,0.00016784542271135568,0.11242719457950442,0.031047998710721458,0.0036219474094347486,0.04135199548521389,0.4773966468249758,8.698962340752283,9.52184676527977,1.6176237337291242,,,,
325,0.00016774587293646824,0.10289532789029181,0.02952186350480967,0.0033768164089148438,0.039897112222388384,0.4585750748713811,8.43715411623319,9.188927235205968,1.5572478232284388,,,,
326,0.0001676463231615808,0.11838750764727593,0.032835411099207096,0.0037290435220105186,0.03991814547916874,0.4622593466192484,8.597681019703547,9.442217534780502,1.6261632007857163,,,,
327,0.00016754677338669336,0.12144331920426339,0.031525720251170244,0.003583464790669192,0.040795794463095565,0.4716810882712404,8.66016359726588,9.518893694877624,1.6277258788545927,,,,
328,0.00016744722361180592,0.11377091429506739,0.03116055337184965,0.0036377868966762134,0.04053561278851703,0.4689309167986115,8.677564994494121,9.556307087341944,1.638612552235524,,,,
329,0.00016734767383691848,0.11618919159130504,0.044830981914628865,0.003493870077484947,0.0400607443220603,0.46477858268966277,8.576315704981486,9.35559537311395,1.6034983625014623,,,,
330,0.00016724812406203102,0.10918372028972953,0.03655397775024009,0.0036225300528409813,0.040536577518408494,0.470541801986595,8.654823921124141,9.504488637049993,1.6296041550735632,22.874176170982217,0.6203288063889192,23.7023925569978,0.6633153056373343
331,0.00016714857428714358,0.11715926809702068,0.03430717387756203,0.0036403175132970014,0.041001324460376055,0.47634592894464733,8.660280833641687,9.469202385346096,1.6147368947664897,,,,
332,0.00016704902451225614,0.10163216160144657,0.03813018284145831,0.003379530796276716,0.04072914184071123,0.4720863084619244,8.538034341732661,9.268327955404917,1.5677571944892406,,,,
333,0.0001669494747373687,0.11960887174742917,0.03494970305327646,0.0035124883734776327,0.04078758873899157,0.46999448755135137,8.65277874271075,9.445867117245992,1.615340136984984,,,,
334,0.00016684992496248126,0.11956594289901355,0.044240247500821776,0.003471283000544645,0.040760594482223196,0.47435522520293794,8.676908799012502,9.47625387708346,1.608665293455124,,,,
335,0.0001667503751875938,0.11753858138496677,0.0343879847773754,0.0035407305864888863,0.040740497806109485,0.468862384185195,8.568597475687662,9.341145473718644,1.5954753364125887,,,,
336,0.00016665082541270635,0.11461215215579917,0.0406997748424222,0.0035607488785899476,0.03957096650265157,0.46148351098721224,8.460118343432745,9.252751429875692,1.5997675801316897,,,,
337,0.0001665512756378189,0.11656447785596052,0.0386432767407617,0.0034157871078302074,0.040218844299670306,0.4639350312451522,8.596962690353394,9.436517985661824,1.6160255687932172,,,,
338,0.00016645172586293147,0.10975878473060827,0.03670227398803263,0.0035825071653865356,0.04000765474435563,0.4606191990276178,8.585378209749857,9.329962396621704,1.5967949589093526,,,,
339,0.00016635217608804403,0.1265905350834752,0.04253485535727274,0.003694639163344012,0.0402636113576591,0.46415772068624694,8.608516214291255,9.441888630390167,1.6314633950591086,,,,
340,0.0001662526263131566,0.11559431735270967,0.03460513850263851,0.003628721726151222,0.040817964488329986,0.47625624959667523,8.736166465282441,9.513012991348903,1.6314160662392776,22.89247329960904,0.6210837786516444,23.717342190245002,0.6636957964421443
341,0.00016615307653826915,0.10996992536044368,0.03825726779965256,0.0034289871280634545,0.04012128270308798,0.46808094773441555,8.546463565031688,9.263678032159806,1.5837491266429424,,,,
342,0.0001660535267633817,0.11550348515932758,0.027432819454747914,0.0035375841476100807,0.040422575261133416,0.4707174414768815,8.614140333731969,9.459021274248759,1.618312702079614,,,,
343,0.00016595397698849427,0.12554049928827832,0.039640304025067505,0.0037035804091525887,0.04145300188101828,0.47818196658045053,8.737881590922674,9.566457784175872,1.646856246640285,,,,
344,0.0001658544272136068,0.11141811067548892,0.034865012182960224,0.003455830395250814,0.04002145907143131,0.46324986858914297,8.468952532609304,9.319038438796998,1.589623821278413,,,,
345,0.00016575487743871936,0.1139070249395445,0.025115383311246357,0.0038182585675410035,0.04106635951126615,0.4820390121700863,8.657724100351334,9.482295177380244,1.636232822885116,,,,
346,0.00016565532766383192,0.11659758595439294,0.03796847778051339,0.0034030196269062194,0.04091795389540494,0.47636902139832576,8.661566311120987,9.37503642042478,1.5951213871439298,,,,
347,0.00016555577788894448,0.11257450776174664,0.03574837488643349,0.0034941029911957837,0.041217216348741204,0.4794066751686235,8.680195579926172,9.46114541689555,1.605189324915409,,,,
348,0.00016545622811405702,0.11193957147188485,0.02546368608383697,0.0034054701203785954,0.04034038704509536,0.469337240109841,8.638747229178746,9.423893759648005,1.5948250147203604,,,,
349,0.00016535667833916958,0.11401465409435332,0.03748149057274001,0.0036234998491030033,0.04040394162293524,0.46400704036156337,8.52637714544932,9.365980358918508,1.6131373231609663,,,,
350,0.00016525712856428214,0.11299070261884481,0.04980555431618162,0.003435096829707618,0.040415120939724145,0.4686966582511862,8.511884516477584,9.242165464162827,1.5763563570876917,22.87750011231403,0.6218607145449452,23.702281340825962,0.6639770365873278
351,0.0001651575787893947,0.1096772782659779,0.035248874141613366,0.0035668321209717155,0.040642904187552634,0.4739662155819436,8.573595784107845,9.354657741387685,1.598303637901942,,,,
352,0.00016505802901450726,0.11642390210181475,0.032401933490734794,0.0034475438192506165,0.039942889800295235,0.4655239455401897,8.489475655555726,9.287768042087555,1.5848580012718836,,,,
353,0.00016495847923961982,0.12475936178428432,0.03908158821172189,0.003693576270355455,0.04151897810709973,0.4809072309484084,8.710499272743862,9.53074562350909,1.6330037958920003,,,,
354,0.00016485892946473238,0.11139475959353148,0.03444567164354642,0.0034299922785673213,0.03996340233134106,0.46266329164306325,8.566599426666896,9.335161674022675,1.5959613524377345,,,,
355,0.00016475937968984494,0.11383047936639439,0.03544347204125036,0.003615201202107225,0.03972066041120949,0.4634078779257834,8.572170050938924,9.334878820180894,1.6088446105519931,,,,
356,0.0001646598299149575,0.11176243460116288,0.033054014263818016,0.003519860332623163,0.04111827340287467,0.4744609473273158,8.673986321687698,9.525646088520686,1.617723103861014,,,,
357,0.00016456028014007006,0.12305133817717433,0.03417760912648949,0.0035071521189820485,0.04080539828864858,0.47227220634619393,8.597400214274725,9.476385052998861,1.6265113686521848,,,,
358,0.0001644607303651826,0.10741720186391225,0.03163349665829476,0.0032967798670748985,0.03973340488737449,0.45731634938468535,8.380619424581528,9.126039485136667,1.5470329359173776,,,,
359,0.00016436118059029515,0.10767690462525933,0.030168330202627658,0.0033904025422695364,0.04014189784259846,0.46926088038211067,8.463487497965495,9.215004640817643,1.5652632934351762,,,,
360,0.0001642616308154077,0.11724843008754154,0.028622609012249237,0.0034230676525718686,0.039936139741136384,0.4587428864091635,8.513615127404531,9.297169635693232,1.5918964172403018,22.88230510117773,0.6224114315673058,23.715024143920346,0.6644107136618342
361,0.00016416208104052027,0.11249600102504094,0.04862584141783373,0.0033703655699355295,0.04000537204168116,0.4660386646166444,8.572644438346227,9.346568938096365,1.5971054365237554,,,,
362,0.0001640625312656328,0.11832166907843203,0.047136558333651615,0.0036475945124645175,0.040690775774419305,0.47107588263849415,8.578297132253647,9.473211350043615,1.6354301609098911,,,,
363,0.00016396298149074537,0.11274683300095299,0.027912771385676174,0.003647531848885895,0.04138452954745541,0.4815996766090393,8.753144615888596,9.533289472262064,1.61874230230848,,,,
364,0.00016386343171585793,0.11463282136246562,0.03126646109611784,0.0036998720705014422,0.04101247888368865,0.47765421519676843,8.636266613006592,9.491498470306396,1.6350532832245033,,,,
365,0.0001637638819409705,0.12049181960367908,0.035034013496431274,0.003490854560974791,0.0407402966869995,0.4712622481398284,8.668231350183486,9.522397953271867,1.6198599636554718,,,,
366,0.00016366433216608305,0.11902061926666647,0.04049893896144567,0.0037745541909923,0.0399879501045992,0.46600789114212,8.559286826848984,9.380336262782414,1.6237887367606163,,,,
367,0.0001635647823911956,0.11410303459657976,0.04743983302631326,0.0033942853225501796,0.04024884943307067,0.4629897279664874,8.506316421429316,9.300654892126719,1.5935575731098652,,,,
368,0.00016346523261630817,0.11112031214870513,0.029924231440446647,0.0032905010590184246,0.04008058604473869,0.46505668070167305,8.473393217722576,9.23610014518102,1.5703274933000406,,,,
369,0.00016336568284142073,0.11158510260283946,0.038537204119268156,0.003603477792724637,0.040314247734689466,0.4699990048073232,8.572038213411966,9.377112162113189,1.602916173140208,,,,
370,0.0001632661330665333,0.11991027670446783,0.03455144527225684,0.0035064088806393556,0.040603324386756866,0.47226277527709803,8.604658677180607,9.410746653874716,1.6017036567131677,22.897188182650076,0.623264442978742,23.711615017928256,0.664732314754037
371,0.00016316658329164582,0.11057783622139444,0.03866782574512324,0.003330843842801793,0.039563805283978584,0.4603892998148998,8.434783977270126,9.212481049696605,1.5774828128516674,,,,
372,0.00016306703351675838,0.11337091095435123,0.032417475403902545,0.0035827695721915615,0.04039314657760163,0.47012693285942075,8.671861414114634,9.521929148832957,1.6264837180574736,,,,
373,0.00016296748374187094,0.11936565311625599,0.03044191398730618,0.0034330161346588285,0.041416682737569016,0.47454332237442337,8.643045663833618,9.474244916439057,1.6106325060129165,,,,
374,0.0001628679339669835,0.10602210860233754,0.06776211147332939,0.003299571738019343,0.0394283693904678,0.4614034033070008,8.479596932729086,9.143835785984994,1.55768312488993,,,,
375,0.00016276838419209606,0.10887990125920624,0.041069881410339806,0.0035311155266147883,0.04008911117368067,0.4699449922889471,8.527384515603384,9.240069957574208,1.5899642400443554,,,,
376,0.00016266883441720862,0.1123503795824945,0.029583105741213936,0.0037285208991913047,0.04063315111755704,0.475991933606565,8.587890428304672,9.478901014725368,1.6287164216240246,,,,
377,0.00016256928464232116,0.11147379173586766,0.0351777197745226,0.003303940662347789,0.039731277366324015,0.4614076578989625,8.554274408022563,9.344808032115301,1.5894561278323331,,,,
378,0.00016246973486743372,0.11384878853180756,0.03395773036725132,0.003425697756756563,0.04028359295722718,0.46468353966871895,8.623352340857188,9.473443641265233,1.611988512178262,,,,
379,0.00016237018509254628,0.10896576705078284,0.028417839182426026,0.003445070086308988,0.03954091009606297,0.45951881976798176,8.407291372617086,9.175680549939473,1.570630644261837,,,,
380,0.00016227063531765884,0.10656053155350188,0.03262361629988959,0.0035172171365654018,0.03976425908816358,0.4609453103505075,8.509795530637104,9.346993951002757,1.5973144300282,22.909869048384078,0.6241225479216408,23.725557235533838,0.6651632427881269
381,0.0001621710855427714,0.11621153851350148,0.028392729744249817,0.0034302765137302535,0.039246188236090045,0.45535857789218426,8.401676511764526,9.145857844750086,1.5656242387990156,,,,
382,0.00016207153576788396,0.11470421622507274,0.039937156147076776,0.0034579249174991372,0.04015279969898984,0.4692675802235802,8.538187326987584,9.272786968946457,1.588031204789877,,,,
383,0.00016197198599299652,0.11045946710122129,0.0259757309272383,0.0034938075629421896,0.04101949454828476,0.4773087150727709,8.651453778147697,9.475575689474741,1.6087654680013657,,,,
384,0.00016187243621810908,0.113611235578234,0.028460933566475433,0.003510867188500318,0.04023173547660311,0.45844567331175007,8.615058815479278,9.443167306979497,1.6084679106871287,,,,
385,0.0001617728864432216,0.10966276543525358,0.03868727055576831,0.0034581971348719284,0.03974441029907515,0.46505563507477443,8.404610361655553,9.177939734856288,1.5751569087306658,,,,
386,0.00016167333666833417,0.10991523447446525,0.04509134603024449,0.0033228011336177586,0.04076215640331308,0.47221356264005104,8.633882403373718,9.432699157794316,1.595324488480886,,,,
387,0.00016157378689344673,0.11133236925428112,0.03850325400712791,0.0035251032163311417,0.0404603749474821,0.4672952825203538,8.604151978095372,9.420317087570826,1.603600919743379,,,,
388,0.0001614742371185593,0.11643487824282299,0.03045393113815938,0.00357710023636173,0.04026119242189452,0.4624834770336747,8.568447721004485,9.43400655388832,1.6106915319959323,,,,
389,0.00016137468734367185,0.11468754610978067,0.037842143488520226,0.0033735352035970815,0.04060878369103496,0.47218937482684853,8.563345505793889,9.371818137168884,1.5977894375721613,,,,
390,0.0001612751375687844,0.10815545371733606,0.03220883216351922,0.0033059382417680657,0.039528806224310147,0.46378099570671716,8.398814050356547,9.243214478095373,1.571566245953242,22.90454416163061,0.6246574069185851,23.720838133080104,0.6653770868047223
391,0.00016117558779389694,0.11438200416353841,0.04638356849656778,0.0036426226535089274,0.040464596267944825,0.46978782132888836,8.443725067377091,9.28221446077029,1.5963193369408448,,,,
392,0.0001610760380190095,0.11275148251249144,0.029485634929949357,0.003594762422411198,0.04006045407926043,0.46700993881871306,8.554394561052323,9.384266859292984,1.614279189457496,,,,
393,0.00016097648824412206,0.11556256785988808,0.026544968218435844,0.003471074597837287,0.0396980663218225,0.4588854670835038,8.437201301256815,9.247470599412917,1.5837722676495711,,,,
394,0.00016087693846923462,0.10442254831238339,0.024825472877294412,0.003019472456192792,0.03940046776939805,0.4561101831185321,8.379107597470284,9.155229565501212,1.541176653901736,,,,
395,0.00016077738869434719,0.11020690517034382,0.023651927013437064,0.0035397040238118885,0.040048950887285176,0.4664410433731973,8.485377252101898,9.290379625558852,1.590343360354503,,,,
396,0.00016067783891945975,0.11950621577755859,0.02812895793635069,0.003532100778708506,0.04136014740215614,0.48228891488785547,8.660235091050465,9.571263124545416,1.6366811762253444,,,,
397,0.0001605782891445723,0.12232803479613115,0.03450408607714242,0.0036681610247493762,0.040750978549476714,0.4716433153798183,8.574702219168346,9.384835557142894,1.6114428843061128,,,,
398,0.00016047873936968484,0.11888597742654383,0.03534536090205241,0.003616345210078483,0.03952622299160188,0.45611075504372517,8.51524937748909,9.416858504215876,1.6254950647552808,,,,
399,0.0001603791895947974,0.1161951026180759,0.03287055326787254,0.00337320638706539,0.03990452388146271,0.46398567588378986,8.559760773181916,9.361484446128209,1.596745706597964,,,,
400,0.00016027963981990996,0.11552130250881115,0.03105311748298997,0.0034378708696749527,0.03970496316129963,0.46205887471636137,8.474473867813746,9.253769246737162,1.5777316498259704,22.923552014204855,0.625464099645834,23.736032580891614,0.6657994504760217
401,0.00016018009004502252,0.1095778768338884,0.027245856957011937,0.003372035248624646,0.03994106927808995,0.46949192105482024,8.547378865877787,9.40108456214269,1.597441924115022,,,,
402,0.00016008054027013508,0.10755869256487736,0.02591584893948872,0.0032985771912838876,0.03991223806515336,0.46570102982223033,8.486012097199758,9.347851874430974,1.5799944373468557,,,,
403,0.00015998099049524764,0.11466748759460946,0.05222185064481361,0.003379258713175659,0.04017759858009716,0.4675499908005198,8.516640535990398,9.311605815092722,1.5847979009151458,,,,
404,0.00015988144072036017,0.10505117244708041,0.029410943833837185,0.003210728222529724,0.0385917602883031,0.45014688645799955,8.291489978631338,9.091330017646154,1.5502971917390824,,,,
405,0.00015978189094547273,0.11024191163014621,0.024396837506589008,0.0034275419820914976,0.039977999376909185,0.46494376144061483,8.542666016022364,9.392821514606476,1.5920025100310644,,,,
406,0.0001596823411705853,0.11263762960831324,0.02791255603223893,0.00348882065967094,0.04078021209764605,0.4779555185387532,8.589552315076192,9.436051070690155,1.6061424498756727,,,,
407,0.00015958279139569785,0.10968476760511597,0.024891743214701022,0.0032995344653803235,0.04001942439159999,0.4703449284036954,8.47004196246465,9.342068129777909,1.5888304750124613,,,,
408,0.0001594832416208104,0.10391239346936346,0.0334384653508702,0.003327754979727615,0.04025706370982031,0.47008285066112876,8.472597434123356,9.268633039792379,1.571955486635367,,,,
409,0.00015938369184592297,0.11163646303272495,0.03119185809047546,0.003489156325728497,0.040141354377071066,0.46995019357030593,8.508301887909571,9.32772565682729,1.59625382249554,,,,
410,0.00015928414207103553,0.12342469450086355,0.0439641353448413,0.003543678423072076,0.04060134199680761,0.46936075761914253,8.571850441892941,9.481505411863328,1.6194271273910998,22.963376112870037,0.6263271784610318,23.761866387868587,0.6661667470303603
411,0.0001591845922961481,0.10966272050670038,0.036706583795817475,0.0034516640017197156,0.03978931773453951,0.4622916158599158,8.459959503014883,9.313687679171561,1.6050113732616107,,,,
412,0.00015908504252126063,0.11054053413681686,0.039304245521141944,0.003122627168947171,0.03914038379443809,0.45346447695046666,8.376221694548924,9.18501446445783,1.5604305217663448,,,,
413,0.0001589854927463732,0.11660327939316631,0.0453792538014568,0.003445116833730329,0.040600170753896235,0.4661192441359162,8.555056329568227,9.524762523174285,1.6149848120907941,,,,
414,0.00015888594297148575,0.1137570456446459,0.0347188201094203,0.0032815023142272063,0.0409383434530658,0.4753849994080762,8.623950443665187,9.394111732641855,1.5826350890100003,,,,
415,0.0001587863931965983,0.11375586526313176,0.027314082326751078,0.003281115461868467,0.03931413735651101,0.45680082257216176,8.385895625750225,9.23798028230667,1.5691480283935866,,,,
416,0.00015868684342171087,0.11145962905914833,0.04241321810480182,0.0032765485382090748,0.040268561721313746,0.46545210005715487,8.54095238049825,9.350264797608057,1.5796219281852246,,,,
417,0.00015858729364682343,0.10853211615855494,0.02947224500021169,0.0033301246913955158,0.04024215936272715,0.4634203678307434,8.512776865561802,9.376060380538304,1.5873716846108437,,,,
418,0.00015848774387193596,0.11339507579493026,0.041758455968010824,0.0036338473759921423,0.040652930121480794,0.4730941098804275,8.52228114803632,9.376668918132783,1.6132968246936799,,,,
419,0.00015838819409704852,0.10970071450962375,0.02944361752165226,0.003230618005030313,0.03966419963398948,0.46001801068584125,8.39964083035787,9.281103499730428,1.5752895325422287,,,,
420,0.00015828864432216108,0.11515102834285547,0.024311276362889583,0.0033506177504023073,0.04028725065678979,0.4733687321965893,8.516386771202088,9.324546827872593,1.5881284120182195,22.961159880153012,0.6271754896016264,23.76795784104878,0.6663193762093464
421,0.00015818909454727364,0.1094036999080951,0.03853853920002545,0.003417750149795514,0.03982325283965717,0.46298908119400345,8.428958016633988,9.289878608783086,1.5952457802991071,,,,
422,0.0001580895447723862,0.10945729916760077,0.0347885598252636,0.003498237284293282,0.04069861544218535,0.47406353494152426,8.57951800028483,9.43393731713295,1.6055380317072074,,,,
423,0.00015798999499749876,0.11126265975957116,0.0319215889780575,0.003297063747352998,0.03996643007655318,0.46704959493751325,8.497650571664174,9.36526022752126,1.5867639891803265,,,,
424,0.00015789044522261132,0.11083757591744264,0.032639868355274375,0.0032946422942283487,0.0407397335783268,0.471793454606086,8.565253951152165,9.380664505561192,1.580690892537435,,,,
425,0.00015779089544772388,0.11139554479159415,0.034163534571786155,0.0035431272191393266,0.03999743590829894,0.46432390085731945,8.515164387226104,9.412569594383239,1.6163970212141672,,,,
426,0.00015769134567283644,0.11075109640757243,0.05552029465282734,0.003287257204647176,0.039866318747711675,0.45566658666357396,8.457733621199926,9.336894591649374,1.5871521646777789,,,,
427,0.00015759179589794898,0.12236139493373534,0.03225732262846274,0.0034380109136691317,0.040049817560551065,0.4688215422133605,8.546872907876969,9.431260234117508,1.6047376063962777,,,,
428,0.00015749224612306154,0.11233606395932536,0.024978463132989268,0.0034284063148030935,0.039641605298190066,0.46094244364649056,8.411990155776342,9.363877407709758,1.5936509393155576,,,,
429,0.0001573926963481741,0.11393515990736584,0.038013931289869636,0.0034284741506780845,0.040605085878632964,0.466361561914285,8.49754118124644,9.335600052277247,1.5906628084679444,,,,
430,0.00015729314657328666,0.11375655125981818,0.0408673850445742,0.0034310006454082516,0.04034472180452819,0.4657621641643345,8.52261494199435,9.344783081610997,1.5955447805424532,22.976753345571794,0.627289190443927,23.78009851106968,0.66660534939595
431,0.0001571935967983992,0.11339457270999749,0.03617477243515168,0.0033151188495442814,0.03946359558030963,0.46163305391867954,8.407059917847315,9.25915968020757,1.5776769282917182,,,,
432,0.00015709404702351175,0.10993114568603536,0.051818678191542254,0.003446115886011588,0.04003819115071868,0.4639141955102483,8.483361999193827,9.235127280155817,1.5735515733559926,,,,
433,0.0001569944972486243,0.11295976092418035,0.02723898841032527,0.0035792441619075057,0.041137919023943446,0.4793479491646091,8.626539868116378,9.542312049865723,1.6204423705736797,,,,
434,0.00015689494747373687,0.11151548844451706,0.025825575722630372,0.0033595917075823914,0.03962699183806156,0.4589436569561561,8.45670509537061,9.29807094335556,1.5858527573446433,,,,
435,0.00015679539769884943,0.11201341224368662,0.026671568625226884,0.0033007942390516592,0.039100796162771685,0.45267898580059407,8.360705397526424,9.185437528292338,1.562560352186362,,,,
436,0.000156695847923962,0.11844181638055791,0.02608940067978741,0.0036382930340550955,0.04044604095397517,0.46986507161830865,8.507233435908953,9.387103560566903,1.6043461675445239,,,,
437,0.00015659629814907455,0.1146823623838524,0.035689927442348335,0.003419691550152493,0.040032575908117,0.465738942908744,8.38831642071406,9.239011734724045,1.5766893794139227,,,,
438,0.0001564967483741871,0.10875969782161216,0.0396543845370104,0.0033846995336110314,0.0388269336350883,0.4512495374927918,8.372452469666799,9.221539509296417,1.5806374023358027,,,,
439,0.00015639719859929967,0.11132247852316747,0.028041244490394017,0.003389483555535359,0.03981648568296805,0.4636484769483407,8.453559108575185,9.365701655546824,1.5970489785075188,,,,
440,0.00015629764882441223,0.11526405436452478,0.028852925701416628,0.003522872389294207,0.040599004974743974,0.4702408611153563,8.640176431337993,9.486544398466746,1.6138025427858034,22.974999629203843,0.6282849893914705,23.773814440709028,0.6668175473602506
441,0.00015619809904952476,0.11517971104476601,0.039030288564553456,0.003350454766162632,0.03920530487084761,0.45234839962795376,8.358112827936809,9.219165011246998,1.576227030158043,,,,
442,0.00015609854927463732,0.10961928545342138,0.038562139540029725,0.0032738210781341572,0.04063565929730733,0.4766089850415786,8.581289454301197,9.358325285712878,1.5797409576674302,,,,
443,0.00015599899949974989,0.10296334795032938,0.024164490933026174,0.0031124553019859984,0.03882099245286857,0.4514983002717296,8.295796175797781,9.080534195899963,1.5350773928066095,,,,
444,0.00015589944972486245,0.1082248037836204,0.03446181305210416,0.0035055330593119533,0.04004490118240937,0.4710914080341657,8.443817665179571,9.31825403769811,1.5956572172542414,,,,
445,0.00015579989994997498,0.10815200412956377,0.04321074930151857,0.003411235078480483,0.040055733697954565,0.467523134034127,8.47519090572993,9.254249568780264,1.5819961972534657,,,,
446,0.00015570035017508754,0.10811102492734789,0.03125207307943659,0.003501669820555738,0.04032977833800639,0.46819986812770364,8.538642364740372,9.413819293181101,1.6048327575127284,,,,
447,0.0001556008004002001,0.10868941834196448,0.023889925066436037,0.0034242553454532755,0.039291234128177165,0.4587292533988754,8.428123199939728,9.2768776456515,1.5834987836579482,,,,
448,0.00015550125062531266,0.11104064496854942,0.0272198497507001,0.003306333195178013,0.039661963833107924,0.45726097244769337,8.347559811671575,9.275962444146474,1.575533353537321,,,,
449,0.00015540170085042522,0.10475907118525356,0.033521449416457474,0.0032154813502832742,0.03944069657009095,0.458659157777826,8.487597133715948,9.337932175397873,1.5729505389928817,,,,
450,0.00015530215107553778,0.10967532234887283,0.03697325837527217,0.0032334563443631244,0.039689965107633424,0.4618258373811841,8.413118247191111,9.242556536197663,1.5692929225663343,22.976358180814834,0.6283838381971674,23.779263281076158,0.6670767522298731
451,0.00015520260130065034,0.11215690695680677,0.03543000287910824,0.0034229463581747646,0.04006582029008617,0.4644139701500535,8.496358734369277,9.304573887586594,1.589809603492419,,,,
452,0.0001551030515257629,0.11237051271212598,0.03702346766459641,0.0036165627055500713,0.04007190957975884,0.46889761748413245,8.525579903523127,9.461776796976725,1.6246566832065583,,,,
453,0.00015500350175087546,0.11019171827162305,0.02947255389972838,0.0033610732907012183,0.04020129740626241,0.4686719052804013,8.487915768225987,9.339822282393774,1.585255544881026,,,,
454,0.000154903951975988,0.11034785686836888,0.03132164478617104,0.003369195390526632,0.0393690802816612,0.45914460755884645,8.433260663350422,9.284960035483042,1.5782458402216435,,,,
455,0.00015480440220110055,0.10753994218539446,0.0282759069708239,0.003274844374269984,0.039515139306119336,0.4614392425864935,8.373826968669892,9.222239313522975,1.56468598023057,,,,
456,0.0001547048524262131,0.11275021185477575,0.03326920655210681,0.00342333388531794,0.040069352742284535,0.4692710594274104,8.45974905292193,9.354895067214965,1.5929940241078535,,,,
457,0.00015460530265132567,0.11693549247769018,0.03855883353908591,0.003454602782464159,0.039459373782544084,0.45378985327358046,8.412057650089263,9.291367383797963,1.585597562044859,,,,
458,0.00015450575287643823,0.1124412136307607,0.028864858863539667,0.00329863271896708,0.03969595781139409,0.46141023160889744,8.351129255692165,9.144190593560536,1.5593646881481011,,,,
459,0.00015440620310155077,0.11288949309382587,0.028623596448610063,0.0034322612977121026,0.040259760532838605,0.46672245897352693,8.505159854888916,9.297986388206482,1.5756505670646825,,,,
460,0.00015430665332666333,0.1133003571924443,0.03878449616558631,0.0033978273244429148,0.04020836889200533,0.4704693998831014,8.506860721111298,9.305001175403595,1.5840755579372248,22.964628320404888,0.6290070649614121,23.770357745033813,0.667126700145378
461,0.0001542071035517759,0.10818316377699375,0.030763525151085484,0.0033451707815402186,0.03955716817096497,0.4609998349410792,8.325693468252817,9.153337006767591,1.5569374452034632,,,,
462,0.00015410755377688845,0.1122151399574553,0.03508817423752362,0.0034241715708049013,0.040913945929302524,0.4794266855965058,8.59480117360751,9.367002673943837,1.5906857945024968,,,,
463,0.000154008004002001,0.10897525434071818,0.03304760046283187,0.0034998617940194283,0.04084379175134624,0.4785856942956646,8.599857437610627,9.432160846392314,1.604326730966568,,,,
464,0.00015390845422711357,0.11283211614160488,0.03802702020667349,0.0032060457597860173,0.04030931690164531,0.4598427318657438,8.460741366942724,9.344180983304977,1.5812957706550756,,,,
465,0.00015380890445222613,0.1155561860340337,0.028436913290518836,0.0031952953247431043,0.03994449997165551,0.46293420024837056,8.466973594824474,9.34608753124873,1.5836813477178415,,,,
466,0.0001537093546773387,0.11063555657553176,0.03238738331396765,0.003171908285852017,0.03894536555356656,0.45288548357784747,8.36340953807036,9.250227198998134,1.5703405557821195,,,,
467,0.00015360980490245122,0.11560328425063442,0.02154169007952381,0.0033575821855871863,0.039930317267620315,0.4653029538070162,8.47848937511444,9.447817786534626,1.609623792519172,,,,
468,0.00015351025512756378,0.10338571442601581,0.03022012424298358,0.0031748623498666956,0.03914454458669449,0.457103056460619,8.369698103268941,9.150389158725739,1.551907116919756,,,,
469,0.00015341070535267634,0.10779730157616238,0.027965882053500004,0.003296912731457269,0.03988277063084145,0.4632393705348174,8.420999034245808,9.284863662719726,1.5737600391109785,,,,
470,0.0001533111555777889,0.11067588047590107,0.026805772201686295,0.0032730363154162964,0.04035354838318502,0.4659799681045115,8.43956947127978,9.318116712570191,1.5703063160181046,22.963946580355746,0.6294340169296911,23.77118600110856,0.6672856008799349
471,0.00015321160580290146,0.10853901593945921,0.030635717293220448,0.0032743756883670963,0.03968875807477161,0.4626161007831494,8.451997594038646,9.33280652364095,1.5819404318928718,,,,
472,0.00015311205602801402,0.11770493499934673,0.02799285899515098,0.0034263099699577046,0.03921740937512368,0.4583587243532141,8.37852810025215,9.21919601559639,1.5832313433289529,,,,
473,0.00015301250625312656,0.11221716573927551,0.0321314758927618,0.0036093834742738787,0.04016679379080112,0.4694450514391065,8.493973182638486,9.306906870007515,1.5874289851635695,,,,
474,0.00015291295647823912,0.10932169066897283,0.029669206438749523,0.0034571566933057816,0.039066955567492796,0.45536761932695907,8.367047212521236,9.165774983167648,1.5590721207360427,,,,
475,0.00015281340670335168,0.10677435613858204,0.026845186501188324,0.003295005429329952,0.03951243900616343,0.46200908596316975,8.439640710751215,9.328158928950627,1.5853133966525397,,,,
476,0.00015271385692846424,0.11120483842678368,0.035005691343139723,0.0034019364348447803,0.038884353164273,0.4519399758428335,8.30311279296875,9.222200890382132,1.5774893186986447,,,,
477,0.0001526143071535768,0.10244567298796028,0.0370491415348359,0.0032807514335218,0.03956284307253857,0.46049822432299453,8.40589535832405,9.211148583889008,1.5575264779229958,,,,
478,0.00015251475737868936,0.1005427464765186,0.028654075396768047,0.0033876360982200517,0.039267952740192416,0.456120654878517,8.345994758605958,9.226860489447912,1.5767941775421301,,,,
479,0.00015241520760380192,0.10973954764194786,0.038376694093652,0.003301834800367942,0.039821670992144696,0.45996874691918493,8.374587754408518,9.252317015329997,1.5747553837796053,,,,
480,0.00015231565782891448,0.1185371786976854,0.03676863810968598,0.0034044631115345207,0.03983763923170045,0.4658801527072986,8.36704132159551,9.24802468419075,1.5717940042416254,22.943714661000975,0.6301488873775469,23.763735947760413,0.6675150812828681
481,0.000152216108054027,0.11477231569588184,0.03902827790389362,0.0035123830356193746,0.039863617865679164,0.4632248883135617,8.48917116324107,9.35792330900828,1.598458930850029,,,,
482,0.00015211655827913957,0.11557189437250297,0.03280230895878731,0.0033871802062397666,0.03942859637318179,0.4538355194032192,8.432300239801407,9.382829310496648,1.6006547850867112,,,,
483,0.00015201700850425213,0.114476951607503,0.02740911482806041,0.0035799604633211858,0.04027764824762319,0.4661812025743226,8.476305991411209,9.380781861146291,1.591190975656112,,,,
484,0.0001519174587293647,0.11003101279493421,0.0275433312257879,0.0031773053434638616,0.03970569083855177,0.4620707188732922,8.415015174945195,9.23318916161855,1.5629128843545914,,,,
485,0.00015181790895447725,0.10906359036453069,0.025086556925733323,0.0034503382059483554,0.039763198746368286,0.4661561256274581,8.476762970288595,9.298010871807735,1.5822607730825742,,,,
486,0.0001517183591795898,0.10413244954155138,0.02857784364288136,0.003194687514163282,0.03935740647139028,0.4596116152902444,8.298739824692408,9.069785006841023,1.5450590242942175,,,,
487,0.00015161880940470234,0.11066553435133149,0.04878294706016391,0.003411761639411755,0.0400848160420234,0.4696842160696785,8.501948028802872,9.318481292327245,1.5882569193840026,,,,
488,0.0001515192596298149,0.11999796982854605,0.03151037778500267,0.0033748342658630765,0.03978134827533116,0.45965073894088465,8.391220553716023,9.248364160458246,1.5826803773641587,,,,
489,0.00015141970985492746,0.12147535920764009,0.029403264454613994,0.003527107379886729,0.0396391822063985,0.45890131207803886,8.349314537644386,9.202779265244802,1.5784563223520915,,,,
490,0.00015132016008004002,0.11027674203117689,0.026814163787958024,0.0033700232098150687,0.040902568578409654,0.47669413772722086,8.494755951563517,9.331778490543366,1.5761830056707065,22.969689649731457,0.6302101455425659,23.791867911737082,0.668048419452063
491,0.00015122061030515259,0.10870212418182443,0.026772169714678284,0.0031922996575303843,0.03928031170119842,0.4545388049911708,8.349870409568151,9.200491040945053,1.5629404087861378,,,,
492,0.00015112106053026515,0.11096100291858117,0.0317103572447517,0.0033018287392527173,0.0393813392574278,0.4594984345138073,8.327241810162862,9.216451694567999,1.5764945345620314,,,,
493,0.0001510215107553777,0.11280783514957875,0.030397219277214543,0.003481098558404483,0.040967674894879264,0.4751154447595278,8.482357974847158,9.369242014487584,1.5906343114872774,,,,
494,0.00015092196098049027,0.11468771753522257,0.030945987792739514,0.003383317850481641,0.03995929320420449,0.4580723727121949,8.451918947696687,9.391979171832402,1.5981835986177126,,,,
495,0.0001508224112056028,0.1085885367433851,0.032360005805714805,0.0032370844952917346,0.038666376611217856,0.4529204159975052,8.32080059448878,9.138350590070088,1.5531590357422829,,,,
496,0.00015072286143071536,0.10317236240177105,0.03538692026457018,0.0031528158261304876,0.03975885877929007,0.4617228099765877,8.455446283022562,9.282885818680127,1.5622243943313758,,,,
497,0.00015062331165582792,0.10624196597685416,0.03875656679391947,0.003433930842220434,0.039848726126365364,0.46547109403957926,8.38459982573986,9.214157036940257,1.568886641661326,,,,
498,0.00015052376188094048,0.11416655454474191,0.026654353424697776,0.0035144467516753744,0.03953134278417565,0.46074453499168155,8.309544946750005,9.165261548757552,1.5789327591657638,,,,
499,0.00015042421210605304,0.1097808055424442,0.03587782798911879,0.003358389693433613,0.03980766230961308,0.46928173433989284,8.486996634801228,9.35839636127154,1.5966713458299637,,,,
500,0.00015032466233116557,0.10939855991552273,0.0429374320149672,0.0033200835077877855,0.04042622030247003,0.4729170151986182,8.471524188915888,9.34048264026642,1.57943216090401,22.977119550515635,0.6305080592168072,23.81208356714442,0.6685029167897224
501,0.00015022511255627813,0.10616014950598279,0.030098957580779975,0.003177879977132155,0.03967182632768527,0.46468770438805224,8.3976995408535,9.241584690411885,1.5611376802126566,,,,
502,0.0001501255627813907,0.10901363241331032,0.03008564224940642,0.0032438575271953596,0.03943549041093017,0.46189714027568696,8.403067789475124,9.184865294893582,1.555393248051405,,,,
503,0.00015002601300650325,0.11187632748236259,0.030243741358901843,0.0032766553604839524,0.03904281766153872,0.45539083632950983,8.227910874287288,9.078804554541906,1.5509494756658873,,,,
504,0.00014992646323161581,0.1083466794497023,0.027742869013222086,0.00323201083871633,0.03939973859814927,0.45665097447733083,8.372345560789109,9.19819125731786,1.5578653141856194,,,,
505,0.00014982691345672837,0.10771435351731877,0.035521313378685214,0.0032564177784176235,0.038932226834973944,0.45650673160950345,8.381724280118942,9.255086255073547,1.5807953159014383,,,,
506,0.00014972736368184093,0.10901423592586071,0.02783109942692287,0.0033226947583898437,0.039172015467192976,0.4536172271395723,8.25984845161438,9.149921427170435,1.556095415353775,,,,
507,0.0001496278139069535,0.10907162426350017,0.02682731626024027,0.003165810234956249,0.039312554542751364,0.45743613187223675,8.356301120917003,9.201579288641613,1.5568259385724863,,,,
508,0.00014952826413206605,0.10633573557715863,0.0222963935385953,0.003214370993312817,0.03868265249378358,0.4472509352490306,8.311081045866013,9.12313038110733,1.5458740457892417,,,,
509,0.0001494287143571786,0.11310207229107619,0.02593594572696247,0.003270660040046399,0.04027071422121177,0.47116257787371674,8.584003736575445,9.426115677754085,1.5887931384146214,,,,
510,0.00014932916458229115,0.10906743818583588,0.03336419845868951,0.003096138390962248,0.03895668627616639,0.4497460367778937,8.22324008544286,9.093694806098938,1.5338620690008005,22.993485207583724,0.630991038020478,23.82537817977447,0.6688548954300438
511,0.0001492296148074037,0.10468676518648863,0.022237305562121414,0.003332463347275431,0.03950127506783853,0.4621033083337049,8.403305812676747,9.217502862215042,1.5662824821968873,,,,
512,0.00014913006503251627,0.11165156992307554,0.0262750233020995,0.0034913477199249123,0.040024852795371164,0.46135074306900303,8.462853278716405,9.394695393244426,1.600767163435618,,,,
513,0.00014903051525762883,0.10685632730989407,0.029498257756055562,0.0031510769533876254,0.03884110649038727,0.454064571733276,8.339385118087133,9.189217929045359,1.5624655678868293,,,,
514,0.00014893096548274136,0.10587265534947315,0.02491666677545273,0.003270041388714162,0.039495241929156086,0.4622264736952881,8.389718908071519,9.28156492114067,1.5771676277120907,,,,
515,0.00014883141570785392,0.10880979843592892,0.034288894874170715,0.0031462757750584085,0.03853772664442658,0.4475153163075447,8.248974299430847,9.133386437098185,1.5544059691329797,,,,
516,0.00014873186593296648,0.10768348726754387,0.030510877024219476,0.0033932705054515585,0.03894864486452813,0.4572625267319381,8.305035801728566,9.230351469914119,1.5787691677610078,,,,
517,0.00014863231615807904,0.10824981975213935,0.041318582720295656,0.003164852625104686,0.040074557485058906,0.4685583586494128,8.435725748538971,9.322264770666758,1.5728270682195822,,,,
518,0.0001485327663831916,0.10916729420423507,0.024673631075665982,0.0031644546283132514,0.03925864413225402,0.4594890149310231,8.387336003780366,9.307202017307281,1.5698301908870538,,,,
519,0.00014843321660830416,0.10563435528893024,0.03170285113540482,0.0032587754634126518,0.039268835548621914,0.4558644412706296,8.2997223397096,9.148204060395559,1.5570273220539093,,,,
520,0.00014833366683341672,0.108004235685803,0.03180852189287483,0.003411940115862914,0.03930475371113668,0.4576742071658373,8.398762416839599,9.311905453602472,1.589492929726839,23.004436476495254,0.6321491756089466,23.82998654829965,0.6692369628365122
521,0.00014823411705852928,0.1097990124563997,0.02724403599644158,0.0031443566989764805,0.03934648483603572,0.4542636298574507,8.362574215730032,9.251903873682021,1.5603011118868986,,,,
522,0.00014813456728364184,0.1095697596669197,0.03031476344001476,0.0032561271164013306,0.03930040064345424,0.4589973007639249,8.442847847938538,9.332448712984721,1.5846567365030448,,,,
523,0.00014803501750875438,0.11125015870202333,0.030249635996874247,0.003226003840973135,0.039401328470557925,0.45138327886040014,8.359023479620616,9.258433751265208,1.5559636448820433,,,,
524,0.00014793546773386694,0.11101717235675702,0.029915699598479742,0.0033147695212392136,0.04051818960579112,0.4703298758715391,8.483813818295797,9.361258367697397,1.5774193095664184,,,,
525,0.0001478359179589795,0.10700052621153494,0.02921398905506294,0.0032740881793870357,0.038814863527659324,0.45510059719284374,8.266143733263016,9.18448346455892,1.5752664647996426,,,,
526,0.00014773636818409206,0.11304449563225111,0.029574461037604274,0.003389927880804559,0.03990267045640697,0.46600007234762114,8.45591842532158,9.339918299516041,1.582738329966863,,,,
527,0.00014763681840920462,0.10873404018736134,0.02750556260901552,0.003186542753004081,0.03954192496991406,0.45668008147428435,8.26002766887347,9.077552849054337,1.5333888530731201,,,,
528,0.00014753726863431715,0.11225091603895028,0.02773152639197368,0.003397278845901989,0.039511723164469006,0.453679791589578,8.386576056480408,9.354331398010254,1.596374339113633,,,,
529,0.0001474377188594297,0.10704526749129097,0.032171369988947165,0.0034519097896312206,0.0398582248055997,0.4653019804817935,8.451373321811358,9.253998938202859,1.5758897249897321,,,,
530,0.00014733816908454227,0.10729811729397624,0.02726547971269137,0.0033086535637266933,0.039235567941796036,0.46293524553378423,8.347485532363256,9.281249882777532,1.5776063124338786,23.02676045754028,0.6328577997023065,23.830815585969713,0.6694321388150766
531,0.00014723861930965483,0.1128991720965132,0.02585501310577361,0.0034611502967891285,0.03949795635805155,0.46122451027234396,8.349634824196498,9.276717348893483,1.5900415626664957,,,,
532,0.0001471390695347674,0.1086600047380974,0.020513823485117655,0.0032287613075216845,0.03869567493287226,0.44813276287168263,8.251301207145055,9.177658611536026,1.558891090253989,,,,
533,0.00014703951975987995,0.11023755228767793,0.024495660881106572,0.003359926809571334,0.03991242583530644,0.463842617534101,8.412781774997711,9.350950107971828,1.591304065287113,,,,
534,0.0001469399699849925,0.11868516911442081,0.03461889986406561,0.0033335504871502054,0.03986018175104012,0.46455030428866545,8.451065237323443,9.346689291795094,1.5907244140903154,,,,
535,0.00014684042021010507,0.11505426306587954,0.02794578523437584,0.003380467627721373,0.039985565782990305,0.4654182331326107,8.37321697274844,9.245009758075078,1.579384383559227,,,,
536,0.00014674087043521763,0.10181555101492752,0.03412647177847532,0.0032906880405789707,0.03874685294770946,0.44908253122121095,8.233194247881572,9.088184050718944,1.5403414403398832,,,,
537,0.00014664132066033016,0.11338069752479593,0.025556966397126266,0.00344400913551605,0.03987457196538647,0.4651467856951058,8.370000318686168,9.371333658695221,1.5948543600738048,,,,
538,0.00014654177088544273,0.11043227120147397,0.02444168477611394,0.0032000118222034264,0.03984283821967741,0.46265651763727267,8.343562086423239,9.281749165058136,1.5747489037613074,,,,
539,0.00014644222111055529,0.10745536885224283,0.024206741311335614,0.0032401086398749614,0.03883732416046162,0.4572076120103399,8.282324667771658,9.105443668365478,1.542780014872551,,,,
540,0.00014634267133566785,0.10978079669487974,0.027519978254816616,0.003356036068907997,0.04006430483035122,0.46612716441353164,8.444306723276775,9.394911893208821,1.5911073813835779,23.027894556174765,0.6324617457857226,23.838485616014555,0.6696400219384251
541,0.0001462431215607804,0.11028788880600283,0.02297298877350613,0.0033151066061691383,0.03968505806600054,0.4610134635741512,8.431110040346782,9.36232942144076,1.5813639474411805,,,,
542,0.00014614357178589294,0.11243302456568927,0.038193328516148504,0.0034235986982821486,0.040270544514836124,0.46991744184245665,8.418300424019495,9.312046323219935,1.5883761323988437,,,,
543,0.0001460440220110055,0.1085999681148678,0.038711334304343835,0.0032571387051575583,0.04040044480546688,0.4667246558393041,8.579311920205752,9.409184996287028,1.5794364099701246,,,,
544,0.00014594447223611806,0.10264595976720253,0.027995150563721913,0.0031716003012964697,0.03913396299661447,0.4543011041358113,8.24670934677124,9.108849052588145,1.5540317644675572,,,,
545,0.00014584492246123062,0.10788587526573488,0.028551062973699953,0.0033442634926056296,0.03962677234861379,0.4665642541522781,8.378758871555329,9.23046443661054,1.57790553967158,,,,
546,0.00014574537268634318,0.11088672725794216,0.03187424283688264,0.003335994357742796,0.039304868640222895,0.45408286893119415,8.346755443016688,9.222618061304093,1.567481745282809,,,,
547,0.00014564582291145574,0.11213214557307462,0.02989796644135178,0.0034442478645360097,0.0393925834291925,0.45999250827978055,8.316858985026677,9.243788274129232,1.5820802417894204,,,,
548,0.0001455462731365683,0.1059435698747014,0.022742406250802105,0.003180238964826761,0.039476609556004405,0.4644722250600656,8.410131373008092,9.333092310031255,1.581160737077395,,,,
549,0.00014544672336168086,0.11019422432873398,0.020166670062057315,0.003214347471657675,0.03910523743834347,0.4567166190283994,8.319414065281551,9.161813423037529,1.551284202436606,,,,
550,0.0001453471735867934,0.11243877232385178,0.029906621507153848,0.0033637682216067335,0.039607257617171855,0.46021757597724594,8.421350065867106,9.337498619159062,1.5877046423653762,23.02332629425333,0.6324412640637316,23.840683941649797,0.669540873006408
551,0.00014524762381190595,0.11112953077536077,0.0439902198416803,0.0034254684400366387,0.03927459265493478,0.4573543689524134,8.372824529806772,9.271472523609797,1.5883383882542452,,,,
552,0.00014514807403701851,0.11416432593638698,0.039509098188250394,0.0033761557358957363,0.03967878410282234,0.4654582427504162,8.497711779673894,9.389708449443182,1.598760468016068,,,,
553,0.00014504852426213107,0.10979897290623436,0.02849494037615159,0.003376394764260719,0.04050841201484824,0.47052369605128963,8.525369572639466,9.383776744206747,1.5809070020914078,,,,
554,0.0001449489744872436,0.11385157635280242,0.04312081787732988,0.003275093275321221,0.03884561751425887,0.45054003754630684,8.275162154436112,9.223891945679982,1.5683566545446714,,,,
555,0.0001448494247123562,0.10884267125899592,0.032322211909744665,0.0032679473937908673,0.03985321102275823,0.4620122614627083,8.355473345518112,9.214105145136516,1.5629464986423651,,,,
556,0.00014474987493746873,0.10717303715646267,0.0230794463994395,0.0033230557945595745,0.03959530408028513,0.4674668720923364,8.367132431268692,9.228521029154459,1.5687257371842862,,,,
557,0.0001446503251625813,0.10574521499996384,0.025507644547485598,0.003250020021490248,0.03896502457015837,0.45643423895041146,8.272191860278447,9.13870898882548,1.5546167356272538,,,,
558,0.00014455077538769385,0.10241330473218113,0.026713579740199597,0.0030942607627973,0.0380512891531301,0.4440979936470588,8.197712304194768,9.089878818392753,1.5453875159223875,,,,
559,0.0001444512256128064,0.11297300426134219,0.02308118873361309,0.0035218567658982162,0.039540908272222924,0.46071595636506874,8.328458142280578,9.1621464351813,1.5641185435156026,,,,
560,0.00014435167583791897,0.10813188475246231,0.036010086812141635,0.003039990172328544,0.03810323834574471,0.43914619252706566,8.113652823368708,9.002418198188145,1.5268516756594182,23.022501071621843,0.6328651561837167,23.84394381309857,0.6696441706693085
561,0.00014425212606303153,0.11241684150882066,0.02415607678671184,0.003255714671104215,0.03955566994069765,0.4615844593072931,8.270842518409093,9.21314074198405,1.562514676898718,,,,
562,0.0001441525762881441,0.10859307885014763,0.023097295132739268,0.003305228173000311,0.03886076495206604,0.4516838469853004,8.134160055716832,9.01844996213913,1.5481597786148389,,,,
563,0.00014405302651325665,0.11073656194688132,0.025562830676062732,0.0033043349964524773,0.039465718068337687,0.45837571788579223,8.310610248645146,9.226364733775457,1.5727189337213834,,,,
564,0.00014395347673836918,0.10800988107609252,0.029117431600690226,0.0032944068243220197,0.03962397446545462,0.46566895227879285,8.38931365410487,9.283473565181096,1.5794198085864386,,,,
565,0.00014385392696348174,0.10494184556106727,0.027376753259240636,0.003275330645980527,0.03925851153520246,0.4582327951987584,8.373797682921092,9.229029454787572,1.5684452364842096,,,,
566,0.0001437543771885943,0.10827664368165037,0.02164318478564932,0.0031280265900932138,0.03871952011638011,0.4504005768025915,8.23948523203532,9.155761345227559,1.5501654652257761,,,,
567,0.00014365482741370686,0.11108358981243024,0.028000805803094407,0.0033075695939260184,0.039571023953612894,0.45891673720131315,8.353423370917637,9.267184933026632,1.569075374553601,,,,
568,0.00014355527763881942,0.10880616200932612,0.02580574432091775,0.003541600827641863,0.03960710373551895,0.4671332483800749,8.406423074007034,9.243887706597645,1.5845056558648745,,,,
569,0.00014345572786393198,0.10887012723833323,0.022850795337283594,0.0033904685336892727,0.03887196739669889,0.45396840361257396,8.30965433816115,9.142919170856477,1.5568258044620356,,,,
570,0.00014335617808904452,0.11356988181360066,0.030249571394572666,0.003321983150514522,0.03944772904117902,0.45506617312009134,8.222482776641845,9.137049499154092,1.5650683368245761,23.023355551637383,0.633203691203271,23.84389102736844,0.6696975925862716
571,0.00014325662831415708,0.10882854713127017,0.034882236502674385,0.0032117882520348454,0.038844213739503176,0.44847130607813596,8.316130270560583,9.264325273036956,1.5671826712787151,,,,
572,0.00014315707853926964,0.10662800935097039,0.03348865848184535,0.003260733583617063,0.03948960088115806,0.46262384904548526,8.396430782477061,9.27945354183515,1.5701717081169286,,,,
573,0.0001430575287643822,0.10606254995800554,0.031659097675976494,0.0032540187981794587,0.039495934491666655,0.46056733035172026,8.353689028819401,9.23880512913068,1.5680768256386122,,,,
574,0.00014295797898949476,0.11016915927175433,0.02939493112272184,0.003288644809193405,0.03947068329822893,0.4621833714346091,8.408037453889847,9.340042072534562,1.5937333183983962,,,,
575,0.00014285842921460732,0.11339236004278064,0.028380611055414798,0.0034831469230387786,0.04002582336155077,0.46696056329334773,8.521431700388591,9.417311588923136,1.5955250702798367,,,,
576,0.00014275887943971988,0.1043275299249217,0.025712695498867788,0.0032872647754023394,0.03919013894628733,0.4601557970667879,8.340598450104396,9.202759905656178,1.5628654688596726,,,,
577,0.00014265932966483244,0.11387094388871143,0.020986196035032854,0.0032038851066924206,0.03926394467319672,0.4542677023137609,8.302068316936493,9.20417407155037,1.5606860560675462,,,,
578,0.00014255977988994497,0.10948884247336536,0.026666656335353877,0.0034715667303316876,0.04033242667792365,0.4732232602934043,8.463453421990076,9.36543539762497,1.5928580351173878,,,,
579,0.00014246023011505753,0.11081105777217697,0.026514974709709805,0.0032345514007223147,0.03997125414510568,0.4680549503614505,8.397712155183156,9.242107198635738,1.562204195559025,,,,
580,0.0001423606803401701,0.11155182815467318,0.026008250652683765,0.00315829120975953,0.03938677540669839,0.45583098630110425,8.395789548754692,9.28473251859347,1.5692630308369795,23.00978622246533,0.6333462962574238,23.842826292984324,0.6699553207159403
581,0.00014226113056528265,0.11320725112843016,0.025149111757264107,0.0034004890864404538,0.03977599397379284,0.4656069094625612,8.379682302474976,9.223422370354335,1.5711956664919853,,,,
582,0.0001421615807903952,0.10864965207098673,0.04193475148513717,0.0034402132444180705,0.03974139269363756,0.4611618687088291,8.367126600941022,9.295876275499662,1.5831433096279701,,,,
583,0.00014206203101550774,0.11190590676075468,0.029166787304844396,0.003306174223932127,0.039385470716903605,0.46197036483014625,8.3635764280955,9.31824687719345,1.5876024541755518,,,,
584,0.0001419624812406203,0.1064614414004609,0.029560672245154743,0.003169901023647981,0.03949100824150567,0.46081694414218266,8.34510866999626,9.291786142190297,1.5685175331930319,,,,
585,0.00014186293146573286,0.10879004889478286,0.04612204593580221,0.0031872335233250246,0.03865184377258023,0.4502606066564719,8.219576678673427,9.075166938702266,1.538574194163084,,,,
586,0.00014176338169084543,0.10526691483488927,0.026989673520829646,0.003301729610999852,0.03781285031776254,0.43749775011092423,8.080663830041885,8.970754412810008,1.5437344235678514,,,,
587,0.00014166383191595799,0.10572893145338942,0.027958348597906024,0.003124966643129786,0.038470829062862325,0.44884050004184245,8.250447380542756,9.158318996429443,1.5524898496766886,,,,
588,0.00014156428214107055,0.10334238744496058,0.03303376255972808,0.003223317652737023,0.03955854714925711,0.4612724610293905,8.430060426394144,9.247424660126368,1.55874877050519,,,,
589,0.0001414647323661831,0.1045780718093738,0.024320299340511536,0.003090308295698681,0.03827625972141201,0.44863562459747,8.179741126298904,8.984259633223216,1.5204563687245052,,,,
590,0.00014136518259129564,0.11069787527279308,0.020913307686619,0.003348024804775681,0.03976423495914787,0.45962433780853945,8.349830677111944,9.241872677206993,1.5627584340671699,23.01751265613164,0.6342089388089571,23.839973008014393,0.6702075970203477
591,0.00014126563281640823,0.10996827813020597,0.030090095037901204,0.003375499099153482,0.040351130968580645,0.47449373081326485,8.370963635047277,9.303652053078016,1.5829266312221686,,,,
592,0.00014116608304152076,0.1043700197401146,0.03344458047142211,0.0031677109402759624,0.03901851167126248,0.4532863692690929,8.33706858754158,9.25973289012909,1.5667760953307153,,,,
593,0.00014106653326663332,0.11175628653727472,0.033185968674018795,0.0033729767081240427,0.03852836489677429,0.45123542348543805,8.255443193515141,9.23873705069224,1.577572020639976,,,,
594,0.00014096698349174588,0.1087775680469349,0.027255211835894973,0.003290885359456297,0.03930567987651254,0.4594910285125176,8.271535557508468,9.242154218753178,1.5706927505632242,,,,
595,0.00014086743371685844,0.11522330512137463,0.026602862812189678,0.003415108478172139,0.040184835138885926,0.4644521459626655,8.448173255721729,9.398181908329327,1.5950139907499155,,,,
596,0.000140767883941971,0.10232244758711508,0.030062420464384825,0.0032778527865351256,0.039756945082141705,0.4677212235828241,8.30188330411911,9.121117345492046,1.5429780264695485,,,,
597,0.00014066833416708353,0.10839882797251145,0.03213044388322904,0.0033923400145188984,0.039303782124382756,0.46117772652457156,8.363014392058055,9.320911397536596,1.59079909324646,,,,
598,0.0001405687843921961,0.11016424572250495,0.026460631861809247,0.0031564380169584183,0.0390339379683913,0.45646176679680744,8.297992501656214,9.158722416559856,1.5559156236549219,,,,
599,0.00014046923461730865,0.10819687428108106,0.03416209762943557,0.0032601259440222445,0.03948705223932241,0.4575702387218674,8.320363330841065,9.192022341489793,1.5659756518900394,,,,
600,0.00014036968484242121,0.11033040641341359,0.03423068439434284,0.0032197296162242615,0.03909138021990657,0.45348862918714683,8.22926987806956,9.146473769346873,1.5506027003129323,23.038595404895286,0.6343467915197981,23.85357395758244,0.6704767049031995
601,0.00014027013506753377,0.10402108035050332,0.030512114938250078,0.003009563877670492,0.039397444773931055,0.45344405925522246,8.316305941343307,9.086645988623301,1.5235594441493352,,,,
602,0.00014017058529264633,0.10966094346561779,0.024562049521694006,0.0033179564316621205,0.04025740682845935,0.47090849398324885,8.412664151191711,9.290978016455968,1.5823771851758162,,,,
603,0.0001400710355177589,0.1116735300825288,0.024037223636721214,0.0032239928304989007,0.03989826516093065,0.46516556090985733,8.346544327338536,9.300065080324808,1.5747212216258049,,,,
604,0.00013997148574287143,0.10321573639909426,0.0385633811006547,0.0030645246002071265,0.03899815805489197,0.4551912264277538,8.255752211809158,9.157295113801956,1.5474961439768473,,,,
605,0.00013987193596798401,0.10544328052395334,0.033308734064054116,0.0031910118406813124,0.039412261021789165,0.4597327569189171,8.408698632319767,9.282440733909606,1.5628211572766304,,,,
606,0.00013977238619309655,0.10486628550570458,0.03468514407463298,0.003206833533901469,0.03863263229141012,0.45000646548966566,8.213235867023467,9.120065424839655,1.5504129755000273,,,,
607,0.0001396728364182091,0.10575888911262155,0.020418839404584332,0.0032226699057597823,0.03940076378251736,0.4656226387247443,8.332798539598782,9.233005795876185,1.562813540548086,,,,
608,0.00013957328664332167,0.10889009994765123,0.027654299269678027,0.0032004817455648055,0.03983094280896087,0.4637607767557104,8.318734190861385,9.209140717983246,1.5528036537269752,,,,
609,0.00013947373686843423,0.10646950504742562,0.03003451238958519,0.003309486768921488,0.040222360442082085,0.46997753623872995,8.413965795437495,9.363443231582641,1.5792346785465876,,,,
610,0.0001393741870935468,0.10389822016004473,0.032865248009818986,0.0030609134747768014,0.038157859378649545,0.4459292487862209,8.201860364278158,9.176869082450867,1.5621608269711336,23.031558214139373,0.6344237424788539,23.86111712787995,0.6706731502331926
611,0.00013927463731865932,0.11469207194168121,0.031776298144238053,0.0032474764667616302,0.03922325207386166,0.45457500535994766,8.343404034773508,9.209885583321254,1.5678265179196993,,,,
612,0.00013917508754377188,0.10950785192350547,0.03334461854970338,0.003133734699501171,0.03909024675764764,0.4523479719646275,8.214752140641213,9.119621686140697,1.5409308758874734,,,,
613,0.00013907553776888444,0.10318268104456366,0.025314469839166045,0.0031307714756015534,0.038661970126365,0.45490615849072735,8.167011751731236,8.998808276653289,1.5299075203637282,,,,
614,0.000138975987993997,0.10467091308285793,0.02753423180061437,0.003073694748794272,0.03908337821873526,0.45689919516444205,8.284286936124166,9.118875221411388,1.5384317758182684,,,,
615,0.00013887643821910956,0.1019201114308089,0.026828154753264735,0.0032417786484681224,0.039283422974403945,0.46359008916964134,8.33009673555692,9.25763241847356,1.5672941021621227,,,,
616,0.00013877688844422212,0.11372178279173871,0.026010309215986165,0.003253434526838343,0.039908694464247677,0.46296785995364187,8.467539030313493,9.32325096130371,1.5719111457467079,,,,
617,0.00013867733866933468,0.10265403364319355,0.02415432360776985,0.0031370782917899,0.039238904346711935,0.4589739959686995,8.339586128791174,9.201528145869572,1.5519627648095289,,,,
618,0.00013857778889444724,0.10286179301328957,0.020215136247683556,0.0032968365147098668,0.03893623154920836,0.4577976111943523,8.246895024180413,9.268093085289001,1.578005457172791,,,,
619,0.0001384782391195598,0.10736388104657332,0.029473680067492108,0.003319044648378622,0.03888048968898753,0.45452755568549036,8.249400506416956,9.127241259813308,1.555758424848318,,,,
620,0.00013837868934467234,0.1033141929966708,0.029723749574807813,0.0032228962574663454,0.03917239620350301,0.45979619957506657,8.2490119099617,9.162688978513081,1.56467893520991,23.04426596511649,0.6349492965913943,23.8693328637392,0.6709520552850763
621,0.0001382791395697849,0.10681655544321984,0.02216882902909513,0.0030821220602471537,0.03857595254667103,0.4498569758919378,8.119800139466921,9.004173088073731,1.526925325890382,,,,
622,0.00013817958979489746,0.10350817701158424,0.024171949058844195,0.0031924388622428523,0.03825208384466047,0.4458468238512675,8.255805166562398,9.17649583419164,1.5608006651202837,,,,
623,0.00013808004002001,0.10681664869965364,0.02706983977746802,0.003161133935524655,0.03910773396880055,0.45611642400423685,8.316249028841655,9.233536807696025,1.554133228212595,,,,
624,0.00013798049024512255,0.09920122392941266,0.02962128589991835,0.0029305559507217063,0.03855456273304299,0.4538953021168709,8.110900849103928,8.957982381184896,1.5035309851169587,,,,
625,0.0001378809404702351,0.10461134742945433,0.03256731273936661,0.0031492128037522585,0.039292151426586014,0.4596354195227226,8.28667798737685,9.167407888174058,1.5406885894636313,,,,
626,0.00013778139069534767,0.10210963088708619,0.029669536879003998,0.0030484508749699063,0.03903009273732702,0.4518502474762499,8.203477174043655,9.061192816495895,1.52696559826533,,,,
627,0.00013768184092046023,0.11053791916929186,0.029192216314539603,0.0033736654275950666,0.03946862453206753,0.4592260762117803,8.250630390644073,9.17274649143219,1.5654854161043963,,,,
628,0.0001375822911455728,0.10481053173231582,0.026631827695058993,0.003313197740620429,0.039767374261282386,0.4649594765156507,8.346996846795083,9.289133842786153,1.5724429634710153,,,,
629,0.00013748274137068535,0.11194699109376718,0.024709284702165255,0.003235785733886587,0.03996262752916664,0.46425734848404926,8.290133927265803,9.196846469243367,1.556922615567843,,,,
630,0.0001373831915957979,0.10880216346122325,0.03778708251070289,0.003249873593404118,0.038998830787992725,0.4537219707543651,8.30077117284139,9.219802123308181,1.5614531345665454,23.004382780057593,0.6345552744261865,23.848829626719073,0.6709820750225802
631,0.00013728364182091047,0.10813356602254014,0.05079074135676554,0.0032387919097648893,0.039868261280935256,0.4660554929636419,8.360783378283182,9.259240955114365,1.5650652612249056,,,,
632,0.00013718409204602303,0.10288699657345811,0.026856432362807443,0.003264789488093811,0.03841690217765669,0.45273865330964325,8.183154769738515,9.086399083336195,1.548524332543214,,,,
633,0.0001370845422711356,0.10854544367951652,0.03102628632609026,0.003196373803742366,0.038920485352476435,0.456982661349078,8.250778923432032,9.091006126006445,1.537590606758992,,,,
634,0.00013698499249624813,0.10501084565961112,0.026736912695876452,0.003147751376066784,0.03872086238504077,0.4516276757232845,8.315602327386538,9.18679369688034,1.5533739723265172,,,,
635,0.00013688544272136069,0.10640565082430839,0.0257514946883191,0.0032411300562065056,0.03957530720702683,0.4611360871853928,8.292030036449432,9.236737869183223,1.5595677149792513,,,,
636,0.00013678589294647325,0.10431580396834761,0.028164898770108002,0.003215789489998618,0.039192325990491855,0.4576197341705362,8.340465392669042,9.213093662261963,1.5518706704179446,,,,
637,0.00013668634317158578,0.10397828921365242,0.025752250200368584,0.003225919178597299,0.039741588616743685,0.4628458200953901,8.370010373989741,9.296648331483205,1.5707687710722287,,,,
638,0.00013658679339669834,0.10856809491136422,0.02508967773678421,0.0032357479132163764,0.03924430579645559,0.4585746593152483,8.312386604150136,9.154765576124191,1.5472158995767435,,,,
639,0.0001364872436218109,0.10575486984259139,0.024673853861290715,0.0032325880757222572,0.03872253031392271,0.4484715501777828,8.181216535965602,9.08981226682663,1.5400773952404658,,,,
640,0.00013638769384692346,0.09935543817312767,0.022771103342334224,0.0031120535718703953,0.0383119425852783,0.447147766686976,8.147058447202047,9.042400694886844,1.53033379043142,23.001609791355854,0.6348494499023262,23.83424795920182,0.6711094126386701
641,0.00013628814407203602,0.10220290841534733,0.026762988284233794,0.003234609023184021,0.03885451722890139,0.45461146427939336,8.133388314644495,8.997300787766774,1.5308996039132277,,,,
642,0.00013618859429714858,0.10899921415063242,0.022045418871931115,0.0032635783802713076,0.03955526212618376,0.457134293889006,8.327166457970938,9.214561744530995,1.5587051707009474,,,,
643,0.00013608904452226114,0.10258316146985938,0.03427531819427069,0.003367030407510659,0.038872371427714825,0.4550802247909208,8.273056762417157,9.220571853717168,1.5744270498553912,,,,
644,0.0001359894947473737,0.10992988805131367,0.025684972112923296,0.0033659516577851417,0.03908725558236862,0.4560410262395938,8.233159905672073,9.152085208892823,1.5599353132148583,,,,
645,0.00013588994497248626,0.10838926356906692,0.024715292663339977,0.003367046321606419,0.039317154635985695,0.4590649312362075,8.293362160523733,9.207879900932312,1.575891979287068,,,,
646,0.00013579039519759882,0.10482646530338874,0.020436808305620956,0.0032689366135552215,0.0394158285887291,0.4595188949257135,8.284956441322963,9.235094040632248,1.5648157591621081,,,,
647,0.00013569084542271138,0.10493388084384302,0.024908864959363085,0.0032415844503702828,0.039598914437616865,0.46633332784598075,8.319466467698415,9.168548889954884,1.553057204435269,,,,
648,0.00013559129564782391,0.10878521460108459,0.02250891228402736,0.0032588191904020882,0.03905780688316251,0.4533760094083846,8.238249510526657,9.110464533170065,1.550165477891763,,,,
649,0.00013549174587293647,0.1104569059641411,0.020650607498646896,0.0031950924847478747,0.039003310240029045,0.4540274721570313,8.21038390994072,9.166718580325444,1.5548485149939855,,,,
650,0.00013539219609804903,0.10548339704206834,0.023198802205929306,0.0032629119117094283,0.03928291860114162,0.4593629659463962,8.354028681914011,9.233538570006688,1.5667873044808707,23.023108726107203,0.6356713872993285,23.84634955723981,0.6714296223886317
651,0.00013529264632316157,0.10923270435693364,0.030014693412246628,0.0032072025335461757,0.03949921242504691,0.46097746153051655,8.323291160662968,9.222723216811817,1.552166810259223,,,,
652,0.00013519309654827413,0.10688140196725726,0.0367207345884547,0.0031570809264546067,0.03928954231863221,0.4586623573365311,8.227053755521775,9.130004288752874,1.5415223516523837,,,,
653,0.0001350935467733867,0.10986885998863727,0.029150449183089223,0.0032564054105023387,0.03958990847071012,0.4651425573974848,8.311503048737844,9.206935328245162,1.5592216310401759,,,,
654,0.00013499399699849925,0.11038270367619891,0.02392680392430672,0.003343123270436384,0.03984448936146994,0.4631059628290435,8.315676335493723,9.212868412335714,1.5681687037150065,,,,
655,0.0001348944472236118,0.09903860902413726,0.02448491320589691,0.003278556221387892,0.03849761437547083,0.4532076408776144,8.099217772483826,8.899705384174982,1.5085698527594407,,,,
656,0.00013479489744872437,0.10200626560642073,0.03169695517745244,0.0031490276087727882,0.03940573403378948,0.4611060119854907,8.309272209803263,9.134461001555126,1.5337407877047857,,,,
657,0.00013469534767383693,0.10272433628172924,0.02998830361781491,0.003169177256374193,0.038597445578003924,0.4529808017114798,8.163835189739864,9.091159443060556,1.541246496886015,,,,
658,0.0001345957978989495,0.1099611665122211,0.025364550043855162,0.0031146292682630397,0.03880400365451351,0.448660218467315,8.17429480155309,9.110794915755589,1.5329569563269616,,,,
659,0.00013449624812406205,0.107829280057922,0.0259689105286706,0.0031318652761910927,0.03803119985968806,0.4428408118275305,8.11234873731931,9.069924414157867,1.53425102258722,,,,
660,0.0001343966983491746,0.1003474309730033,0.026437835072606695,0.0030319768240588017,0.038327962497714904,0.4482300083463391,8.188708341121673,9.031157759825389,1.5222308923800787,23.035201245508688,0.6352885999866805,23.859127243746777,0.6713744605982549
661,0.00013429714857428714,0.10561051549545179,0.021137263180946775,0.003282503138204144,0.038917833655917396,0.45626503471285107,8.155032026767731,9.037519206603369,1.5400422846277555,,,,
662,0.0001341975987993997,0.10727195945413162,0.040432901962262235,0.003228167299736621,0.038786259045203525,0.45064786973719795,8.199824031194051,9.184879356622696,1.5661244419713816,,,,
663,0.00013409804902451226,0.10635030058523019,0.03718174456106264,0.0034211028201146594,0.03976019918142507,0.46319357020159563,8.302824141581853,9.243325501680374,1.5744213782250882,,,,
664,0.00013399849924962482,0.10946496313748261,0.02769087947771709,0.0033684252191354363,0.039417810066758346,0.4636025637388229,8.30157018105189,9.205526671806972,1.5690912415583929,,,,
665,0.00013389894947473736,0.10541516259157409,0.027772323336113895,0.0031182713240923477,0.03927488918416202,0.45552065085309246,8.242186851302783,9.1247451176246,1.5368413525323072,,,,
666,0.00013379939969984992,0.10076894345693291,0.022672021286673307,0.0031426884053871616,0.03866211821247513,0.45248727848132453,8.174617463350296,8.97803366780281,1.5096826516091824,,,,
667,0.00013369984992496248,0.10679637858023246,0.021877507875525264,0.0031606546416393638,0.038731339775646724,0.45041115128745635,8.19421787361304,9.095032741626104,1.5439469238122305,,,,
668,0.00013360030015007504,0.10500621946218112,0.029939046331152023,0.0031745775345674095,0.038557369246458015,0.445094628042231,8.149376251300176,9.08229268391927,1.5376949759821097,,,,
669,0.0001335007503751876,0.10169239648773025,0.03139942938685749,0.0029733229631043892,0.03878775592505311,0.45413079063097633,8.24246895511945,9.200750652949015,1.5411841976145904,,,,
670,0.00013340120060030016,0.10251596297603101,0.024307504153666552,0.0033077669049210575,0.039307814025475334,0.4625365474571784,8.287083353598913,9.175451443592708,1.5543554738163947,23.04456195634391,0.6360149911595069,23.866237639464604,0.6716318106851321
671,0.00013330165082541272,0.1046776079495127,0.03897410657471217,0.003138297749925793,0.0390477433684282,0.4534239993120233,8.188943002621333,9.072830305496852,1.5330915585160256,,,,
672,0.00013320210105052528,0.10218767283173899,0.02777568216755242,0.0031183007045910926,0.03831022917681063,0.4478678923721115,8.099914504090945,8.932160255312919,1.514563294996818,,,,
673,0.00013310255127563784,0.10608920434800287,0.03060383914112492,0.0029618918010479926,0.03814879702404141,0.445118942623958,8.125086233019829,9.03932429353396,1.5240599818527698,,,,
674,0.0001330030015007504,0.11003823791785787,0.02505093814174965,0.003159413182159672,0.03894943107152358,0.45714543014764786,8.230423351128897,9.136577705542246,1.5420224217077096,,,,
675,0.00013290345172586293,0.11086253994144499,0.03221116763831399,0.0032388959588085225,0.03881427541685601,0.45344117606679596,8.228984836737315,9.128346953789393,1.5491065382957458,,,,
676,0.0001328039019509755,0.10939264487630378,0.02073570472276174,0.0034105797238832263,0.03977597830041001,0.4667304964736104,8.324518406391144,9.241913274923961,1.5747940465807915,,,,
677,0.00013270435217608805,0.10237770187668502,0.02382773451748032,0.0030763791260445335,0.03883156665833667,0.4518907462246716,8.172657583157221,9.057271059354147,1.5291281792024771,,,,
678,0.00013260480240120058,0.10529370359921207,0.02782635731027767,0.0031891054242805692,0.039616943305979174,0.46738839329530796,8.249200822909673,9.114714032411575,1.5398594558238983,,,,
679,0.00013250525262631317,0.10915779969654978,0.02983746545694051,0.0031933703413718224,0.03840364374142761,0.44803280252963307,8.271472716331482,9.274745812018713,1.577205798526605,,,,
680,0.0001324057028514257,0.10498790330408762,0.03058300975572763,0.0031600341166874084,0.03944278886774555,0.46067163068801165,8.28198984960715,9.180297613143921,1.5463397001226744,23.05007168393781,0.6368027840575462,23.874888111830174,0.6718807603520719
681,0.00013230615307653827,0.11212027424480767,0.020481822751395384,0.003243159468547674,0.03892468683964883,0.45227586462472874,8.270065798362095,9.228303945064544,1.5601176120340825,,,,
682,0.00013220660330165083,0.10397622225185235,0.022490569278055737,0.0033800861056685486,0.039035285128435744,0.46007988412554063,8.296820630629858,9.249472806851069,1.5715412306288878,,,,
683,0.00013210705352676339,0.10552425226196646,0.02694596108165683,0.003253524477501439,0.0392194911177891,0.458823278422157,8.277542587121328,9.16839765906334,1.5583525369564692,,,,
684,0.00013200750375187595,0.11091672689653934,0.038038882861912766,0.0032317652411317493,0.039040416211355476,0.45042361691594124,8.248014517625172,9.153822563091914,1.5518516720583042,,,,
685,0.0001319079539769885,0.10722918795266499,0.024161060626967885,0.0030528792006710623,0.039188554091379044,0.44964727566887935,8.158046280344328,9.05481803516547,1.519889163474242,,,,
686,0.00013180840420210107,0.10295443120412529,0.02331960874732412,0.0033915749337514473,0.039181655389256775,0.46372615365932385,8.291362849871318,9.190158307552338,1.5585883361597856,,,,
687,0.00013170885442721363,0.10355393713495384,0.023602791983677207,0.0030114099651351958,0.03910283844840402,0.45529167155424755,8.291994473338127,9.158225140968959,1.5302297584712505,,,,
688,0.00013160930465232619,0.1034744834061712,0.028942234900407964,0.0032834071995845684,0.03764726345349724,0.44029365467528503,8.106335407495498,9.097424521048863,1.5673999607563018,,,,
689,0.00013150975487743872,0.10105532001083097,0.025885098878224728,0.0033453303354084103,0.039875035639852285,0.4667719471578797,8.26826842625936,9.157105938593547,1.5552090394000213,,,,
690,0.00013141020510255128,0.10489995926618575,0.02519336966749724,0.003124530005758667,0.03901437533398469,0.4544119535634915,8.265661202867825,9.2189510345459,1.5522134299079577,23.043324120787272,0.63666179987041,23.859954995029526,0.6719521267897453
691,0.00013131065532766384,0.10435932038041452,0.02598788757058609,0.003426908580271023,0.039686708625716466,0.46847250408803426,8.30322505434354,9.258494744698206,1.5788475525875887,,,,
692,0.00013121110555277637,0.10803052082968255,0.02377703791510039,0.003033362612647276,0.038595637032995,0.45038695794840655,8.240306369463603,9.133840294679006,1.5352707356214523,,,,
693,0.00013111155577788896,0.10453999784464638,0.030918295596806426,0.003238699045444567,0.03891436170088127,0.4530718128507336,8.255188165108363,9.056953382492065,1.5376009136438369,,,,
694,0.0001310120060030015,0.1105279829663535,0.02752260698800105,0.003471432318716931,0.03917620127904229,0.4564619277914365,8.265307552615802,9.254556576410929,1.5854585809012254,,,,
695,0.00013091245622811405,0.11290388025032977,0.035252176330817994,0.0036358803531281107,0.03992941708226378,0.4620692176744342,8.257729230324427,9.17096830010414,1.5678990808626017,,,,
696,0.00013081290645322661,0.10282901760656386,0.02270172766389417,0.003190654920490488,0.03826607009395957,0.4463638572022319,8.064389210939407,9.021630266308785,1.5318338540693124,,,,
697,0.00013071335667833917,0.09843518159662684,0.022990499064507237,0.0031966405706043586,0.038745352971212316,0.4493915426855286,8.159513610601426,9.046956580877303,1.5231823978324732,,,,
698,0.00013061380690345173,0.10504726903357854,0.02504364625189529,0.0031992302318637183,0.03884040511911735,0.4515674579888582,8.229281087716421,9.198171526193619,1.5572415304680665,,,,
699,0.0001305142571285643,0.10523071946421017,0.034721828024465634,0.003276509460495921,0.038946214496778944,0.450884616561234,8.118494707345963,9.050874722003936,1.53821177855134,,,,
700,0.00013041470735367685,0.11012475282574694,0.025276602134122566,0.0031507676925078463,0.03971984171463797,0.4616559863090515,8.244399136304855,9.114532687266667,1.5395655033489068,23.014721640892365,0.6366571201697792,23.837752428337517,0.6718598924432894
701,0.00013031515757878941,0.11173303148243577,0.029663569363936895,0.003454967119432695,0.03925146931239094,0.45546257877722385,8.236033475399017,9.242779437700907,1.5773189676304658,,,,
702,0.00013021560780390198,0.10333040388456236,0.025962388924567866,0.003282093210873427,0.039015743602067235,0.45685535557568074,8.392183564106624,9.280736241738001,1.5679454259574412,,,,
703,0.0001301160580290145,0.10221709096804261,0.021988979009335215,0.0030893049328976,0.03843905424000695,0.4499525281600654,8.15357977549235,8.987829552094142,1.5093096219003201,,,,
704,0.00013001650825412707,0.11085337761323899,0.024503192733103182,0.0033492434536431877,0.039612146759949,0.46351495490719874,8.338140167792638,9.32011412580808,1.586055476218462,,,,
705,0.00012991695847923963,0.1011802360182628,0.02759051573809946,0.003123658312930881,0.038761393892734,0.45464313856015603,8.202382204929988,9.07813976407051,1.5323975130915641,,,,
706,0.00012981740870435216,0.10537012862817695,0.02103761401544896,0.003068068920765654,0.03893350351524229,0.4508007476106286,8.191747933626175,9.122558295726776,1.5373998900254569,,,,
707,0.00012971785892946472,0.1073508961048598,0.031685030586720585,0.0031204341303237015,0.03928089295901979,0.46056325727452835,8.243661775191624,9.18526351849238,1.551120537519455,,,,
708,0.00012961830915457728,0.10427682595327496,0.025299442288164185,0.0031128238975118923,0.038735200367712726,0.45258553108821314,8.230172944068908,9.101700566212337,1.5427838864425818,,,,
709,0.00012951875937968984,0.10841453896525005,0.025439972309224856,0.00334558791443366,0.03876247052103281,0.4509624091287454,8.252270279328028,9.201031055053075,1.565896792213122,,,,
710,0.0001294192096048024,0.1030284211349984,0.023120000658763237,0.0030296039704505043,0.038903191456726445,0.45239268991475307,8.216581412156422,9.130951271454494,1.5371745946506659,23.001110263792434,0.6369545555418415,23.820725039764717,0.6718858488935214
711,0.00012931965982991496,0.10748030755203217,0.03502779058441282,0.0031923600088096765,0.03914945147310694,0.45619373420874276,8.224863052368164,9.173599604765574,1.5575799070298673,,,,
712,0.00012922011005502752,0.10436582965000223,0.026997674790133413,0.003165401988614273,0.03900704217958264,0.45911450997615855,8.285931673645972,9.246758002042771,1.5702206765611966,,,,
713,0.00012912056028014008,0.10366576577847203,0.02704104639710939,0.003080782426150108,0.03827100221921379,0.44394626102099816,8.096732371052106,8.944184450308482,1.5084756173193454,,,,
714,0.00012902101050525264,0.10590897550185521,0.02502927967917685,0.003189570608204425,0.039057617619012795,0.455005623648564,8.223501668373745,9.106835333506266,1.5360852224131425,,,,
715,0.0001289214607303652,0.1055872277667125,0.02213304894751076,0.0030550202437249633,0.039000994075710574,0.4547461125378807,8.192983965078989,9.120365585883459,1.5303225783010324,,,,
716,0.00012882191095547776,0.10694624580598126,0.022715590890267614,0.003071136531313338,0.03898894562541197,0.4528977774704496,8.19160888592402,9.124065814415614,1.536504752188921,,,,
717,0.0001287223611805903,0.11032429506691793,0.028850658864150582,0.0032794412111494847,0.038935153803322464,0.45359929284701744,8.247589000066121,9.218405576546987,1.5745869668821493,,,,
718,0.00012862281140570286,0.10054142436323067,0.024400196968049195,0.0031506733683878945,0.038533752256383495,0.45214544590562583,8.140806766351064,9.033577847480775,1.5254149032135804,,,,
719,0.00012852326163081542,0.1082869044970721,0.02398417510820726,0.0031034425997252886,0.03789608672571679,0.4403371514752507,8.07572163740794,9.05578942100207,1.5465047227839628,,,,
720,0.00012842371185592795,0.10400195304149142,0.021258819537627004,0.002917661484874164,0.03810673669213429,0.4385214915343871,8.138572214047114,9.042684101065,1.5229774303734303,23.010248601702163,0.6373811588636726,23.82248305711929,0.6719354344005681
721,0.0001283241620810405,0.10631111989884327,0.021546279323582003,0.003048962751806054,0.039127668819855896,0.46182984399298826,8.321376460790635,9.261081467072168,1.5618858218193055,,,,
722,0.00012822461230615307,0.10454335595325877,0.020317782928877173,0.003177744281432145,0.039504187705460936,0.4616354390357931,8.263661767045656,9.192138368884722,1.5528065448005994,,,,
723,0.00012812506253126563,0.09987591522124907,0.023562544175275944,0.002987112939808867,0.038024534133728596,0.4446667537714044,8.059643214941024,8.94559697707494,1.5114519173900287,,,,
724,0.0001280255127563782,0.10895522464998067,0.02938217658316186,0.0031840854095510924,0.03907644448724265,0.4548457727767527,8.225087992350261,9.186297776301702,1.5537921455999215,,,,
725,0.00012792596298149075,0.10205945006261269,0.02333006593990774,0.0032220862469936645,0.03956343287524457,0.4663243041994671,8.306313389539719,9.230634260177613,1.5513498542209467,,,,
726,0.0001278264132066033,0.10146367511091132,0.02102399426499441,0.003124173084870563,0.03858966832825293,0.45336438485731684,8.219217389822006,9.174080644051234,1.5510587108631928,,,,
727,0.00012772686343171587,0.10821235183781634,0.025450020584778108,0.003326618367464107,0.039731997814184676,0.464374583773315,8.306861474116642,9.251716657479603,1.561722711722056,,,,
728,0.00012762731365682843,0.10539943701587617,0.030984705536586905,0.0032264857174595816,0.03874552382233863,0.45330862710252406,8.176419101158778,9.07582034667333,1.544806678344806,,,,
729,0.000127527763881941,0.10283359250364205,0.022721411519491617,0.0029739030464649356,0.03836694568938886,0.4525887387183805,8.149278921882312,8.994352173805236,1.5097388525803883,,,,
730,0.00012742821410705355,0.10583621080343922,0.03045361839672817,0.0030323444385430775,0.03790352134577309,0.4415505408619841,8.031322266658147,8.957305135329564,1.5232123439510663,23.00508618399041,0.6374947231422586,23.824536215677472,0.6721293276474113
731,0.00012732866433216609,0.10458682447982331,0.028133042185311298,0.0032387445751131355,0.03991963650720815,0.46830351622775196,8.356327122449875,9.309840479493142,1.5681874978045622,,,,
732,0.00012722911455727865,0.10685704150237144,0.02296735260133289,0.0031938557794395214,0.03910806561664989,0.4570596185512841,8.297597563266754,9.2738827029864,1.564829175422589,,,,
733,0.0001271295647823912,0.09899975962471216,0.020750668453590037,0.00313067038199127,0.03848104707431048,0.4518982047835986,8.10612056851387,9.015041174491246,1.5241920190552871,,,,
734,0.00012703001500750374,0.10319312271506836,0.020225535572897968,0.003152596651185983,0.03879987994829814,0.45381344050789874,8.185017726818721,9.06961296995481,1.5403007830182711,,,,
735,0.0001269304652326163,0.10609002156804005,0.03141522166866935,0.003139116500460659,0.03825151817097018,0.4439265885700782,8.189510494470596,9.109033723672232,1.5431033054987588,,,,
736,0.00012683091545772886,0.10606249286793172,0.03350582634959522,0.0032286728176889787,0.03880887036987891,0.45527429282665255,8.172940997282664,9.142354905605316,1.5481032262245813,,,,
737,0.00012673136568284142,0.0959195886272937,0.027604449010901057,0.0029489815491009117,0.03806026363357281,0.447348329393814,8.053281020124754,8.92505645553271,1.5093369175990423,,,,
738,0.00012663181590795398,0.10162891068806251,0.023433205637895565,0.002959803694587511,0.03891949051758274,0.4534442360823353,8.148239324490229,9.114232287804287,1.5334537789225577,,,,
739,0.00012653226613306654,0.09967937963859488,0.02524470920960719,0.003019818630309601,0.038403417581381896,0.4493230134869615,8.140423250198364,9.057885764042537,1.5306951947510243,,,,
740,0.0001264327163581791,0.10151531391311437,0.020769295883871546,0.0030185519809189524,0.03813638745923527,0.44572185310535134,8.032938371102015,8.918922274311383,1.5072957714398703,23.004871027930204,0.63765242484668,23.828716703872182,0.6723169741432448
741,0.00012633316658329166,0.10235707309717933,0.027380316435929804,0.0030202155798785195,0.038608785738081984,0.4547749676120778,8.160585993528366,9.047813258568446,1.5333549248675504,,,,
742,0.00012623361680840422,0.10502463677742829,0.018680973949748627,0.003208081700965219,0.03862989949217687,0.45189695010582603,8.177795978387197,9.18768800497055,1.5593801905711493,,,,
743,0.00012613406703351678,0.10627280340219537,0.021416625316418938,0.003194618493277327,0.03886184993510445,0.4526601704147955,8.187985775868098,9.157346454262733,1.5514000624418258,,,,
744,0.00012603451725862931,0.10485528634550671,0.021483098603822744,0.0031992303596780403,0.039437269353463006,0.45841262824833395,8.252492199341456,9.18763437072436,1.5455076647301516,,,,
745,0.00012593496748374187,0.10921011581085623,0.02346093354648436,0.0033731913771286298,0.03944294177927077,0.4621206473559141,8.302331268787384,9.265360114971797,1.5737995343903701,,,,
746,0.00012583541770885443,0.10246845637448132,0.02308008057368909,0.0032981236845444073,0.04020741682810088,0.47127916834627587,8.311215090751649,9.236283274491628,1.5576168410480022,,,,
747,0.00012573586793396697,0.10709656435064971,0.022027358233576422,0.0031402035599361017,0.03903059190294395,0.4567046156153083,8.137584910790126,9.033455453316371,1.5285799751679103,,,,
748,0.00012563631815907953,0.10310172409129639,0.03340486059723062,0.0032106684928294273,0.03846301593196889,0.4525050999596715,8.209972634911537,9.098105792204539,1.5414755282302697,,,,
749,0.0001255367683841921,0.10441279076039792,0.026271614748055564,0.00320295063732677,0.038870175795940064,0.4598616267864903,8.193748537699381,9.095201867818833,1.5366795810560385,,,,
750,0.00012543721860930465,0.10539832778740674,0.0252750885645213,0.0031519572070465075,0.03822452113963663,0.449139322899282,8.194906528790792,9.10580261150996,1.535724980632464,23.006431068075013,0.637809568970212,23.81613208933101,0.6721189281366224
751,0.0001253376688344172,0.10531004342871407,0.034109271916851945,0.0031117764133038388,0.03876819401824226,0.4538111202108363,8.20641263127327,9.109454331795375,1.5391308305164177,,,,
752,0.00012523811905952977,0.1034335997964566,0.028199235250462116,0.0032014644591375446,0.03964511276377986,0.46723242762188116,8.409378719329833,9.225389365355174,1.554480880498886,,,,
753,0.00012513856928464233,0.09996510863614579,0.02620398501593968,0.003162389906598643,0.039279566635377704,0.45755746178328993,8.209473186731339,9.093897120157878,1.5373781201740107,,,,
754,0.0001250390195097549,0.10981089820464453,0.020212236015014658,0.0032280924493534257,0.03884411265607923,0.4573489270483454,8.256073971589407,9.184538886944454,1.5493912048637868,,,,
755,0.00012493946973486745,0.10877265489349762,0.024280209086619445,0.003221193024880146,0.03884833645812857,0.45365957378720245,8.152918557325998,9.093944890300433,1.5517052409549554,,,,
756,0.00012483991995998,0.10265233381651342,0.027480206678944796,0.0033126030622952383,0.039162108251669756,0.4564910364647706,8.187793618440628,9.157524704933167,1.5564445535341898,,,,
757,0.00012474037018509257,0.10255744063761085,0.032420156055533764,0.002982069158679224,0.039168074975411096,0.45686582547302046,8.20579827427864,9.061541920900344,1.5177010456720987,,,,
758,0.0001246408204102051,0.098020717749993,0.02152169175532208,0.0031581864179922076,0.038621257369716964,0.45655762248982984,8.21187344789505,9.121398784716924,1.5445411744217077,,,,
759,0.00012454127063531766,0.09641436395856241,0.02173949569253087,0.003082185373690057,0.03781705531291664,0.4428250046136479,8.024568289518356,8.927345420916875,1.516560180236896,,,,
760,0.00012444172086043022,0.10041473004578923,0.025923298199009535,0.0029434741193351027,0.037322869388541825,0.43420133522401255,8.048162830869357,8.956959716478984,1.5110321125636499,22.992756947569536,0.6378954030697412,23.820125735502078,0.6722399800684842
761,0.00012434217108554276,0.10616641396967073,0.03206715827344529,0.0032658289500735313,0.03918749582177649,0.46044918553282815,8.293899515271187,9.194402071833611,1.5520195603370666,,,,
762,0.00012424262131065532,0.10765285300246129,0.02626144796517972,0.0030228769247817883,0.039523944968823346,0.4597587151452899,8.245126161972681,9.164569611350695,1.5394882000982761,,,,
763,0.00012414307153576788,0.10421465553808958,0.024689796403620314,0.0032530635369463806,0.03922554658104976,0.46465319956963264,8.243577152490616,9.154143812259038,1.5381470593313376,,,,
764,0.00012404352176088044,0.10640976264451942,0.029424304182139118,0.0033076156188447687,0.039313389578213294,0.4616393262209992,8.198776553074518,9.13564236362775,1.5458811230957508,,,,
765,0.000123943971985993,0.10720031853610029,0.038257002670982844,0.002932327392500156,0.038221059312733514,0.44647406491761404,8.111115123828252,9.063207511107127,1.5276747054109971,,,,
766,0.00012384442221110556,0.10651086460178097,0.03680669236274951,0.0032068589328749417,0.039399524009786545,0.46560766467203696,8.393898006280264,9.394260595242182,1.582109048962593,,,,
767,0.00012374487243621812,0.10765396203690519,0.028827850453994112,0.0033095659155151225,0.03926319648744538,0.45739473594973484,8.202995677789053,9.167206078767776,1.555035439878702,,,,
768,0.00012364532266133068,0.1022169848671183,0.028513664016566527,0.0031153411652970436,0.03981691907392815,0.46436945218592884,8.281215884288152,9.184142046173413,1.5399273832639058,,,,
769,0.00012354577288644324,0.1065336673365285,0.0275673820718661,0.003234348124897224,0.03875933045831819,0.4554284784011543,8.153271057208379,9.119051200151443,1.5570631260673204,,,,
770,0.0001234462231115558,0.10962673983691881,0.024430553423576383,0.003312492612773591,0.03906935617948572,0.455977503520747,8.280667831500372,9.2673171043396,1.5765236621101697,22.98753734434118,0.6380818788012214,23.833075108715263,0.6724856033745107
771,0.00012334667333666836,0.10594886670199534,0.01969477593572056,0.0032431431026755794,0.039282102362873654,0.46003346601501105,8.252985900640487,9.308494983116786,1.5757503435015678,,,,
772,0.0001232471235617809,0.1074692555780833,0.02364362339632559,0.00309205856386446,0.038432066608220336,0.45277005396783354,8.106521648168563,8.973936073978741,1.5112653794387976,,,,
773,0.00012314757378689345,0.10871272375031064,0.03376005908482587,0.003214147123677928,0.039288016428084424,0.4568938965288301,8.260000509023666,9.176967430114747,1.5482611725727717,,,,
774,0.000123048024012006,0.10318071000122776,0.029146120497759397,0.002957795803134407,0.038777543127071115,0.450635327026248,8.151270176966985,9.013812023401261,1.508291247735421,,,,
775,0.00012294847423711854,0.10594045714630435,0.019906997055667355,0.003104143304274961,0.03907975030597299,0.45691830705230435,8.276714992523193,9.22594492038091,1.5477959213157495,,,,
776,0.00012284892446223113,0.10573358298279345,0.028348684290598194,0.003119773319364564,0.0387984751102825,0.45265380712226033,8.169675342241923,9.09992312192917,1.5379110818107924,,,,
777,0.00012274937468734367,0.1073705116674925,0.039964505921002313,0.003249181476227629,0.03934414670026551,0.46312830050786336,8.256035508712133,9.14133687019348,1.5449145024021467,,,,
778,0.00012264982491245623,0.10128790667901437,0.0331587585450914,0.002989494818393723,0.03806645862447719,0.4448087053063015,8.051964244246482,8.952511117855709,1.5129335095485053,,,,
779,0.00012255027513756879,0.10288641697261483,0.026988558484645372,0.003174595584399261,0.03939792680709312,0.46007071317483983,8.193756276369095,9.15151124795278,1.5471299486855665,,,,
780,0.00012245072536268135,0.10857496728810172,0.01871056077750855,0.0032285407254676103,0.039331822912208735,0.4630667798841993,8.242110002040864,9.149142180879911,1.545890143016974,23.044177893635176,0.6386690422975094,23.869027372680634,0.6728920775562158
781,0.0001223511755877939,0.09661871001590043,0.022669369119212017,0.0031167192464636173,0.0389687031856738,0.45347305877755084,8.194800259669622,9.0996602276961,1.5317499972879887,,,,
782,0.00012225162581290647,0.10207202737995734,0.03211379838223773,0.003170478826965943,0.038069657414841154,0.4448721026380857,8.087465165058772,9.02926971713702,1.5371515107651552,,,,
783,0.00012215207603801903,0.10270848162472249,0.03711484539895764,0.0029075367467157774,0.03834151666766653,0.4486498823389411,8.12628558675448,9.053413705031078,1.5205840294559796,,,,
784,0.00012205252626313156,0.10234496839887773,0.02331734848988655,0.002997077217636009,0.038466936396434906,0.44442733315130073,8.032874564329783,8.932847646872203,1.5056098014116288,,,,
785,0.00012195297648824413,0.10384548023187866,0.02199253533981865,0.0032036848344432654,0.03941390741771708,0.46377769876271485,8.202660005291303,9.173030915856362,1.5547225813070933,,,,
786,0.00012185342671335668,0.10047531217181434,0.02402587502569702,0.0029649411842910924,0.03899910548546662,0.455650731548667,8.148272700111072,9.102957178155581,1.5285969310750565,,,,
787,0.00012175387693846924,0.10054112613045921,0.020063994511921854,0.003077926195510372,0.03874696671264246,0.4544908743662139,8.145319730043411,9.025018088022868,1.5227055509885152,,,,
788,0.0001216543271635818,0.09650401960437496,0.02515916407532141,0.0030119759704272534,0.03765202229454492,0.4429963618516922,8.07549649477005,9.007711710532506,1.5183158082266648,,,,
789,0.00012155477738869435,0.10177293609206875,0.01969430770668623,0.003165690340271491,0.038678997607591255,0.45191899115840595,8.138129970431327,9.049586808681488,1.5320678000648817,,,,
790,0.00012145522761380691,0.10363219627955307,0.018126589197684475,0.0032472861665155507,0.03865372785755123,0.4511754697188735,8.166517229874929,9.073939151565234,1.537748950223128,23.04855172957751,0.6386670264129914,23.89064900081649,0.6732120201131531
791,0.00012135567783891947,0.10431944175312917,0.0244556412565539,0.0032457058509559526,0.038526871148496865,0.4482533348724246,8.163961046934128,9.100217872858048,1.5411885174612203,,,,
792,0.00012125612806403201,0.10002159054856748,0.02230556788658736,0.0030397176021021246,0.038326362854180236,0.44792453236877916,8.119044690330822,9.059269511699677,1.528096313526233,,,,
793,0.00012115657828914457,0.1002923125323529,0.02237570067751117,0.0031799933371682225,0.03910317458600427,0.45895688713838656,8.20248525540034,9.124756598472596,1.5372491747140884,,,,
794,0.00012105702851425713,0.10778699434207131,0.015195024603931984,0.003067478955199476,0.038299724145326765,0.4471766133482257,8.111176484823227,9.095992235342662,1.5346976113816102,,,,
795,0.00012095747873936968,0.1045469573000446,0.02237171357942221,0.00317909469067672,0.03872650945947195,0.4501529435316722,8.140591621398926,9.081508435805638,1.5288942741851013,,,,
796,0.00012085792896448225,0.10466518452546249,0.023606784960270487,0.0031331312718975825,0.03880494662638133,0.44938235140095156,8.1915121058623,9.13611269990603,1.5388659867147605,,,,
797,0.0001207583791895948,0.11027821605093777,0.023139328170888027,0.0032345467630269316,0.039577454111228386,0.4628952524935206,8.27488732933998,9.249606045087178,1.560525086025397,,,,
798,0.00012065882941470735,0.1018447612489884,0.01971036501065555,0.003335584862088581,0.03909810291370377,0.4565268467180431,8.158249207337697,9.082737215360005,1.5435446667174497,,,,
799,0.00012055927963981992,0.10472226264731338,0.024039038258291612,0.0031143625355980475,0.0384654533447853,0.4506955649703741,8.195397399862607,9.176112391551335,1.5580559415121873,,,,
800,0.00012045972986493247,0.10453231518622488,0.024870064245336228,0.003034050603249246,0.037992187992980084,0.4443287084499995,8.169215774536132,9.14004055460294,1.5454214952886105,23.08120321237724,0.6385906197997037,23.911693825955727,0.6735048474032035
801,0.00012036018009004503,0.09885727810518195,0.029302643499653887,0.0028966665270369657,0.038513767482557644,0.45248087383806707,8.149708539247513,9.06197432676951,1.522131333500147,,,,
802,0.00012026063031515759,0.10444424541201443,0.024157334376012803,0.003284086754198749,0.03944578599184752,0.46586950204024713,8.228409519791603,9.171478547652562,1.5467987510065238,,,,
803,0.00012016108054027014,0.10287187168529878,0.025023935639745313,0.0031654608207948814,0.03750794577257087,0.4392540007829666,8.019627511501312,8.957253243525823,1.5354737430810927,,,,
804,0.0001200615307653827,0.10931230859520534,0.023762590149109048,0.0033256818005005092,0.039176608315513776,0.46020109970122575,8.256659305095672,9.215336819489798,1.570428798844417,,,,
805,0.00011996198099049526,0.11067804775666445,0.02268143785325947,0.0032330113849942184,0.038786772390206656,0.44976704350362223,8.1961139023304,9.182938971122105,1.5630859451989332,,,,
806,0.0001198624312156078,0.09889673638002326,0.02546898137173154,0.003031596733853803,0.03901705207924048,0.4572003543066482,8.234358406066894,9.088003502289455,1.5188502430915833,,,,
807,0.00011976288144072036,0.104362457858709,0.021364594193421738,0.0031747597685656123,0.03860792378739764,0.4480009806652864,8.15901549657186,9.13866814772288,1.5415737234055995,,,,
808,0.00011966333166583292,0.09925735692183177,0.01949685735163958,0.0030034774368687066,0.03837748798929776,0.4483621475286782,8.050563422838847,8.977492304642995,1.506392375131448,,,,
809,0.00011956378189094547,0.10649950049507122,0.025138617586310374,0.0032528249571138683,0.04012492293453154,0.46099009045089284,8.323868870735168,9.227979413668315,1.5501031001408896,,,,
810,0.00011946423211605803,0.10030935596053799,0.027068668581056936,0.0031391033156372337,0.03858475422797104,0.4572920003285011,8.138416993618012,9.063771043221156,1.5327408649027348,23.090113314805308,0.6395681357608122,23.916568206339527,0.6737223075144866
811,0.00011936468234117059,0.10267720765744646,0.02440368606897986,0.0032520802700067484,0.03841249090619385,0.4510184445728858,8.11987971464793,9.102788494030635,1.5436134119828542,,,,
812,0.00011926513256628315,0.09548372010855626,0.0225998094731537,0.0030222674260585334,0.037287645996548234,0.43441185311724745,8.0268441816171,8.93420623143514,1.5073358461260795,,,,
813,0.00011916558279139571,0.10344332919921725,0.022778717502421605,0.0029791723663947778,0.03789962771891927,0.4432906529555718,8.065379254023235,9.00290462176005,1.52670205210646,,,,
814,0.00011906603301650826,0.10117851737886667,0.024945596148006642,0.0031869938299981487,0.03828498777390147,0.4550255075097084,8.158798438310622,9.021948595841726,1.5398802091677983,,,,
815,0.00011896648324162082,0.10365271823635945,0.027685558124720917,0.003085259488398151,0.03824794618800904,0.44796651527285575,8.170477189620335,9.135994561513265,1.5442143733302751,,,,
816,0.00011886693346673338,0.10126351434737443,0.026586781238846058,0.0032704481278415186,0.03785773911513388,0.4401610095985234,7.989359230796496,8.906778830289841,1.5221719865997632,,,,
817,0.00011876738369184592,0.10380431429948658,0.02341060356537715,0.0030282408224593382,0.038113190613997476,0.44250209353243314,8.077178252736728,9.016342558463414,1.530777455617984,,,,
818,0.00011866783391695848,0.10287730453225473,0.023634463034973408,0.0032642424124787795,0.03968982002697885,0.4649811306968331,8.202308062712351,9.090701820453008,1.5396164116760096,,,,
819,0.00011856828414207104,0.10908750275460383,0.024998622199187064,0.0032909762165218128,0.0386133553343825,0.45030276604617636,8.164359029134115,9.070845584074656,1.5415343418717384,,,,
820,0.00011846873436718359,0.09819614831358195,0.025447218445106518,0.0029445747083324627,0.03719564212951809,0.43738156020020447,7.981661357482275,8.79755875269572,1.4755766538282236,23.091388433492757,0.6395751071084774,23.91296021447457,0.673739084828481
821,0.00011836918459229615,0.1057057173922658,0.018956750158719397,0.0032389509343677975,0.0394873072548459,0.4624398524562518,8.255362969636916,9.173838750521343,1.553904477506876,,,,
822,0.00011826963481740871,0.10150136130396277,0.019415444865400745,0.0030181902041173697,0.03788746594606588,0.4372685148070256,7.945903304219246,8.882690157492956,1.5098827995359898,,,,
823,0.00011817008504252126,0.10695083988054345,0.026857772944849975,0.0030686065176269038,0.038461940475584315,0.44889769634852805,8.031289061903953,8.932228606939315,1.5189708317319552,,,,
824,0.00011807053526763382,0.10033200182563935,0.02245932664085449,0.0029659872575696984,0.03832565242385802,0.44990203843141596,8.140158460537593,9.04352560043335,1.5149810818334422,,,,
825,0.00011797098549274638,0.10793766144973536,0.02547683123061783,0.0031576733657251075,0.039195417655476676,0.4543141666178902,8.188073299328487,9.104343028863271,1.5384519132475059,,,,
826,0.00011787143571785894,0.10829505630147954,0.021607131787233412,0.003335369484193507,0.03845507296888779,0.4540468977143367,8.12070831656456,9.121350848674775,1.5697284869849681,,,,
827,0.00011777188594297149,0.10388194108381868,0.03855670946881513,0.0033166688266646816,0.03824417026092609,0.44824421343704063,8.089242257674535,9.026269487539928,1.5437906702359518,,,,
828,0.00011767233616808405,0.10678351630922407,0.025211944186696655,0.0033608233637399585,0.03930680127620387,0.46526804834914703,8.211460862557093,9.118140892187755,1.5412986981372039,,,,
829,0.0001175727863931966,0.10730396209595104,0.027659820756194147,0.003134837866916011,0.03893743266623157,0.4526146540418267,8.19904155532519,9.097347835699717,1.5334146618843079,,,,
830,0.00011747323661830915,0.09548630566957096,0.018995548010620193,0.003103134453340317,0.03761949446440364,0.44072312768548727,7.968646224339803,8.857203473647436,1.505156753460566,23.05870309529361,0.6392045271147084,23.883647838614728,0.6734761928753588
831,0.00011737368684342171,0.10073955388894926,0.024135501048663126,0.0030888524658924626,0.03784567084318648,0.44442164013162255,8.056491253773371,8.980006855726241,1.5182766678432624,,,,
832,0.00011727413706853427,0.10000041974708437,0.020738160203354047,0.0030717157385273214,0.03806295178364962,0.4407153058797121,8.096093688408533,9.099909762541452,1.5341059948007265,,,,
833,0.00011717458729364683,0.104064842655013,0.01670186857918547,0.0033167684108775576,0.03890681594299773,0.45697693930317956,8.148913942774136,9.078982215126356,1.5433400007585685,,,,
834,0.00011707503751875938,0.10626586098223925,0.024728644807251735,0.0034609313023490056,0.039254194269112,0.4605512707494199,8.164173992474874,9.158461197217305,1.5713103905320167,,,,
835,0.00011697548774387194,0.10199967285152525,0.02133234256959232,0.003208515672395151,0.038162163423839955,0.4427244037700196,8.072045495112738,9.00926300684611,1.5298324284454188,,,,
836,0.0001168759379689845,0.10094078393497814,0.026176924401658634,0.0029971347450555184,0.03821761018286149,0.4479601966838042,8.135898411273956,9.089656164248785,1.5238786307473977,,,,
837,0.00011677638819409706,0.10276038683174799,0.03569095974683947,0.0032504842465338394,0.03880134922995542,0.45685356768469015,8.185570923487345,9.044841154416401,1.525119413435459,,,,
838,0.00011667683841920961,0.09409029834593335,0.027134364975755432,0.0028965413379410166,0.03771975475441044,0.44207390397787094,8.062579633792241,8.941732929150264,1.5011136293411256,,,,
839,0.00011657728864432217,0.10067416680976748,0.026227386503757562,0.0031113801539807656,0.037312357081100346,0.4350085875329872,7.970790142814319,8.925373435020447,1.5192208436628183,,,,
840,0.00011647773886943473,0.09977753412288924,0.01990469985033485,0.0030902056314516813,0.03817554540000856,0.44575784786914785,8.084663706024488,8.962596393624942,1.503541204581658,23.04448338034649,0.6390644248226487,23.876777359858593,0.673468465663304
841,0.00011637818909454727,0.09705668266396969,0.03467272668528286,0.0030162845312588617,0.03705160462219889,0.4364193106691043,7.9324318448702495,8.865747207403183,1.4961844811836877,,,,
842,0.00011627863931965983,0.10392058554571122,0.022125352775145758,0.0030622396053028448,0.03879243184734757,0.45561032462865114,8.19968191186587,9.164050775766373,1.5396257656315961,,,,
843,0.0001161790895447724,0.10433401078140984,0.02018736701474116,0.003041780871778125,0.0388648778006124,0.4524401204039653,8.216795730590821,9.145756248633067,1.5365461866060892,,,,
844,0.00011607953976988494,0.10759662175551057,0.02391363625656311,0.0032780639173627907,0.03915443288666817,0.4572360560142746,8.297301974892616,9.259386400381723,1.5723105743527412,,,,
845,0.0001159799899949975,0.10406061311562856,0.017474414260528686,0.002959596439783733,0.038165281088246655,0.4485136605799198,8.131659836570423,8.999889983733494,1.5117203928530216,,,,
846,0.00011588044022011006,0.10753423026762902,0.022772824929141677,0.0032258553237625165,0.037933967906671265,0.4489046213837961,8.136463163296382,9.131156609455745,1.556160493195057,,,,
847,0.00011578089044522261,0.09973423359915615,0.02483030422004949,0.003300131391370087,0.03908493390772492,0.4585372977579633,8.188237404823303,9.116319557030996,1.5386541401346525,,,,
848,0.00011568134067033517,0.10502474221866578,0.025913204489098025,0.003189514623651727,0.039715454265630494,0.46448093090827264,8.24709876080354,9.185216108957926,1.5443735758463542,,,,
849,0.00011558179089544773,0.10626823998366793,0.027291225750561903,0.003359081197474249,0.039068568664758156,0.45673027510444325,8.187201422452926,9.228548799951872,1.5659555839995543,,,,
850,0.00011548224112056028,0.10217235552457472,0.023034381889395897,0.0031943112959803934,0.03896412316632147,0.45309700708215433,8.143292786677678,9.076745627323787,1.5352538727223872,23.044569481465025,0.6386094655817348,23.877754363244023,0.6736038138284883
851,0.00011538269134567285,0.10561411514257392,0.025482990907243774,0.003104134251771029,0.03834439903342476,0.45254342233141265,8.128993681073188,9.086424307028453,1.5320563318828742,,,,
852,0.0001152831415707854,0.10286283601696293,0.029096032687307153,0.0031627763110615584,0.03811827783550446,0.44419586698835095,8.041583877801894,9.014329655965168,1.5281235995392004,,,,
853,0.00011518359179589796,0.10163092659010241,0.02228521747625791,0.0031323219370581984,0.03863499347741405,0.44821991386512916,8.165895595153172,9.101477275292078,1.5358659652372202,,,,
854,0.00011508404202101052,0.10158040216968706,0.021262476196826204,0.0030793218402929293,0.03829462769984578,0.44906903139005105,8.104987847805024,9.026244300603867,1.5219687576095262,,,,
855,0.00011498449224612306,0.10589865875275185,0.020945694159885876,0.0029684722446593997,0.03823980798479169,0.45143164607385794,8.100599396228791,9.030291631817818,1.520255638162295,,,,
856,0.00011488494247123562,0.10161945024350037,0.02004943127971283,0.00292795703195831,0.03802801063672329,0.4454432261486848,8.015974267323811,8.986598461866379,1.5147659959892432,,,,
857,0.00011478539269634818,0.10241454688366503,0.02113635885258797,0.0029574471550101104,0.038991489125570905,0.4601138086989522,8.19973337451617,9.068294310569764,1.5178046214083831,,,,
858,0.00011468584292146073,0.09956654766574502,0.019677156395036376,0.003095096601100522,0.038535881294713664,0.4543952513486147,8.143089826901754,9.144173973798752,1.5366356665889422,,,,
859,0.00011458629314657329,0.10484001625639697,0.02281622983704968,0.003084913024334431,0.03833139681567748,0.44831298341353737,8.093287545442582,9.011589350303014,1.5178925171494484,,,,
860,0.00011448674337168585,0.10124690203617016,0.022382326017985104,0.0032068978550038687,0.037275214477752644,0.4368185341358185,7.993388772010803,8.9296205163002,1.5156536067525546,23.037289931115428,0.6391233689054245,23.87161434914474,0.6736755125496529
861,0.0001143871935967984,0.10165343469319245,0.02328140782464819,0.0030105989406365554,0.03787744577275589,0.44577856886511047,8.056559869647026,8.963090349237124,1.5220281737546126,,,,
862,0.00011428764382191097,0.10313431202278783,0.02347641898444787,0.0032223854278223977,0.03889852321784323,0.45846781072517234,8.263522376616796,9.173507304986318,1.5472223880390326,,,,
863,0.00011418809404702352,0.10530188363821556,0.021196660064065516,0.003112652986116397,0.03858963979097704,0.4496120670810342,8.152946408589681,9.133194814125696,1.5408699134985606,,,,
864,0.00011408854427213606,0.10046775045339018,0.018621688185257904,0.0030875225261600765,0.03831987713541215,0.4472756206368407,8.146226662397385,9.095364290475846,1.537675912429889,,,,
865,0.00011398899449724864,0.09893698485490555,0.019966723268622387,0.0027421977421302774,0.03801002550171688,0.443770876682053,8.052524224917095,8.963771220048269,1.4894635150829951,,,,
866,0.00011388944472236118,0.10260382365280142,0.024357105038462144,0.0031393503455547033,0.03841062477246548,0.4524739536146323,8.14130304455757,9.088152612249056,1.5329365017513434,,,,
867,0.00011378989494747373,0.10702430907792101,0.02355388740031922,0.003348450564832698,0.039097227718836315,0.4587485007941723,8.217636162042618,9.256144694487254,1.580520698428154,,,,
868,0.0001136903451725863,0.10409462324654063,0.0260902302281058,0.003125430744330515,0.038060711898530525,0.44714722527811923,8.001393882433574,8.933462023735046,1.523082055648168,,,,
869,0.00011359079539769885,0.09894664525830497,0.019744592067769892,0.0031025153404092027,0.039137122752921034,0.4561542187196513,8.092420955499014,8.945301095644632,1.5072445345421632,,,,
870,0.00011349124562281141,0.1054852036293596,0.01878505506340507,0.0032864536970009794,0.03954475492549439,0.4623042153815428,8.237913208206495,9.20014892021815,1.5547819698850314,23.026745132511564,0.6393064195193574,23.85865668165001,0.6735922794291592
871,0.00011339169584792397,0.10148069044419875,0.01955778560870769,0.003058492457785178,0.03853155047399923,0.44955134658763807,8.05981803437074,8.956363121668497,1.5130771569907666,,,,
872,0.00011329214607303652,0.09953889717968802,0.02801123034428201,0.0030536034636194625,0.03740378837877264,0.44290080821762484,7.925842861334483,8.835961866378785,1.5039706774055959,,,,
873,0.00011319259629814908,0.10596634176714967,0.0175864781626944,0.0031720535875138013,0.04024624765540163,0.47408935989563666,8.31566468278567,9.21760062177976,1.539066767692566,,,,
874,0.00011309304652326164,0.09548151303703586,0.0221438409903944,0.0031371544124946618,0.03780892855332543,0.4435060491164525,7.911341113845507,8.783331883947055,1.4925076896945635,,,,
875,0.00011299349674837419,0.10086837228542815,0.020738959193529163,0.00320898357713304,0.03854099420520166,0.45016196186964713,8.079373135169346,9.034745727976164,1.5294362549980483,,,,
876,0.00011289394697348675,0.10555662879099449,0.028461743298935954,0.0031221045114458927,0.03837594094220549,0.4497337338825067,8.149963629245757,9.110988775889078,1.5448495815197627,,,,
877,0.0001127943971985993,0.10654672728075336,0.026226599535118092,0.0029376195766114203,0.03804729829037872,0.44866960554694135,8.08121138215065,9.063524681329728,1.523078665137291,,,,
878,0.00011269484742371185,0.10482836680021138,0.023801927989442126,0.0031560786456490556,0.03877159773643749,0.45270860753953457,8.084021761020024,9.017595344781876,1.5295213393867015,,,,
879,0.00011259529764882443,0.10260490441384415,0.028008527594251594,0.0033112286929584418,0.03836543964377294,0.4488029116143783,8.046073732773463,9.032646044095356,1.537834981828928,,,,
880,0.00011249574787393697,0.0994870467033858,0.024972247211881418,0.002792941957917113,0.0376627809756125,0.4381020300711195,7.896632498502731,8.817380287249883,1.4700501029690107,23.040926145090534,0.6393863855986555,23.88511288120053,0.6739702922546711
881,0.00011239619809904952,0.10508469286529969,0.021445595982529635,0.003244002861174522,0.038854965090285985,0.4550742092231909,8.137001144886018,9.12601753671964,1.5490239155789216,,,,
882,0.0001122966483241621,0.1016745284665376,0.02045039486472646,0.003090764454342813,0.03832995155826211,0.450910679778705,8.037171121438345,8.969046076138815,1.5159815475344658,,,,
883,0.00011219709854927464,0.10553854713992526,0.024397454008989426,0.0031879950883497562,0.03886784421435247,0.45147978731741506,8.201077604293824,9.20776771903038,1.554727483044068,,,,
884,0.00011209754877438719,0.10927245778342089,0.0299338008255044,0.003154302866399424,0.038622465694788846,0.45523934134592614,8.154116523265838,9.079949212074279,1.5469139342506726,,,,
885,0.00011199799899949976,0.0990336425214385,0.03665520832742809,0.0029095937827150918,0.038197422008185336,0.44743191969270507,8.065929799278576,9.022362621625264,1.5130013783772787,,,,
886,0.00011189844922461231,0.10045540220259379,0.026569012656285907,0.0031412137315783182,0.038106126489583406,0.4510468360657493,8.09665543238322,9.068783297141392,1.5390805574754873,,,,
887,0.00011179889944972487,0.10043921316973865,0.022305099243158585,0.0029792406898195623,0.038188247266225515,0.4462297396734357,8.083124673366546,9.07709521651268,1.5256336065630118,,,,
888,0.00011169934967483743,0.10000369420740754,0.019719683160577973,0.003141397357133731,0.038640721002593637,0.45470853031923375,8.179761805136998,9.03556958635648,1.5285014758507411,,,,
889,0.00011159979989994997,0.09975232825769732,0.025586389439484946,0.0029481730684589517,0.038147911957154675,0.44479328573991855,8.10392431418101,9.072190608580907,1.522488600263993,,,,
890,0.00011150025012506253,0.10393740925161789,0.018926425345269376,0.0030752927590280404,0.03794073590543121,0.4426228686546286,8.05438643892606,9.06198301712672,1.531613510598739,23.062403319572564,0.6397649650847674,23.904918470876904,0.6742647959719864
891,0.0001114007003501751,0.10636537010626247,0.03403009742136393,0.0031611122607500875,0.0391226039112856,0.4539567319055398,8.089178063472112,9.037967111666998,1.5276248313486576,,,,
892,0.00011130115057528764,0.10221931087629249,0.022684103397329142,0.003212900917242223,0.039173478020044665,0.46010626846303543,8.178614463408788,9.140148641665776,1.5504453510046006,,,,
893,0.0001112016008004002,0.10827097928461929,0.020893054922091637,0.0033554268742591376,0.03911574937325592,0.45784748944764336,8.167845131953557,9.203476756811142,1.5691467138628166,,,,
894,0.00011110205102551276,0.10385885236319155,0.028151070015086786,0.0030222804542669717,0.03795874014807244,0.44866396666814884,8.005614096919695,8.947856772939364,1.5204875081777574,,,,
895,0.00011100250125062531,0.10110847810283304,0.02843089360292185,0.0029963474356312267,0.03826177795417607,0.4476317916065454,7.978081121047338,8.917620740334193,1.5079532613356907,,,,
896,0.00011090295147573787,0.10471153976395726,0.021484731267396504,0.0030970791882282355,0.03850793195500349,0.45051979380659757,8.132802113890648,9.11582590341568,1.5362439232567946,,,,
897,0.00011080340170085043,0.10407463146063188,0.021848895872988786,0.0031386434711142405,0.038511562793670844,0.4466486693359911,8.061769391099611,9.032397612929344,1.5311064099272091,,,,
898,0.00011070385192596299,0.10406648352121313,0.026124403550694335,0.003192757272396799,0.038183896460880835,0.44300431658824285,7.999305168787639,8.940252584218978,1.5214573974410692,,,,
899,0.00011060430215107555,0.10744296542058389,0.018546232537433364,0.0031450417405721963,0.03825452877596642,0.44787565860897305,8.06710605621338,9.101359309752782,1.5378638073801993,,,,
900,0.0001105047523761881,0.10584999523125589,0.02096082077894934,0.0031279229542027073,0.039003027005431554,0.45321613512933256,8.154171673456828,9.131837954123815,1.5395659998059272,23.06722673324224,0.6398154606395244,23.9171627894947,0.6742444298322496
901,0.00011040520260130066,0.09965304400150975,0.019352303456486197,0.0030935570873831847,0.03776443550013937,0.4448820466951778,8.095691970984142,9.058718845248222,1.528786723812421,,,,
902,0.00011030565282641322,0.10424805514048785,0.019258897982717352,0.0030142243474983845,0.037998255035684755,0.4410349566489458,8.022188065449397,9.071488364537556,1.5374348265429338,,,,
903,0.00011020610305152576,0.0984851108243068,0.024254356216478593,0.0028794074514735257,0.03853546711228167,0.44908996143688756,8.094496077299118,9.045869235197703,1.5146089817086856,,,,
904,0.00011010655327663832,0.10642973145780464,0.022834384426657788,0.0029238841550371336,0.03869185389097159,0.4563352445761363,8.149736297130584,9.065272800127666,1.510781895617644,,,,
905,0.00011000700350175088,0.10104872433391089,0.0199519043096096,0.0028867797032035014,0.0379107487135722,0.4370292230509222,8.044258437554042,8.911400957902272,1.495691425849994,,,,
906,0.00010990745372686343,0.10171777475625277,0.01968851416701606,0.0030822939870025342,0.039777447539381686,0.4642908614128828,8.295274901390076,9.164507734775544,1.5332495654622713,,,,
907,0.00010980790395197599,0.10209736382433524,0.022964573232405645,0.0028630409674102945,0.03758682021871209,0.4405219562351704,7.990921495358149,8.910825798908869,1.5053392017881075,,,,
908,0.00010970835417708855,0.10865222839638591,0.01936603145619955,0.0032499388415696256,0.038567794890453415,0.4479797805349032,8.123221784830093,9.098693770170211,1.5512300240496795,,,,
909,0.0001096088044022011,0.10171714588068426,0.02375119793553916,0.0029670022577799196,0.03844808640036111,0.4485634773038328,8.01468845208486,8.91963467001915,1.4977003072698911,,,,
910,0.00010950925462731366,0.10674294796772302,0.028795027656397566,0.003194451066641098,0.039068871759809554,0.45650873308380446,8.243253246943157,9.195234711964925,1.5518752932548523,23.057356322638142,0.6397743311571943,23.914374301382853,0.6742718865358456
911,0.00010940970485242622,0.10803234338139495,0.022785402245038947,0.00295736878876293,0.03785023228653396,0.4401467828080058,7.9883912086486815,8.962593896190326,1.513841222723325,,,,
912,0.00010931015507753878,0.10597310486094405,0.02111741440050755,0.0031297350533956584,0.03830434454915424,0.450028567481786,8.167438624302546,9.157717277606329,1.5528469391167163,,,,
913,0.00010921060530265132,0.10059378008979063,0.01697994772387877,0.0030889697051558565,0.03798668612337982,0.4488550475488106,8.03561423420906,8.980018803477288,1.5191871436933677,,,,
914,0.00010911105552776388,0.10118056915234774,0.019556249580846934,0.003013835416883618,0.03904289363417775,0.4565418193427225,8.135718886057536,9.036570078134536,1.5154108499487242,,,,
915,0.00010901150575287644,0.10845474059460684,0.018496410202061973,0.003276491533445854,0.03928833325626328,0.4594917008963724,8.160128446420034,9.119236052036285,1.5449888169765473,,,,
916,0.00010891195597798899,0.10044456645070264,0.022859355106729613,0.002981192941903525,0.037688519107177854,0.44303841814398764,7.970616173744202,8.895639022191366,1.5030949806173644,,,,
917,0.00010881240620310155,0.10616001859307289,0.01987350212592389,0.003031847039771189,0.04030526740243658,0.47418437749147413,8.352152119080225,9.370612051089605,1.558973236133655,,,,
918,0.00010871285642821411,0.09718500067635129,0.02222852098365351,0.0031567489785629733,0.03858852635215347,0.4560446426582833,8.072853042682011,9.005071171124776,1.5256529738505682,,,,
919,0.00010861330665332667,0.10099603806932768,0.021646749463683078,0.0032402572459735287,0.03896114957751706,0.4509257484848301,8.179909521341324,9.173390968640645,1.5581686740120253,,,,
920,0.00010851375687843922,0.10415614407975227,0.03193297946861857,0.0032117895321183217,0.039197906556849675,0.4629325784742832,8.18163159886996,9.157642483711243,1.5489214760561785,23.044990699871995,0.639375379127552,23.91569694081179,0.6743892170531398
921,0.00010841420710355178,0.10042523716110736,0.03136672929495532,0.0030596283970226066,0.03731155904242769,0.43884514175976314,8.029686758915583,8.944120007753373,1.5244096897542476,,,,
922,0.00010831465732866434,0.10283521626455089,0.016151355554209584,0.0030149972497990046,0.03816674660386828,0.44995728504533566,8.068355601032575,9.01989264289538,1.5191831474502882,,,,
923,0.0001082151075537769,0.10362553116865456,0.022323635776106698,0.003171540124215729,0.03773965706738333,0.44275110187008976,8.031624986728032,9.062334964672724,1.5405075192451476,,,,
924,0.00010811555777888945,0.09859032044187188,0.024203039807573153,0.0029053230073865658,0.03818350371827061,0.4457832622031371,8.04143345952034,8.92747142513593,1.4988439751168092,,,,
925,0.000108016008004002,0.0977134550921619,0.023006330407014275,0.0029733838369187045,0.03799717638175935,0.44699849545334774,8.076519554853439,9.001895773410798,1.5078790145615737,,,,
926,0.00010791645822911457,0.1014920343256866,0.02145143672292491,0.0031775829643568916,0.03845180464365209,0.4528650990997752,8.082877006133398,9.031667858362198,1.530479417492946,,,,
927,0.00010781690845422711,0.09570399039269735,0.020456458513526836,0.0029821834172859478,0.03761246864063044,0.43733558170497416,8.00509009162585,8.957076368729274,1.5083416568736234,,,,
928,0.00010771735867933967,0.10113066698734959,0.02301221832384049,0.002959230067244789,0.0385309922741726,0.4515645824372768,8.078133704264959,8.997132231791815,1.5139730781316758,,,,
929,0.00010761780890445223,0.10540490896285822,0.03605654910056539,0.003091911131317223,0.03878414025530219,0.4525267532095313,8.09141273299853,9.076836208502451,1.5414471298456192,,,,
930,0.00010751825912956478,0.10056470343067,0.02634896356545108,0.0030189018484331124,0.03848022785192976,0.45584254649778205,8.119863708813986,9.033852132161458,1.5178111461301644,23.035153400280638,0.6391775492758488,23.896104496591466,0.6743063497873837
931,0.00010741870935467734,0.09353359970264137,0.02213021468081872,0.002978664958148632,0.038714034218961996,0.45075352415442466,8.150226964553196,9.022592477003734,1.5059920579195023,,,,
932,0.0001073191595797899,0.10224311192675183,0.02493320055471789,0.003299467877999026,0.038694385602138934,0.4536764599693318,8.108068573474885,9.110662778218588,1.5494848305980364,,,,
933,0.00010721960980490245,0.09990819534286857,0.025677171492261883,0.0032511897696470746,0.03899476984903837,0.45464629791676997,8.097377187013626,9.000710028409959,1.5174130894243718,,,,
934,0.00010712006003001502,0.09941201858067264,0.023547721845013334,0.003080145198327955,0.03757918538758531,0.4447138332761824,7.985682055354118,8.932209981481234,1.5153202945987383,,,,
935,0.00010702051025512757,0.10208368816723426,0.017561833563302306,0.0030057500601590923,0.03845005555388828,0.4494489242322743,8.087736016511917,9.105845165252685,1.5309507464369139,,,,
936,0.00010692096048024013,0.10316095650972178,0.023829254691110673,0.0031403319122546235,0.038787749611462155,0.4521367827740808,8.164665372172992,9.091212107737858,1.5273662974437079,,,,
937,0.00010682141070535269,0.10154863784555346,0.023523645342765083,0.00316199361004692,0.03840328911319375,0.4537455615277092,8.048174214363097,9.06395356853803,1.5446412915984788,,,,
938,0.00010672186093046523,0.09983663884922862,0.023691486257425252,0.0029040670800289567,0.03762551601588105,0.4423444532478849,8.04387456079324,8.958259093761445,1.5071964999039968,,,,
939,0.0001066223111555778,0.10139584058585266,0.019002308891540545,0.003171120464988538,0.03825251580759262,0.4501800288756688,8.056567098697027,8.984179788827896,1.514624937872092,,,,
940,0.00010652276138069035,0.10589829466771335,0.021672026646484,0.0032320612693486814,0.038758977110652876,0.4559862855200966,8.114092061916987,9.106422968705495,1.5465664957960448,23.026683112085852,0.639193039732685,23.895674130423895,0.6743200791085612
941,0.0001064232116058029,0.09958440792591622,0.02175097301670353,0.0031144613931852897,0.038474461298513535,0.45340276081115005,8.100182942549388,9.066612124443054,1.530606909841299,,,,
942,0.00010632366183091546,0.10494542297286293,0.020041504621281212,0.0032397756838084507,0.03911162491034095,0.45236609543984135,8.17200933098793,9.114160112539928,1.550861095637083,,,,
943,0.00010622411205602802,0.10139414441461364,0.020694999137766956,0.0030890255779619717,0.03930731889947007,0.4615748895953099,8.254360538721084,9.214627663294474,1.549064797659715,,,,
944,0.00010612456228114057,0.10167469571654995,0.023450255093080585,0.0032013033405140353,0.039045454449175544,0.45454153095682465,8.189624309539795,9.200749629735947,1.5422356041769187,,,,
945,0.00010602501250625313,0.10262078285838167,0.020598731159310546,0.0031096628794330173,0.03890689284307882,0.4529675837295751,8.212546680370966,9.043822987874348,1.5155408387382825,,,,
946,0.00010592546273136569,0.10125130550780644,0.019142562955259023,0.0030686290367157197,0.03829440079474201,0.4473789532979329,8.12672748764356,9.083527477582296,1.5258494953314463,,,,
947,0.00010582591295647824,0.10687756192249556,0.02247217039999659,0.0031911428089491287,0.03860004430559153,0.454285176564008,8.142147131760915,9.079743051528931,1.537412970761458,,,,
948,0.00010572636318159081,0.1026649359613657,0.01783654930346164,0.00316129644367417,0.03915978980949149,0.4619823343741397,8.192739876111348,9.148448117574056,1.534036049246788,,,,
949,0.00010562681340670336,0.10062048855858545,0.01878141335616874,0.0031110586115876988,0.0396229259398145,0.46655573177461823,8.199401066700618,9.142375780145327,1.5285313241183758,,,,
950,0.0001055272636318159,0.09913758020848036,0.019802182004567234,0.0029797832768963415,0.038273385842330754,0.44898568590482074,8.129570730527242,9.039352413018545,1.5132662241657575,23.038555452906113,0.6391553711013276,23.91664674544388,0.6746097181943206
951,0.00010542771385692848,0.09575235136629393,0.01758635097524414,0.0029272284394513313,0.03862884121093278,0.45144526235138377,8.064222929875056,8.978364602724712,1.501506617665291,,,,
952,0.00010532816408204102,0.10671089415748915,0.023278900865543642,0.003292241960783334,0.0389859592639065,0.45616381491223973,8.143968844413758,9.087510632475217,1.5329029865562915,,,,
953,0.00010522861430715357,0.10181824814838668,0.022745398519138267,0.0029921328422157483,0.03841281121907135,0.4489246794488281,7.9962636431058245,9.000248366594315,1.5152389275530973,,,,
954,0.00010512906453226614,0.09897717690716187,0.02170913930101932,0.002999822670578093,0.03713049384532496,0.4326646930227677,7.901292791962623,8.869749802350999,1.5034079864621162,,,,
955,0.00010502951475737869,0.10931053660654773,0.019830270293153755,0.0032945313293263703,0.038895378432547055,0.4553839090280235,8.258821390072505,9.304526474078497,1.5792416304349899,,,,
956,0.00010492996498249125,0.1054835524254789,0.018649321577365187,0.003182040708027974,0.03922158800026712,0.4570377031651636,8.155309995015463,9.125237290064494,1.542353088905414,,,,
957,0.00010483041520760381,0.10368965398520232,0.022275198442046455,0.003205635751025208,0.037928775080945346,0.4498150567524135,8.04789070089658,9.03349810540676,1.532596190770467,,,,
958,0.00010473086543271636,0.1058252566649268,0.024208655481879286,0.003109028352992027,0.03817415841234227,0.4504362019865463,8.048633750279745,8.995460307598114,1.5134851594765981,,,,
959,0.00010463131565782892,0.09827659380777429,0.01798731482424216,0.0030328308819055866,0.03798289281936983,0.44827672448009254,8.05407460530599,9.025442387660345,1.5183988096813361,,,,
960,0.00010453176588294148,0.10101383121218532,0.031844368820272945,0.0031369421066907914,0.03849903629161418,0.4492935860839983,8.017689323425293,8.985533132155735,1.5202019723753135,23.03021454498067,0.6389226193939305,23.896567619511902,0.6743682414913447
961,0.00010443221610805402,0.10476961617823691,0.021819947391153248,0.0030805724525635016,0.03853974405598516,0.4501784127826492,8.00693009297053,8.934496588508289,1.5104376889765263,,,,
962,0.00010433266633316658,0.09782445117210349,0.022219742531621022,0.0032002438098061247,0.03828634401628127,0.45297104542454086,8.12646433909734,9.063741487264632,1.5392554874221485,,,,
963,0.00010423311655827914,0.1000901056220755,0.02378462969541365,0.0031668729227628018,0.038125171857730795,0.44525711542616286,8.075086785356204,9.060736999909084,1.5390062279999257,,,,
964,0.00010413356678339169,0.09993992814173301,0.016823147104876788,0.003038086101848118,0.03849600973383834,0.45476103167360027,8.049511963129044,8.994848424196244,1.5069057596226534,,,,
965,0.00010403401700850427,0.10245180833153426,0.018900151356246654,0.003059349399457763,0.038565472288367646,0.4505368838086724,8.096029849847158,9.082187807559967,1.5289943873882295,,,,
966,0.00010393446723361681,0.1061717018019408,0.01996514111937344,0.003246732546661709,0.038002612655206276,0.44401965172340474,8.10072193344434,9.095094595352808,1.5446025470892588,,,,
967,0.00010383491745872936,0.10390533376485109,0.01771849459612535,0.003105179399426561,0.0383614749298431,0.4478526037496825,8.072929541269938,9.046140545606614,1.5277293145656585,,,,
968,0.00010373536768384193,0.10069934728865822,0.020224007702224846,0.0030141345158578286,0.03758897676598281,0.44094797419384124,8.035488551855087,8.953409423430761,1.514056222140789,,,,
969,0.00010363581790895448,0.1027838942517216,0.01807130631307719,0.003135698221740313,0.03850722510057191,0.4522507793890933,8.046211588382722,8.985167076190313,1.5206899804373581,,,,
970,0.00010353626813406703,0.10103842532262206,0.03341648803004181,0.003039428880462462,0.03790941145659114,0.44563927638034023,8.001658549904823,8.949052500724793,1.5166740509370962,23.053155866154075,0.6384636059502541,23.923615091091065,0.6745049094414993
971,0.0001034367183591796,0.10381054487855484,0.023551328958793742,0.003197465253712532,0.039332555156822005,0.46196599037696917,8.12610520919164,9.0641084531943,1.5373231612145901,,,,
972,0.00010333716858429215,0.10369542598103483,0.021581493539686154,0.0032282132716015136,0.038949730064875135,0.4473830739657084,8.109296005964278,9.144118579228719,1.5582661765317123,,,,
973,0.0001032376188094047,0.09689144243020564,0.023452859662346743,0.003247259407908132,0.03872996341669932,0.4559897001522283,8.096868872642517,9.070864967505138,1.5463991565008959,,,,
974,0.00010313806903451727,0.10028444203392912,0.020178980535876197,0.0030273657606812777,0.03814138923383628,0.4449729618926843,8.025110238790512,8.984908537069957,1.5134241392215093,,,,
975,0.00010303851925962981,0.1014867137108619,0.021338730677026043,0.0031107175508320022,0.03813763688085601,0.44443968509634335,8.044369485974311,9.07643784681956,1.5415989575286706,,,,
976,0.00010293896948474237,0.09467162755317986,0.018585554182986404,0.003079209191734359,0.03768952403527995,0.4413375639046232,7.983741227785746,8.937569816907247,1.5135114409029484,,,,
977,0.00010283941970985493,0.10275341731030493,0.023612320195950314,0.003176194374464103,0.03839522369283562,0.4487863905106982,8.026074228684108,9.03546272913615,1.5318676869074503,,,,
978,0.00010273986993496748,0.09802367648420235,0.020975328476682858,0.0029509812404285183,0.03756624106123733,0.44152245242148636,7.966618442535401,8.919556469718616,1.5051917033890883,,,,
979,0.00010264032016008004,0.10327142298532029,0.02116051499723426,0.0029637029528506295,0.03803911153615142,0.4444607590014736,8.071660454074541,9.06229660709699,1.5171245391170183,,,,
980,0.0001025407703851926,0.09860893655568362,0.02048221228123879,0.003141401677203248,0.03886541913961992,0.45182630450775224,8.204616616169611,9.151667207479477,1.5475528535743555,23.03886749326914,0.6387401072997901,23.923222276630394,0.6745132756449387
981,0.00010244122061030515,0.0988097644954299,0.020561787659348834,0.0030749627339294724,0.0383395492642497,0.45189517894759773,8.006616878509522,9.018832129240035,1.5222784680624803,,,,
982,0.00010234167083541772,0.10794286226543287,0.027688867167149075,0.0032407233703755384,0.03931226767987634,0.4580432480511566,8.174639504154523,9.177145983775457,1.5546113515893618,,,,
983,0.00010224212106053027,0.09842360405406604,0.023622407376887603,0.0029249412361726473,0.03836019169151162,0.4518871359837552,8.134744371970495,9.12113840977351,1.5224080820878347,,,,
984,0.00010214257128564283,0.09660048993925253,0.01772592157076384,0.0030096259540490183,0.037455229309853164,0.4383622171046833,7.893922984600067,8.835199052095414,1.487683747212092,,,,
985,0.00010204302151075539,0.09883447960795214,0.015839009561725702,0.0030240813501222876,0.03736289502121508,0.43205520547926424,7.868623782197634,8.797439980506898,1.4841073346634706,,,,
986,0.00010194347173586793,0.0979544986349841,0.019724164954550597,0.002976973768879058,0.037231880081041405,0.43595276391133664,7.903695390621821,8.840649859110515,1.4985010596613089,,,,
987,0.0001018439219609805,0.10464726558420807,0.019738335146831078,0.0034292027873865055,0.03910496587244173,0.4626723947003484,8.168811776240666,9.181810686985651,1.564588857938846,,,,
988,0.00010174437218609306,0.10234685879355918,0.028035643843531705,0.0029801022740381694,0.03852776025111477,0.4487804831316074,8.099773041407268,9.057664837439855,1.5169859538475672,,,,
989,0.0001016448224112056,0.09493540649612744,0.021251762230042458,0.00293395988313326,0.03620794207672588,0.4229111682934066,7.844997056325277,8.777689552307129,1.4812187174956004,,,,
990,0.00010154527263631816,0.09922584741531561,0.019599103259502235,0.0029928215459221973,0.037691239104606214,0.4449957140100499,8.034070051709811,9.03640758395195,1.5270529168347518,23.047016830870998,0.6386684528111571,23.918609588852025,0.6744670621966551
991,0.00010144572286143072,0.09670541988840947,0.023020279630156418,0.0031713091191098402,0.03844984495469059,0.44744036526729664,8.04974925716718,9.026044594248136,1.5235350986321767,,,,
992,0.00010134617308654327,0.10192399507698914,0.020704540081020777,0.002999629674620034,0.03871569208179911,0.45623921826481817,8.167287796735764,9.191049851973851,1.5398500822484493,,,,
993,0.00010124662331165583,0.09589807956945151,0.02127342815428387,0.00303662217532595,0.037780546590996285,0.44242679023494325,7.9526771406332655,8.886993675430615,1.4943405489126842,,,,
994,0.00010114707353676839,0.10437178370387604,0.022255808328637747,0.0031765377869911997,0.038163433189038184,0.4502647038238744,8.001590768496195,8.985171473026275,1.5295367650687695,,,,
995,0.00010104752376188095,0.09822990033620348,0.017322198914098644,0.002896063713039136,0.038591445058894655,0.4512424260377884,8.03896323442459,8.968473084767659,1.501749932517608,,,,
996,0.0001009479739869935,0.10390979306927571,0.024885287961100625,0.0031073637544371496,0.03784900264193614,0.4440266896039248,8.079173272848129,9.094455073277155,1.5385642657677332,,,,
997,0.00010084842421210606,0.09565386194735766,0.018597496342562653,0.0028970721212317587,0.038090093470721814,0.4445638041011989,7.98648355404536,8.919432163238525,1.4927852178613346,,,,
998,0.00010074887443721862,0.10091609857821217,0.031635232058366825,0.00301401311292769,0.038363398460205644,0.4480543273501098,8.037753596901894,9.035046589374542,1.5185530732075374,,,,
999,0.00010064932466233116,0.10256810043938458,0.02674898581309956,0.0030313293066986566,0.03857343302806839,0.4554529388124744,8.193284040689468,9.14573221007983,1.541548782090346,,,,
1000,0.00010054977488744372,0.09737558195677896,0.0229538422781386,0.00292447583063525,0.03836848125404989,0.4479006960056722,8.041623200972875,8.933431122700373,1.498547233392795,23.073547213286307,0.6392735890418269,23.93744940337238,0.6745289809746495
1001,0.00010045022511255627,0.10211709865834565,0.019299288139460913,0.0031778804734737304,0.03850893870306512,0.4517748755713304,8.027705680330595,8.950393310189247,1.5150589900712172,,,,
1002,0.00010035067533766884,0.09997539887359987,0.01858253834349123,0.0028926909298509903,0.037519105104729535,0.43571036846066513,7.917649101217588,8.86735529700915,1.49553979113698,,,,
1003,0.0001002511255627814,0.10041023703912894,0.018481395507457303,0.003009647859137961,0.038317052271061885,0.45171322192375857,8.038439031442007,8.975819663206737,1.509034548451503,,,,
1004,0.00010015157578789394,0.10618919489594797,0.026961568499353678,0.003142787220622267,0.03837014193413779,0.4527371927474936,8.140661694606145,9.07631613413493,1.5312757680813471,,,,
1005,0.00010005202601300651,0.09812669192906469,0.021991029944411385,0.002957601429746622,0.03775317015242763,0.4432368812461694,8.02962442835172,8.980807779232661,1.5083528704941274,,,,
1006,9.995247623811907e-05,0.10540212836737434,0.023180290230829806,0.003055613321339479,0.03844920454236368,0.450611576748391,8.096893930435181,9.120621399084728,1.5360327797631423,,,,
1007,9.98529264632316e-05,0.09807635771576315,0.019751669461540187,0.0030268229415014503,0.03818602222017944,0.4485580591795345,8.057692783077558,9.023160952329636,1.5175091880063216,,,,
1008,9.975337668834418e-05,0.10325633197401961,0.021982862697814673,0.003079764196869898,0.037359064966828254,0.4364236708730459,7.971150223414103,8.986733468373616,1.5289453953504561,,,,
1009,9.965382691345674e-05,0.10081720526407784,0.022274287935047828,0.003130602957268517,0.038268624436265476,0.4480779425241053,8.021568820873897,8.983485877513885,1.5198012394209703,,,,
1010,9.955427713856927e-05,0.09990577863839765,0.024227169183110676,0.0030592589392957354,0.038199742619569106,0.4476689205504954,8.038783901929856,8.968925940990449,1.5161720179021358,23.05634506743253,0.6395255885595789,23.91578206515935,0.6743144371531138
1011,9.945472736368184e-05,0.09970702864229679,0.01914458171541445,0.00307890420347879,0.03795481567503885,0.4462897652449707,7.969061613082886,8.966247779130935,1.5210630575815836,,,,
1012,9.93551775887944e-05,0.10296329489598671,0.017514062511265867,0.002957230568911958,0.038379469021068265,0.45235590108980733,8.06311239997546,8.971447263161341,1.5013968711098036,,,,
1013,9.925562781390697e-05,0.10111057238342862,0.022097845020658015,0.0030314328071350855,0.03817682402441278,0.4432919984062513,8.057262883583705,8.936126220226289,1.5159748474756876,,,,
1014,9.915607803901951e-05,0.0991081549708421,0.027210381701961713,0.002927187845610509,0.03837862721411511,0.4496033683729668,8.096912652254105,9.007462587952613,1.5114989764988422,,,,
1015,9.905652826413207e-05,0.09989164414194723,0.04264978985640226,0.003035032924465971,0.03847660453757271,0.4523626692282657,8.144057049353917,9.185177715619405,1.5514214582741261,,,,
1016,9.895697848924463e-05,0.10171282739999393,0.021460994820577166,0.003163982973577125,0.03919770878662045,0.458251561007152,8.166846140225728,9.121050171057384,1.5354093740383783,,,,
1017,9.885742871435718e-05,0.09895482109859585,0.01601091184028031,0.002980010693621201,0.03782279363367706,0.4388941406272352,7.887894566853841,8.80418167511622,1.476028744628032,,,,
1018,9.875787893946974e-05,0.1048364955931902,0.01714373505240303,0.0030717168800644384,0.03809408477585142,0.4425547234714031,7.988307136297226,8.97700050075849,1.5209806578854719,,,,
1019,9.86583291645823e-05,0.09797401144169271,0.02295094225408665,0.002890268425956795,0.037534409169650944,0.4380715700176855,7.970680638154348,8.907099653283755,1.4979944807787737,,,,
1020,9.855877938969485e-05,0.10742878468396763,0.02528735131719936,0.0030828166297093653,0.0392455263955829,0.45745684262365105,8.13123084505399,9.054628213246664,1.5216933483878772,23.09440536457357,0.6402790494758592,23.954270869983556,0.6746844033923177
1021,9.84592296148074e-05,0.10852490204075972,0.025436241445425622,0.0032790044252275644,0.039224998656815536,0.45642506117001175,8.185816806554794,9.230674850940705,1.5717572674155236,,,,
1022,9.835967983991997e-05,0.1032962887082249,0.019251487843337856,0.003109612679751687,0.03853190616161252,0.4515531279767553,8.08312974969546,9.038579893112182,1.5226874259610972,,,,
1023,9.826013006503251e-05,0.10510476321602862,0.021741991534602316,0.0031539101347940837,0.03803991969519605,0.44263796918094156,8.10056800643603,9.095752280950546,1.545144761602084,,,,
1024,9.816058029014507e-05,0.10128373243690779,0.02053269580609012,0.003056413920906683,0.03819760250626132,0.4446833369943003,8.051408618688583,8.96176918943723,1.5074946594734986,,,,
1025,9.806103051525763e-05,0.10137900502886624,0.02537381000667628,0.002943535857593815,0.03900994310776393,0.45568384680276114,8.1585846443971,9.109688697258632,1.5169490200777849,,,,
1026,9.796148074037018e-05,0.09926894754947474,0.01680610753624071,0.003048834612976255,0.03745113004697487,0.4391319359963139,7.965394678711891,8.944893697897593,1.5088511231044928,,,,
1027,9.786193096548274e-05,0.09771291205349068,0.019922138708069307,0.003101025709111127,0.03809140618735304,0.446593609948953,7.987084915240605,8.949575060606003,1.5106717956562836,,,,
1028,9.77623811905953e-05,0.09801344484246026,0.017885377620545265,0.0030749293201400483,0.03802866487530991,0.4461709431062142,7.947197153170904,8.953525614738464,1.5124501124024392,,,,
1029,9.766283141570785e-05,0.10110911815427244,0.021404219793746293,0.0030599591390152153,0.037886856017091,0.4472642659364889,7.961472267905871,8.89830808242162,1.504145450393359,,,,
1030,9.756328164082041e-05,0.09952934320705632,0.019638717272878973,0.0030352498722398496,0.037872400127040844,0.44554274193942545,7.98990949789683,8.901824140548706,1.5094280764460564,23.115116492607253,0.6404161602373333,23.984239700766874,0.6748302444011426
1031,9.746373186593298e-05,0.10584991370948653,0.020246340760629287,0.0030314447053569893,0.03829286073838981,0.44668087183187405,8.128433974583944,9.136537386973698,1.5399939827620983,,,,
1032,9.736418209104551e-05,0.10558157436704883,0.026128063017848292,0.0029621982820268993,0.03798903141869232,0.4434843107126653,8.054164810975392,8.997225209077198,1.5228512701888879,,,,
1033,9.726463231615807e-05,0.09891868098638952,0.021692466514647415,0.0029569325720027943,0.03865622839075513,0.45418922901153563,8.093932571013768,8.973532261451085,1.5048332850138346,,,,
1034,9.716508254127065e-05,0.09743109097083409,0.024630170211101542,0.002973799387109466,0.03782782282214612,0.4446067933614055,8.037587036689123,9.01104776263237,1.5109878810743491,,,,
1035,9.706553276638318e-05,0.09662524141992132,0.022039137894246844,0.002990103783668019,0.037613374433324985,0.4418565353999535,7.91973952849706,8.869633642832438,1.497735852499803,,,,
1036,9.696598299149574e-05,0.09778119018301368,0.024810854500411022,0.003115792150674679,0.03908069567987695,0.45744606781130037,8.104368329048157,9.057443950573603,1.5146597072482109,,,,
1037,9.686643321660832e-05,0.10453874194839348,0.019393993402083018,0.0031316746313677867,0.037547086004633454,0.43996042646467687,7.975688155492147,8.951375852028528,1.5187236460546651,,,,
1038,9.676688344172088e-05,0.10382214521523565,0.02340029722958737,0.00298951939609348,0.03875652224329921,0.4545150155822436,8.109902719656626,9.070454078912736,1.5168553031980991,,,,
1039,9.666733366683342e-05,0.10573275620117784,0.03411386319429776,0.0030640109277252727,0.03791935823392123,0.44736042752241095,8.007715423901876,9.037929779291153,1.5339616897205512,,,,
1040,9.656778389194598e-05,0.10191268365209301,0.02688230571858862,0.0033036432838950227,0.03859824336444338,0.451749530620873,8.112151143948237,9.063655956586201,1.540911154448986,23.142704276479105,0.6406270837514867,23.999701025916163,0.6750065279762462
1041,9.646823411705854e-05,0.10284177703627696,0.026550689634465267,0.0029778874182738945,0.03778774754609913,0.4427488135173917,8.034858028093973,9.043819797039031,1.5188580110669136,,,,
1042,9.636868434217109e-05,0.0972648885489131,0.018432460498528275,0.003108694044446262,0.0385432662985598,0.45145326343675457,8.090357563893,9.047659434874852,1.5271700027088324,,,,
1043,9.626913456728365e-05,0.10144244810411086,0.021710620853481306,0.003030482603450461,0.037946847182077664,0.44284385042265056,8.012790149450302,9.020514583587646,1.5203188059230646,,,,
1044,9.616958479239621e-05,0.10229027628277738,0.018482913769834398,0.0030417622409004254,0.038850286261488995,0.4519610949171086,8.069407243529955,8.972504097223283,1.5028456196188926,,,,
1045,9.607003501750876e-05,0.10246453516495725,0.021718502493989315,0.0030427435714955207,0.038360091830448556,0.4462042408684889,8.033208592732747,8.999131389458974,1.516895236323277,,,,
1046,9.597048524262132e-05,0.09726628011558205,0.01855850188019031,0.0029836739206075434,0.03791160071656729,0.45173195178310077,8.006055342157682,8.997347897291183,1.5155854046344757,,,,
1047,9.587093546773388e-05,0.1059211500066643,0.015695783683803793,0.0031980623189762506,0.03850478841535126,0.45322414295126995,7.977758572498957,8.931305323044459,1.510724987089634,,,,
1048,9.577138569284642e-05,0.09743261893745511,0.019414987465208297,0.0028624446368363957,0.037945378377723195,0.4415409333072603,7.9899106045564015,8.919135828812918,1.4885817848145961,,,,
1049,9.567183591795898e-05,0.10324160406986872,0.021773032387173312,0.0031012281431685553,0.03875222855713219,0.45318836191048223,8.089298329750697,9.033731925487519,1.5198142352203527,,,,
1050,9.557228614307154e-05,0.09540263546320299,0.021408825815058683,0.00307125751478452,0.03885471172009905,0.45683776919419566,8.138278885682423,9.13232211669286,1.5303425473471484,23.13487387079446,0.6409259043892636,23.997465372829712,0.6750876200087278
1051,9.547273636818409e-05,0.09237138073270519,0.021960553695684126,0.002846164097172732,0.03763304613918687,0.4393988545673589,7.936773855487505,8.85084854066372,1.4834249123930932,,,,
1052,9.537318659329665e-05,0.10105145452544093,0.018761261193789736,0.0030466420524741505,0.038683796615805476,0.45351772488405306,8.080693823099136,9.014204548796018,1.5210646392156681,,,,
1053,9.527363681840921e-05,0.10102680850153169,0.019691728091124242,0.0028099304257314848,0.037411704880651084,0.43313427371904256,7.891715648770332,8.841455362240474,1.4796437757710617,,,,
1054,9.517408704352176e-05,0.10288778052975735,0.02123826683226374,0.0028143580988398754,0.03856706574442796,0.4509062977818151,8.044196557998657,9.003559965888659,1.504871442914009,,,,
1055,9.507453726863432e-05,0.09745681473674873,0.027010280111839317,0.003054891912021655,0.03782178252780189,0.4424418295112749,8.000608011086781,8.947056301434834,1.5087824262678624,,,,
1056,9.497498749374688e-05,0.09680669937903683,0.021580624901967126,0.003058214733209752,0.03730615006837373,0.43756314016257725,7.851336285471916,8.866437051693598,1.4972021413346133,,,,
1057,9.487543771885942e-05,0.10177221039775759,0.019485500327732788,0.003044746259911335,0.03841147456939022,0.4478697022112707,8.123673375447591,9.139368204275767,1.5411425948143005,,,,
1058,9.477588794397198e-05,0.1023314286256209,0.01987161289782667,0.0029667248910603423,0.038594332267530264,0.45459788509955007,8.089558863639832,9.071950697898865,1.5208361312747,,,,
1059,9.467633816908454e-05,0.09864986096508802,0.018568326221893253,0.0030148142145359695,0.03760544785181992,0.4402491423301399,7.955704494317373,8.974470440546671,1.5126591009398302,,,,
1060,9.457678839419709e-05,0.10004859210457653,0.018344705542502886,0.002861054851625037,0.03780291541479528,0.4445023240831991,8.03525913655758,8.974554540713628,1.501608307659626,23.13738552481118,0.6407171223746269,23.99060080042365,0.6751801337500805
1061,9.447723861930965e-05,0.10603933079789082,0.016510527547393395,0.003219974048928028,0.0387076746361951,0.45580595849702754,8.067316158612568,9.032909121116003,1.531992203493913,,,,
1062,9.437768884442221e-05,0.1045477870075653,0.016732316642260218,0.0031321295637705285,0.03791762095643207,0.4459190059453249,7.954097459713618,8.994983667135239,1.5335393081108728,,,,
1063,9.427813906953479e-05,0.0966709515467907,0.02026588744828217,0.002976386390218977,0.03776957762117187,0.44484371934086087,8.031616141398748,8.937650301059087,1.5007320354382196,,,,
1064,9.417858929464732e-05,0.09615556830540299,0.01516999953138054,0.0032082072898750387,0.03783718045063627,0.4460129148171594,7.952113610506058,8.88516043027242,1.513149686406056,,,,
1065,9.407903951975988e-05,0.09832300171256066,0.024201134077707565,0.0028800833079003496,0.03798327003217613,0.44222144496937593,8.043367964029311,9.015289078156153,1.5118243997295697,,,,
1066,9.397948974487245e-05,0.09931311938756456,0.020238915834246047,0.00290492185686162,0.03727684340750178,0.43711026702076194,7.918763284881909,8.914185907443365,1.4976763427257538,,,,
1067,9.387993996998499e-05,0.09610970211215317,0.019887540491014495,0.0029740662312178756,0.03759011979758119,0.4406521237765749,7.944030487537384,8.83047069509824,1.4836159490048886,,,,
1068,9.378039019509756e-05,0.0999778145380939,0.017285250609636194,0.002981474902541474,0.03806802513621126,0.4423019926374157,7.903444457054138,8.911169402798016,1.5023763159910837,,,,
1069,9.368084042021012e-05,0.09656187306779127,0.024137913221840415,0.0029098620426035874,0.037213124536598724,0.4347741839165489,7.866483348608017,8.890771925449371,1.5059019473691782,,,,
1070,9.358129064532265e-05,0.09316867284166316,0.023005459931759138,0.002886957314937414,0.036855871280810484,0.4331344146902362,7.848749812444051,8.80291581749916,1.4855589064459005,23.133589908377296,0.6406945255248703,23.994460544251318,0.6751521046247456
1071,9.348174087043523e-05,0.09541823238444826,0.018755890592080486,0.0028753939645563757,0.03713104636408389,0.4361015006899834,7.969011003772418,8.910103070735932,1.4935978521903357,,,,
1072,9.338219109554779e-05,0.10316993808373809,0.019306477983790652,0.0031602037529410154,0.03880521523145338,0.45581756668786205,8.064617917935054,9.026832096775372,1.5183836425344148,,,,
1073,9.328264132066032e-05,0.09591092785509923,0.021101569992497814,0.0028671455780568066,0.03756523647656043,0.44400433655828236,7.907919039328893,8.884831221898397,1.4936721461514633,,,,
1074,9.31830915457729e-05,0.10315975946529458,0.020859942424655033,0.003061974373971073,0.03798752554769938,0.4465991558507085,8.068442968527476,9.107226769129435,1.5351104428370794,,,,
1075,9.308354177088545e-05,0.09796081971532354,0.01915801409112786,0.002969750541645529,0.03770138394320384,0.443491653756549,7.950909769535064,8.892350379625956,1.4946676353613535,,,,
1076,9.298399199599799e-05,0.09724707900701711,0.017421774689734805,0.0028992105909613503,0.03745051273920884,0.4355247562751174,7.850686606764794,8.864093651374182,1.5004260952274004,,,,
1077,9.288444222111056e-05,0.09269366972924521,0.02063981491205406,0.0028369592904103533,0.03755059279113387,0.44026824456329144,7.905351173877716,8.838358706235885,1.4746197767555713,,,,
1078,9.278489244622312e-05,0.1025268029111127,0.020764952731009128,0.003106640265862855,0.037782706764604275,0.44476908187692366,7.958249358336131,8.938056962688764,1.514041035125653,,,,
1079,9.268534267133567e-05,0.10704156862727056,0.01632793884927892,0.0031775598469721443,0.038582008611410853,0.4494639603421092,8.095336404442786,9.136110665400823,1.5429244910677273,,,,
1080,9.258579289644823e-05,0.09645736910557995,0.01995937199107966,0.0029933396159322,0.03773186998441815,0.4423848588640491,7.953154127796491,8.879629963636399,1.49399020348986,23.116712338187458,0.6405350965316229,23.978628156424687,0.6750774659710875
1081,9.248624312156079e-05,0.102315544616431,0.023128733001639614,0.0029448771290238557,0.037069541534098485,0.4327103181742132,7.923157312472662,9.014386073748271,1.5199589485923448,,,,
1082,9.238669334667333e-05,0.1085094146275272,0.02009006027960254,0.0031089359888331575,0.03957895372295752,0.46266095830748477,8.223060725132624,9.168851029872894,1.5342664102713266,,,,
1083,9.22871435717859e-05,0.10453623286448419,0.020632622253096262,0.002842298830182699,0.03884180221163357,0.4515141021460295,8.123389559984208,9.10791830420494,1.525393533706665,,,,
1084,9.218759379689846e-05,0.09953243141062558,0.020440186940460237,0.0030524034664874003,0.0373603492237938,0.44422618554284177,7.886848693092664,8.906550525625546,1.5103400498628616,,,,
1085,9.2088044022011e-05,0.09921167222006867,0.02008165972075956,0.0032541997177759187,0.03714900251555567,0.4326691476938625,7.924997818470001,8.901617560784022,1.5214475991825263,,,,
1086,9.198849424712356e-05,0.10080302853602915,0.018614938583473517,0.0030960155105882827,0.03790124877123162,0.444828360217313,7.941695568958918,8.92331725358963,1.516524360825618,,,,
1087,9.188894447223612e-05,0.10144834483508021,0.022612084054876646,0.0029597943241242318,0.03796874737211813,0.44633150870601335,7.9964113195737205,8.96678944627444,1.5122405365109444,,,,
1088,9.178939469734868e-05,0.09844636641597997,0.020111379328989067,0.0028894709891271,0.03733917745218302,0.4360619083823015,8.000035561124484,8.936237694819768,1.4967653247217336,,,,
1089,9.168984492246123e-05,0.10071751319337637,0.023001854559000397,0.002856781804075581,0.03785577598609961,0.4442877631013592,7.99989555478096,8.961316710710525,1.4986204378306867,,,,
1090,9.159029514757379e-05,0.09625920918770134,0.027563203976149354,0.003156756116550241,0.03764869639805208,0.4438732680554191,7.95360679825147,8.907168785730997,1.5108336433768272,23.103443999324217,0.6404300914360541,23.976896521781143,0.6751035320673211
1091,9.149074537268635e-05,0.09489958503594001,0.02106034608243827,0.0030848727090415197,0.03828363643648724,0.44541574201236167,8.038385619719824,8.990403012434642,1.50930156459411,,,,
1092,9.13911955977989e-05,0.10074121005988369,0.019465724577839794,0.003034328339830002,0.037886136145486186,0.44589433694879216,8.019448135296503,8.92510371208191,1.502131247272094,,,,
1093,9.129164582291146e-05,0.09738770877787223,0.017362611042945335,0.0031082836558198323,0.03750130701616096,0.44475719522063933,7.903048614660899,8.919187866648038,1.5173137600223223,,,,
1094,9.119209604802403e-05,0.10378856147484233,0.026480158139816665,0.0030215713666621015,0.038847419964925696,0.4554107359300057,8.134406489133834,9.12515359123548,1.5352029107511043,,,,
1095,9.109254627313656e-05,0.09781059662345797,0.023240883652373867,0.0030822135931278657,0.037486030945243935,0.4432953511675199,7.930595906575521,8.944312288363774,1.5184493020176888,,,,
1096,9.099299649824912e-05,0.10181521383735041,0.018921096748304698,0.0032222789576129194,0.038446753970735395,0.45153614040464163,8.123731621106465,9.086591572562854,1.5367800895124675,,,,
1097,9.08934467233617e-05,0.10411549131385982,0.02921338347596496,0.0032314567577789908,0.03910010119046395,0.45940458892534175,8.213436440626781,9.273699694871903,1.57399277339379,,,,
1098,9.079389694847423e-05,0.10015099049390604,0.027753871046876575,0.002934597178864351,0.03696336983315026,0.43356232556204,7.742618922392527,8.73262545466423,1.478270668288072,,,,
1099,9.069434717358679e-05,0.10098868302690486,0.03274172899895499,0.003006083398698441,0.038136378182874374,0.45072053130716083,8.088023209571839,9.082375836372375,1.523169173548619,,,,
1100,9.059479739869936e-05,0.10011589235703772,0.018500500763532674,0.003008539314881394,0.038298295504258326,0.4495309580738346,8.001669253905614,8.989798820018768,1.5131449090937774,23.109457891228317,0.6405791094041692,23.985945697859915,0.6751998485033863
1101,9.04952476238119e-05,0.09656779462626824,0.022741934260237427,0.002962607469574626,0.03725062124431133,0.4377514581816892,7.951626360416412,8.896324346462885,1.4893830897907416,,,,
1102,9.039569784892446e-05,0.09735223282283793,0.02058558049510092,0.003012343499600926,0.037257684134722996,0.4395454790443182,7.88681640625,8.913327817122141,1.511519776036342,,,,
1103,9.029614807403703e-05,0.09887435912775497,0.015553208086191716,0.003085622861090087,0.03877996589289978,0.45873007277647654,8.073908179998398,9.044803104798,1.517902342726787,,,,
1104,9.019659829914956e-05,0.10513358778165033,0.02092100064283097,0.003051457640443308,0.038626999710686505,0.45393798273677627,8.12987973690033,9.12375685373942,1.5325694220761459,,,,
1105,9.009704852426214e-05,0.09851381729046503,0.020633102289576814,0.003001953405146196,0.038278202922083435,0.4524712002525727,8.108653608957926,9.104439177115758,1.52560906012853,,,,
1106,8.99974987493747e-05,0.10210468328247467,0.026898553405278254,0.0030285267304861916,0.037982981190240635,0.4431434039957821,7.970584549506506,8.999423871437708,1.5192959517240525,,,,
1107,8.989794897448723e-05,0.10550709648523479,0.017499232778783735,0.0030435415187942756,0.03913728309950481,0.4553270782344043,8.135286357005437,9.128645042578379,1.5327655628323555,,,,
1108,8.97983991995998e-05,0.09972299944298962,0.019405610653809666,0.003009581291704914,0.037938885937910526,0.4469531139358878,8.021268661816915,8.996862977743149,1.5013785935938357,,,,
1109,8.969884942471237e-05,0.09465298056602478,0.02435405505556467,0.0028716701998443266,0.0378016916802153,0.4439006416127086,8.000142431259155,8.988428992033004,1.5050263514121374,,,,
1110,8.95992996498249e-05,0.09847481437803557,0.02003865524871872,0.0030752254343193878,0.036895950140509136,0.43536079255864024,7.8658072590827945,8.866528793176014,1.506540658324957,23.141152888467307,0.6416472677208289,24.001616272120348,0.675474028592533
1111,8.949974987493747e-05,0.0985758923071747,0.017854538687608824,0.0030990978493112683,0.0381457422588331,0.4483614523895085,8.085868776837986,9.049890542030335,1.5251867974797884,,,,
1112,8.940020010005003e-05,0.10107592056350162,0.017613446465651942,0.0031784383158689404,0.0382927464263048,0.44576328586166103,7.979524576663971,9.00754377245903,1.526201717555523,,,,
1113,8.930065032516259e-05,0.10222849710068355,0.021467633807510586,0.003109251637943089,0.03823712827870622,0.44472299578289193,8.046158982316653,9.015797738234202,1.5222007932762305,,,,
1114,8.920110055027514e-05,0.10349277719700088,0.020401517705066752,0.0029490719664560555,0.038596940867137164,0.4528868317604065,8.024582473436991,8.945531004667282,1.5009461017946402,,,,
1115,8.91015507753877e-05,0.1008745002017046,0.021397980138065265,0.003003828184955637,0.03731883077028518,0.4366462469721834,7.902566402157148,8.914065424601237,1.509922597060601,,,,
1116,8.900200100050026e-05,0.09719809519592673,0.018736274836101963,0.0032600905152624666,0.038440236726698156,0.45379570753624043,7.995082340637842,8.96402173837026,1.5190923961500327,,,,
1117,8.89024512256128e-05,0.0968177252371485,0.014890474216573324,0.003085548094168189,0.038202438550069925,0.44952399367466567,8.059108372529348,9.001821035146714,1.5148974046111108,,,,
1118,8.880290145072537e-05,0.0977864617947489,0.02023536759632183,0.0029922145686820537,0.03704780825452569,0.43329607537016274,7.851007717847824,8.816369409362474,1.4928158247222503,,,,
1119,8.870335167583793e-05,0.09847629144787788,0.02160260531411756,0.0029687499126642555,0.03749163337051868,0.441282284570237,7.9668658455212915,8.941190238793691,1.505973653246959,,,,
1120,8.860380190095047e-05,0.10553878769278527,0.02021343247819078,0.003040933546041439,0.038280076475348326,0.4477844726294279,8.058483141660691,9.057843204339346,1.5270189322531222,23.13047960523814,0.6415814322908708,23.97837131171072,0.6753834298285055
1121,8.850425212606303e-05,0.09836854285094887,0.020900303242587626,0.0031033689743101907,0.03831265169428662,0.4497952486388385,7.982066162427267,8.994395500421524,1.5128689914941789,,,,
1122,8.84047023511756e-05,0.10105307509656995,0.020053754145544053,0.0030704228976901502,0.03812035384083477,0.44654378639534115,8.02264432311058,9.029382496078808,1.5251492681602636,,,,
1123,8.830515257628814e-05,0.10070446906611323,0.020886888636926434,0.002868396626460405,0.038163768348749724,0.44357056623945634,7.924101217587789,8.869360903898874,1.482446551322937,,,,
1124,8.82056028014007e-05,0.09596007985528558,0.021033509340832465,0.002877898650513089,0.03886137530983736,0.4552008858881891,8.005509134133657,8.962792017062505,1.4961198963224889,,,,
1125,8.810605302651326e-05,0.09742326565707723,0.01967589970761902,0.0028678625760827953,0.0373961761360988,0.4354658456519246,7.856951321164767,8.832458861668904,1.4877514387170474,,,,
1126,8.800650325162581e-05,0.09811428846636167,0.021297069681552115,0.0029896966751645476,0.03652559443144128,0.426543321305265,7.799129437406858,8.763286817073823,1.4881614411870638,,,,
1127,8.790695347673837e-05,0.09432258260591576,0.015671056395026993,0.002780951323074987,0.0381643029434296,0.44836691350986563,8.053147508700688,9.005111010869344,1.487187040100495,,,,
1128,8.780740370185093e-05,0.09130882863731433,0.02084835353798352,0.002801874106747467,0.03685007483387987,0.4345741684238116,7.821328967809677,8.734273777405422,1.4678078651428224,,,,
1129,8.770785392696347e-05,0.09771121193189174,0.017023579718697116,0.003099086996371625,0.038522014064559094,0.4521912563281755,8.061861206094424,9.08630505601565,1.5276962901155153,,,,
1130,8.760830415207603e-05,0.10388741934051117,0.019456570315434678,0.0032329579723106385,0.03927200937954088,0.4590059267667433,8.171396536628405,9.263416974743206,1.564308912307024,23.132032356634774,0.641985715226086,23.98510916676708,0.6756495535627224
1131,8.75087543771886e-05,0.10119242757403603,0.02218298291834569,0.0031502668230435423,0.038402197948501755,0.4471205313379566,8.015100115537644,9.010357238849004,1.5275895955661933,,,,
1132,8.740920460230114e-05,0.10223375108713904,0.017598182081190454,0.002990776964422063,0.03796446421571697,0.44500813248256843,8.012887475887934,8.970190928379695,1.5066958400110404,,,,
1133,8.73096548274137e-05,0.09791745451123764,0.019433428742976606,0.0029767756644408414,0.03738103866732369,0.4363266189893087,7.955120040973028,8.928581508000692,1.5093308111031851,,,,
1134,8.721010505252628e-05,0.10064191080940267,0.018403006057578195,0.0029730574286077173,0.03747003954291964,0.4347487643981973,7.8888306776682535,8.8393996377786,1.4862047125895819,,,,
1135,8.711055527763884e-05,0.09846503507578745,0.017947148403708132,0.002995148595437058,0.03816636853152886,0.4481770414238175,8.029882162809372,9.014941451946894,1.516420771429936,,,,
1136,8.701100550275137e-05,0.09162097616742054,0.019027239954834248,0.0028422388088377676,0.03764094701036811,0.4407146256417036,7.920959413051605,8.774637134869893,1.466816172003746,,,,
1137,8.691145572786394e-05,0.09806401081538449,0.020612185412123493,0.0029376679891356615,0.03809078214108012,0.4458223331719637,7.986152629057567,9.000238809982935,1.501401248574257,,,,
1138,8.68119059529765e-05,0.09868321657801668,0.026686744362823707,0.002965410089988533,0.03826329902124902,0.4523779102601111,8.089193189144135,9.055177750190099,1.5156062001983324,,,,
1139,8.671235617808904e-05,0.0987151734608536,0.02260625141213263,0.0029609795071640593,0.03846732132369653,0.446481192484498,7.999359712998072,9.024570633967718,1.511303903410832,,,,
1140,8.661280640320161e-05,0.09820417095907033,0.017610664039099787,0.0029821987731338596,0.03723418517814328,0.435893434813867,7.9492187142372135,8.884095497926076,1.501452738046646,23.143059852051852,0.6423833294028927,23.98933186085018,0.6758074804060368
1141,8.651325662831417e-05,0.09798790877684951,0.020565240110569503,0.003064450739596699,0.0386824485923474,0.45517196257909137,8.103712888558706,9.05122487147649,1.5140084572136403,,,,
1142,8.641370685342672e-05,0.10321481281037753,0.01787461291860737,0.003096195209642853,0.037789995718048884,0.44067866932600736,7.881650531291962,8.866359891494115,1.5017116655906042,,,,
1143,8.631415707853928e-05,0.10358993537568797,0.016957563237368353,0.0030898981446322673,0.038234375576333454,0.4436544410263499,7.996244405706723,8.981823652982712,1.5076748080551625,,,,
1144,8.621460730365184e-05,0.10201881533333411,0.015935604999732435,0.0029511061861436853,0.03761252897675149,0.44062872988482316,7.930048271020254,8.897678376237552,1.4984491869807244,,,,
1145,8.611505752876438e-05,0.09975429275073111,0.02190902569085811,0.0031108537781013488,0.038461005524732174,0.4475923625441889,8.045779565970102,9.062362444400787,1.5296711891889572,,,,
1146,8.601550775387694e-05,0.10322176880824069,0.01872889659003801,0.003157701600988124,0.039088334034507476,0.45618324863413967,8.091023887197176,9.018077000975609,1.5219473533332348,,,,
1147,8.59159579789895e-05,0.09696233115003755,0.018339568387222963,0.003002642294753362,0.0376774481148459,0.4431014783680439,7.956732122103373,8.996246991554896,1.5134202356139819,,,,
1148,8.581640820410205e-05,0.10076319079380483,0.02180170766478883,0.003081803087843582,0.037671145028434695,0.4415909148752689,7.994297401110331,8.948824401696523,1.5104310721158982,,,,
1149,8.571685842921461e-05,0.10011361405874292,0.01789830355623536,0.002948868549356121,0.03810806262384479,0.4465202352652947,8.02277854681015,9.013484481970469,1.5112351546684901,,,,
1150,8.561730865432717e-05,0.10307659928221255,0.02380912176935984,0.003136344878627521,0.03888937681913376,0.454161504873385,8.083569653828938,9.109204399585725,1.534192436436812,23.13325541166602,0.641677697292277,23.985509966102693,0.6757482002921239
1151,8.551775887943972e-05,0.10237246849574148,0.021681569541428657,0.0030472464000316298,0.038161400492147855,0.4479191986533503,8.040538336833318,9.098671120405196,1.5288564098378024,,,,
1152,8.541820910455228e-05,0.10136975628944735,0.019384119491664423,0.0029672422649431,0.037993090134114026,0.44932140739013754,7.925476461648941,8.86506339708964,1.4901409400006136,,,,
1153,8.531865932966484e-05,0.09958691304394354,0.018052309369879924,0.002862343854576466,0.03712196107177685,0.4370262878015637,8.008099961280823,9.013601040840149,1.5109744062026342,,,,
1154,8.521910955477738e-05,0.09662836873127768,0.01935953712617729,0.002956100850982087,0.037815515925952545,0.44372238672027986,7.928810358047485,8.88309053381284,1.4972017330427965,,,,
1155,8.511955977988995e-05,0.09666760466837634,0.01605938977054926,0.0029536465886243,0.03766495625798901,0.4379279968328774,7.913127924005191,8.913623346885045,1.5020488339165847,,,,
1156,8.50200100050025e-05,0.099204237650459,0.015799601943246876,0.002945221222701851,0.038421712505320706,0.4524712277886768,7.959572150309881,8.895265292127927,1.4869551544388135,,,,
1157,8.492046023011505e-05,0.0978993266588077,0.01987047551900402,0.0030313883031340082,0.03749901699678351,0.4415464634075761,7.897462824980418,8.906764455636342,1.5082919654746851,,,,
1158,8.482091045522761e-05,0.10316769775624077,0.02054529741663155,0.003003238263590902,0.03778736488893628,0.4400494800880551,8.005492443839708,9.089553771416346,1.5327366888523102,,,,
1159,8.472136068034017e-05,0.10209046703142424,0.01746543352751632,0.003101448019394108,0.0381104581290856,0.44709649129460255,7.930953695376714,8.98287867307663,1.5168169108529885,,,,
1160,8.462181090545275e-05,0.09697522677015513,0.02135810438120925,0.0030288084325851136,0.03846210496655355,0.4518274232745171,7.99623975555102,8.97882949312528,1.5080295781294504,23.14577011971671,0.6417561503034028,24.008682254879872,0.6759101097756227
1161,8.452226113056528e-05,0.10215625142833838,0.025129788346983043,0.0030470661727122206,0.03854749854848099,0.44953867110113305,7.982573723793029,8.981182365616162,1.5122900322079658,,,,
1162,8.442271135567784e-05,0.09895171798610439,0.021588209962731142,0.0028612265140206244,0.03787394733323405,0.44126509688794613,7.843488041559855,8.867088766892751,1.4827933470408121,,,,
1163,8.432316158079041e-05,0.09349128381193926,0.018377029503756505,0.002832397396256662,0.03630179253717263,0.42483099438250066,7.788650113344192,8.796830296516418,1.4854997222622235,,,,
1164,8.422361180590295e-05,0.09414624408818781,0.017018183354669838,0.0028695964869863626,0.03778450496223134,0.44379005475590627,7.947091656923294,8.914284655451775,1.49306054910024,,,,
1165,8.41240620310155e-05,0.09889965719776228,0.024939093471309685,0.002811933807394477,0.038159991331243266,0.4498606319539249,8.022491805752118,9.02492162088553,1.5080116792271534,,,,
1166,8.402451225612808e-05,0.10150406214719017,0.020920436877710457,0.0029130338632967325,0.036986466268232716,0.4297501484553019,7.804475999871889,8.76039334734281,1.4750895942250888,,,,
1167,8.392496248124061e-05,0.10140717519291988,0.017115466810971112,0.003088752103091489,0.03826198244156937,0.450909341002504,7.9822054972251255,8.946967712044716,1.5090735358496508,,,,
1168,8.382541270635317e-05,0.09618706735006223,0.02199725292516632,0.0029683767027260427,0.03690072830455999,0.4299291719061633,7.798733774820963,8.817610594630242,1.495282441129287,,,,
1169,8.372586293146575e-05,0.10139889223501086,0.024305133722261254,0.0032040035044095323,0.03780080913566053,0.4457720999295513,7.910435088475546,8.980797189474107,1.5268927397827308,,,,
1170,8.362631315657828e-05,0.1022605143720284,0.024150438070888923,0.003234205824386057,0.03821399587905035,0.4440486672644814,8.096615569790204,9.128838276863098,1.5386461451649667,23.126744524370583,0.641695014087934,24.001182441966325,0.6757307014615123
1171,8.352676338169085e-05,0.10547487260773777,0.024515177232105025,0.0032111729072009138,0.03885722573031671,0.45755713544785975,8.084889209270477,9.045899458726247,1.5311691177388032,,,,
1172,8.342721360680341e-05,0.10342362300337603,0.02452053812295792,0.003172161771605412,0.03869402234364922,0.4542745223889748,8.058532100915908,9.037611383199692,1.5272631352146466,,,,
1173,8.332766383191595e-05,0.10160891973258307,0.020447922803142286,0.0030525567683677463,0.03802544630986328,0.44499484517922006,8.02326510945956,9.05959229071935,1.5294489753743012,,,,
1174,8.322811405702852e-05,0.10193969098230203,0.02066817785553692,0.002956900148819841,0.038131455813224115,0.442665470422556,7.9729683011770245,8.980152416229249,1.5143792388339838,,,,
1175,8.312856428214108e-05,0.10525258902149896,0.016046340492630762,0.0029820762453406737,0.03835003165683399,0.45001467413579427,8.038001976410548,9.058278993765514,1.523985866457224,,,,
1176,8.302901450725361e-05,0.09674363038502634,0.0184788021043221,0.0028853283073961697,0.0374846836765452,0.44112370945513246,7.911931443214416,8.914890996615092,1.497342382123073,,,,
1177,8.292946473236619e-05,0.09911374435760081,0.015647515117023638,0.002973171154371812,0.03807111090281978,0.44737100607405106,8.047982706626255,9.013054676850636,1.5093616684277853,,,,
1178,8.282991495747875e-05,0.10138699162052944,0.019392575044689647,0.0030422812324710927,0.037769625198173645,0.4403452305433651,7.841698148846627,8.907080105940501,1.509917391091585,,,,
1179,8.273036518259128e-05,0.10205828917678446,0.0200772749419014,0.003050772042661265,0.03873182946893697,0.4587215992311637,8.082217230399449,9.144549657901129,1.5408392801880837,,,,
1180,8.263081540770386e-05,0.10519198264616231,0.017209238583195584,0.0031011987509676447,0.03888681429671124,0.4552408489088217,8.06975615620613,9.09075131615003,1.5238982493678728,23.10655615432957,0.6414931243186739,23.98008994370399,0.6756011354049479
1181,8.253126563281642e-05,0.10247892951592803,0.016332277926867946,0.0029952044128246295,0.03883277373776461,0.4520309806490938,8.056131315231323,9.035429781675338,1.513014376660188,,,,
1182,8.243171585792896e-05,0.09617398109597465,0.017570063493757598,0.0029058905645797497,0.037314971629530194,0.4416384995604555,7.917063202460607,8.916887186964352,1.5090978388985,,,,
1183,8.233216608304152e-05,0.1016901828115806,0.014466044323485269,0.0030419562093811693,0.0378787601502457,0.44335582156976067,7.921442998449008,8.863051023085912,1.5038571772476037,,,,
1184,8.223261630815408e-05,0.0977998656220734,0.017830051978808943,0.0029345571589753186,0.037256438735251626,0.4375563157411913,7.869046923518181,8.911303515235582,1.5067891307175159,,,,
1185,8.213306653326664e-05,0.0993338437518105,0.028897701826370616,0.0028498891882918543,0.03726174676752028,0.432650912211587,7.897045131524404,8.850640465815863,1.4820614211261272,,,,
1186,8.203351675837919e-05,0.09936795351095498,0.01841922413958391,0.0031213306849167564,0.03835992984240875,0.4514437702173988,8.059969847400984,9.012713853518168,1.5174050989250343,,,,
1187,8.193396698349175e-05,0.10230887717722605,0.018009769444057966,0.003146510412868035,0.039007048248701416,0.4586653486515085,8.121694020430247,9.145322193702063,1.5404524927337964,,,,
1188,8.183441720860431e-05,0.0972579656324039,0.018784363973301528,0.0029339429204507422,0.03891728653494889,0.45686421760668355,8.069600743055343,8.946623712778091,1.4917270908753077,,,,
1189,8.173486743371686e-05,0.10004069126055887,0.017335294306166798,0.003177971686515472,0.03888177042438959,0.4599851371720433,8.13150976697604,9.09247940381368,1.524777671446403,,,,
1190,8.163531765882942e-05,0.1094340452303489,0.02096493680723223,0.0032617329410034777,0.03834049249223123,0.4534700064299007,8.01758857468764,9.101645159721375,1.5477013816436131,23.089803908646527,0.641249152635703,23.982367935667323,0.6756041998920267
1191,8.153576788394198e-05,0.10491747457223634,0.020225619286373824,0.0032021852406008597,0.03839733108567695,0.45084088916579884,8.021034388740857,9.010760811964671,1.5307117149233818,,,,
1192,8.143621810905452e-05,0.10245861591926465,0.023026244165773826,0.0030624725610929695,0.03828460987812529,0.4491143999931713,7.942779884735743,8.931780469417571,1.5036002246042093,,,,
1193,8.133666833416708e-05,0.10079166976114114,0.020381037012987293,0.002973662203415491,0.03787395546290403,0.4423799257725477,7.962590589125951,8.989178365468979,1.5161327796677748,,,,
1194,8.123711855927964e-05,0.09527154200089474,0.01917301977865537,0.00292484052618723,0.03786952375085093,0.44703583447262646,7.913218573729197,8.926225808262824,1.5035222453375658,,,,
1195,8.113756878439219e-05,0.09962963454890997,0.021201183920590456,0.0030486414541276946,0.037691219810706875,0.44260519662251074,8.006066155433654,8.968795778354009,1.5067359591523806,,,,
1196,8.103801900950475e-05,0.09929065698912988,0.018667056896066528,0.0028786806543090885,0.037385621414675066,0.43591026638944946,7.879650580883026,8.894628983736037,1.4953384113808472,,,,
1197,8.093846923461731e-05,0.09585340585714827,0.015702354607045402,0.0029640858327184107,0.03761569418323537,0.44187736210102835,7.89237519800663,8.873708284894626,1.4966894425451756,,,,
1198,8.083891945972986e-05,0.10105591486984243,0.01665752716742359,0.003153350967113511,0.03805598551407456,0.4441809752956033,7.919261582692465,8.91991008122762,1.5168100307385126,,,,
1199,8.073936968484242e-05,0.09132041411163906,0.01795824468655359,0.0029576665245258484,0.03688996434987833,0.4298318053285281,7.880647514263789,8.879359726111094,1.4945567140976588,,,,
1200,8.063981990995499e-05,0.10197888487018644,0.019601063413716938,0.003074566958154416,0.03847139034187421,0.45143510593722264,8.062813838322958,9.011690749724705,1.5124541714787483,23.137871475473283,0.6417203013919147,23.996268485724112,0.6757545682725844
1201,8.054027013506752e-05,0.09832402793690562,0.018407881469216035,0.0031461184943206415,0.03925215659740691,0.46273838765919206,8.16045574347178,9.144833848873775,1.5310413166880608,,,,
1202,8.044072036018008e-05,0.10021558609635879,0.021070219714766598,0.0029468382182434045,0.038325949288749446,0.44759899054964386,8.020101158817608,9.01699629922708,1.518491199115912,,,,
1203,8.034117058529266e-05,0.10231277969432995,0.01584700121560735,0.0031113848854753693,0.03805434862151742,0.44647681365410485,8.017125117778779,9.01914782722791,1.5211158062020937,,,,
1204,8.024162081040519e-05,0.10222998993316045,0.02079971331288899,0.0031625792161624608,0.03723247080342844,0.4345143391750753,7.911160584290823,8.881461822986603,1.508082421620687,,,,
1205,8.014207103551775e-05,0.09835144670990606,0.02763741639244254,0.0029596832497190916,0.0380347819494394,0.44279776187613606,7.907900348305702,8.862523911396663,1.4922765138248602,,,,
1206,8.004252126063033e-05,0.10212514038818578,0.01656554996987971,0.003111358875260824,0.038786648178938773,0.45501411575824025,8.042783733208974,9.070352663596472,1.5195269385973613,,,,
1207,7.994297148574286e-05,0.09764232826419175,0.020035974391532107,0.0028855970613979784,0.03711903202735509,0.4373385234115024,7.772734264532725,8.753944712877274,1.475432878981034,,,,
1208,7.984342171085543e-05,0.09882332786607245,0.02086744816032606,0.0028916737259351067,0.037651957055398574,0.4378748122913142,7.952827042341232,8.905325011412303,1.493132242312034,,,,
1209,7.974387193596799e-05,0.09564458250533789,0.016481521611843776,0.0030325876584053426,0.03785331461500997,0.44694704581052064,7.900345714886983,8.848127275705338,1.496686734755834,,,,
1210,7.964432216108055e-05,0.10120111032544325,0.02503167557255459,0.0032255912682861284,0.03847484719202233,0.4502177548284332,8.064493622382482,9.136025035381317,1.5476872943341733,23.11930489426559,0.6414308119436055,24.00331932549444,0.6757711790488141
1211,7.95447723861931e-05,0.09664457604909936,0.017910942470216067,0.0029475718484718526,0.037332373671233654,0.43433695125083127,7.854335578282674,8.832193140188853,1.4849299559990565,,,,
1212,7.944522261130566e-05,0.09295099555359533,0.026754449211815984,0.002974163093313109,0.037987943827950704,0.4435617946398755,7.845427294572194,8.80885485013326,1.4903661693135897,,,,
1213,7.934567283641822e-05,0.10192827528032164,0.02004097699780836,0.0030795095107047626,0.038293162174522874,0.45187813515464464,8.023924261331558,9.066906154155731,1.5277425236999989,,,,
1214,7.924612306153077e-05,0.10091673839682093,0.01622222392357197,0.003045548368572781,0.03817293256870471,0.4500826472726961,7.978049370646477,8.92592717508475,1.5001852989196778,,,,
1215,7.914657328664333e-05,0.09675671616569162,0.015668496961851432,0.002843893741980234,0.03723612040048465,0.44181955376019083,7.928903396924337,8.88796421289444,1.496357994278272,,,,
1216,7.904702351175589e-05,0.09938122073654085,0.020722637994485045,0.0030826428617122775,0.03799743057073404,0.4412316723105808,7.925000404318173,8.849319143096606,1.4864738171299299,,,,
1217,7.894747373686843e-05,0.09514820352196693,0.021642610768835623,0.0031079850052871433,0.03768606546024481,0.4411085174108545,7.828493915001551,8.780080183347065,1.4801314507921537,,,,
1218,7.8847923961981e-05,0.09808236586395651,0.015031339100406882,0.002951591941564402,0.037639338022563605,0.4417624774078528,7.974046363433202,9.015882362922033,1.5218811358014743,,,,
1219,7.874837418709355e-05,0.09476103916143377,0.019141367524554198,0.0029175453580440563,0.03738356743318339,0.43814177851503094,7.839743238687515,8.776237312952677,1.472332520286242,,,,
1220,7.86488244122061e-05,0.10062612720454732,0.020094128386861716,0.0030639611099710844,0.03828611770877614,0.4495123048933844,7.956183505058289,9.053639185428619,1.5236497305333614,23.128881732028116,0.6414811662029561,23.99736432600462,0.6754879987857015
1221,7.854927463731866e-05,0.0912022368206332,0.02043367295369573,0.002841334459056573,0.03740914993104525,0.4411385894132157,7.8614944368600845,8.805858875314394,1.478398404767116,,,,
1222,7.844972486243122e-05,0.09178282883173476,0.018879382262665643,0.0027907247762414046,0.037267812279363474,0.4386156800823907,7.799467528859775,8.670918288826943,1.4503139302134513,,,,
1223,7.835017508754377e-05,0.10285968340467662,0.021542554504839728,0.002966085657135409,0.03848801118632158,0.4472993995839109,7.987020692229271,8.987374275922775,1.5097743089000384,,,,
1224,7.825062531265633e-05,0.09593210502061993,0.01652879302103744,0.0030804188381807762,0.03858657194844758,0.45341504017512,8.010672903060913,9.004950920740763,1.5109616537888846,,,,
1225,7.815107553776889e-05,0.0994584535015747,0.017249881110165906,0.0030905848334441544,0.03769578874344006,0.44301099066312116,7.927617953221003,8.97734162012736,1.5197473786771298,,,,
1226,7.805152576288143e-05,0.09751465405182293,0.01813192902970826,0.0030439525866616654,0.0383979684789665,0.4487185049491624,7.961412988106409,8.962811838587125,1.5043597942839066,,,,
1227,7.7951975987994e-05,0.09427900210333368,0.018690520212764974,0.003033675506958389,0.037995969236362725,0.449549001827836,7.951130127906799,8.937916798392932,1.5091754754384359,,,,
1228,7.785242621310656e-05,0.10545124659159531,0.02252462085388913,0.003101264040318104,0.03886185225370961,0.4573475730915864,8.060922863086065,9.045182607571284,1.5208453722298145,,,,
1229,7.775287643821909e-05,0.09536657753245284,0.0220314272695583,0.002875030615723517,0.03726515396653364,0.437884378588448,7.942783577243487,8.912244702378908,1.4939397205909093,,,,
1230,7.765332666333168e-05,0.10249657727157076,0.018350115574338945,0.0030409897039135104,0.03809398632341375,0.44418913532669346,7.985473908980688,8.962977952758472,1.5009404835601647,23.14674123258417,0.6416903871043992,24.00294726192833,0.6755063414267677
1231,7.755377688844424e-05,0.10073588597588241,0.017432282601948755,0.003101473672904831,0.03829115748715897,0.4510617787949741,7.944377461075783,9.010747335354488,1.521822190284729,,,,
1232,7.745422711355677e-05,0.09711074018850922,0.024354248658955295,0.0030257930335210403,0.03821090066727872,0.4492113484690587,8.02285766005516,9.000291486581167,1.5167747296392917,,,,
1233,7.735467733866933e-05,0.09810790340416134,0.02674382638810613,0.002953346726705301,0.038587775779888034,0.45416860065112513,8.056311939160029,9.085512709617614,1.5166450321674347,,,,
1234,7.725512756378189e-05,0.09896486671641469,0.019996001816647416,0.0030722804494871525,0.037191628839354965,0.43472980838268993,7.848076324661573,8.84366329908371,1.4927684883276622,,,,
1235,7.715557778889445e-05,0.09611869694199413,0.018565017230277075,0.0029009991136263124,0.037606688290058324,0.4384700981900096,7.835126495361328,8.807453746596972,1.4751288565496603,,,,
1236,7.705602801400701e-05,0.09937706469402958,0.01796789573353005,0.002882676217510986,0.03738278347300365,0.4433468268873791,8.01454715927442,9.022697438796362,1.5137065346042315,,,,
1237,7.695647823911957e-05,0.0945130405559515,0.020282206509728458,0.0028707689486206314,0.03762350474717095,0.4426854928955436,7.944820224245389,8.878953476746878,1.484998284528653,,,,
1238,7.685692846423213e-05,0.10449621469403307,0.017054605305346488,0.00302540693780126,0.037762318584524716,0.44314592954081794,7.959960544109345,8.913594391942024,1.5040555027623972,,,,
1239,7.675737868934466e-05,0.10206666028437515,0.020485427986677074,0.002951473006881618,0.038461147885148726,0.4498787082421283,8.022660913070043,9.029987219969431,1.5159353946646055,,,,
1240,7.665782891445722e-05,0.09985438511551668,0.020567661110974692,0.00308933463068873,0.039184066362213346,0.4575832183162371,8.118578317761422,9.093165744344393,1.5254213375349839,23.152172826346412,0.6418142874689252,24.003150868913004,0.6755952440634493
1241,7.655827913956978e-05,0.10154024784763654,0.01849225634154787,0.0030363091455607597,0.038758759732202934,0.4585710145533085,8.04574280778567,9.106480401754379,1.5225737050175667,,,,
1242,7.645872936468234e-05,0.095664391387254,0.015108982688527887,0.0029503994068363682,0.03818686481487627,0.44832019191235306,7.9487179319063825,8.892143021027247,1.481211110452811,,,,
1243,7.63591795897949e-05,0.09612293657070646,0.02063570312564463,0.003096424138857401,0.03791438392363489,0.4467557918901245,7.934496174256007,8.872570635875066,1.5010252197583516,,,,
1244,7.625962981490746e-05,0.09858900901551047,0.019628567703705566,0.002967742433126356,0.03856783735876282,0.4540655329823494,8.012786315878232,8.984737249215444,1.498916083574295,,,,
1245,7.616008004002e-05,0.0947410361142829,0.02138509385516952,0.0027007898747494134,0.038088600741078456,0.45070442697033286,8.050652879476548,8.932078909873962,1.4838693882028262,,,,
1246,7.606053026513256e-05,0.09839433085483809,0.02012220602981927,0.0030704970887503198,0.03788689348536233,0.4440621235097448,7.917063780625662,8.974794990817706,1.5226375099271536,,,,
1247,7.596098049024512e-05,0.0977076477992038,0.02033029050767195,0.0028416560181843426,0.0373628503177315,0.43673457608868677,7.933610963821411,8.92392729918162,1.4889445327222348,,,,
1248,7.586143071535768e-05,0.09265187608543783,0.01696158407522089,0.003039630073484053,0.037247065788445374,0.44130035005509854,7.856659746170044,8.880182568232218,1.4948440853506326,,,,
1249,7.576188094047024e-05,0.09088211630781491,0.014941492324580944,0.00287600542602983,0.03706218372487153,0.4314890128870805,7.8178498605887095,8.791817359129588,1.4712920119365056,,,,
1250,7.56623311655828e-05,0.10037512475003799,0.017251942698174833,0.0032281940237226083,0.038833918271120635,0.4575712583959103,8.028369271755219,9.060114214817682,1.5261462442576885,23.133711956378363,0.6418478384131543,23.996946320944193,0.6757691547030873
1251,7.556278139069533e-05,0.10124921240688613,0.01607303510501185,0.003015179064974897,0.03861698370116452,0.4539012548824151,7.995414954423905,9.021552741527557,1.522648847848177,,,,
1252,7.546323161580789e-05,0.10164857687971865,0.020034888451416204,0.002944540418199419,0.037567537017942715,0.44185379723397394,7.9601084391276045,9.01581663787365,1.513459003220002,,,,
1253,7.536368184092048e-05,0.10106357739617428,0.022503609713826714,0.0029859126064062974,0.03793686972542976,0.44511861245458323,7.974183783928553,8.958494836091996,1.504334736118714,,,,
1254,7.526413206603301e-05,0.09762278210061291,0.02101503871312372,0.003055656354748256,0.038444593847574045,0.4538085658724109,8.022291592756908,9.048544152577717,1.5174412814279397,,,,
1255,7.516458229114557e-05,0.10252235690907886,0.019227769040191352,0.002952314863553814,0.03719952254323289,0.43271706694116197,7.9581195970376335,9.001396179199219,1.5089904315769673,,,,
1256,7.506503251625813e-05,0.09889618286397309,0.02116713151226056,0.002913838734699918,0.038546731204648195,0.4559810766329368,7.9815364917119345,9.047592842578888,1.5063892021775245,,,,
1257,7.496548274137069e-05,0.09695153808376442,0.01697766443843509,0.0029574839888179363,0.03786542048910633,0.4409806021178762,7.836352614561717,8.816388809680939,1.4862262358268101,,,,
1258,7.486593296648323e-05,0.09597086659632623,0.021656327193661205,0.002850217300086418,0.037382886259971805,0.4355066016316414,7.972273023923238,8.934663492441178,1.4951125845313071,,,,
1259,7.476638319159581e-05,0.09956254499653976,0.01679839938028837,0.0030698199657005413,0.037849615952776125,0.44050527481983104,7.948529856403669,8.985482931137085,1.5220821080108484,,,,
1260,7.466683341670837e-05,0.09834569684850673,0.02085365762575613,0.0029905806344080097,0.038015757834849256,0.4461759698887666,7.933916779359182,8.895711650451025,1.4986159356931845,23.119886882202138,0.641775561769545,23.98446379643675,0.6756789789730762
1261,7.45672836418209e-05,0.10195567375825097,0.01505447901097033,0.00315093460449134,0.03829494182330866,0.4534176517277956,8.016815420985221,8.971397918462753,1.5116348266601562,,,,
1262,7.446773386693347e-05,0.09409750765965631,0.023515647660208156,0.0028707711811269596,0.03739091964283337,0.43640670167903106,7.813425400853157,8.786185723543166,1.4768935394783815,,,,
1263,7.436818409204603e-05,0.10359786533905814,0.01611380994652869,0.003061234033642298,0.038148977921810004,0.4432522079286476,7.945259380340576,8.936183820168177,1.5093135925630727,,,,
1264,7.426863431715859e-05,0.09777709497138858,0.014672708397887509,0.002923261972258236,0.03761997082813953,0.4413790860058119,7.880593165755272,8.860755544900893,1.486786311864853,,,,
1265,7.416908454227115e-05,0.09889132454991341,0.017397250603338084,0.003010203121327019,0.037105856890169285,0.433946222687761,7.826451342304548,8.888635830084484,1.4990045815706252,,,,
1266,7.406953476738371e-05,0.09881609173025936,0.01679202814130877,0.002916660355822387,0.037269478007995835,0.4360525154819091,7.818271149198214,8.827392985423407,1.4861705981194973,,,,
1267,7.396998499249624e-05,0.09851929107680917,0.015592074726489475,0.0029652720973899704,0.03782207359715054,0.44346191799268125,7.9020552376906075,8.87531880935033,1.4942936989168325,,,,
1268,7.38704352176088e-05,0.09864997305752089,0.018133316894930473,0.002971187041354521,0.038329300858701267,0.4515625273498396,8.046113767226537,9.044522883494695,1.5124608809749285,,,,
1269,7.377088544272136e-05,0.09951700729628404,0.019935056477828096,0.002981047330407212,0.03800548791962986,0.44467635278900464,7.982490573326746,9.005447198947271,1.5023034696777662,,,,
1270,7.367133566783392e-05,0.09571611885136615,0.017970799737845766,0.0031875037241358467,0.0380374966810147,0.44386971729497116,7.9341222455104194,8.98592739502589,1.5252120571831862,23.1322779400719,0.6420094628995952,23.996871824479026,0.6758568587361367
1271,7.357178589294648e-05,0.09472652770734082,0.02249236410832598,0.00284180190180147,0.036931161027556905,0.43062900264437,7.728366761406263,8.698186518748601,1.457852547119061,,,,
1272,7.347223611805904e-05,0.10175248357312133,0.01648440977967217,0.0029367269334519127,0.037657336021463074,0.44214561755458515,7.977441606918971,9.019954154888788,1.517002946138382,,,,
1273,7.337268634317157e-05,0.0968500716223692,0.016920232276153985,0.003003483511565719,0.03795086484557639,0.44251225211968026,7.924041094382604,8.94756699403127,1.5037885514398417,,,,
1274,7.327313656828414e-05,0.0960884358966723,0.0163484465655842,0.0030536088698378686,0.03695249756565318,0.436763353087008,7.91478444536527,8.93119377096494,1.5162694953382014,,,,
1275,7.31735867933967e-05,0.09948295516272386,0.021193372202475243,0.0030974615936429474,0.03809260349565496,0.4531524344036976,7.986610382795334,8.997746811310451,1.5237929893036684,,,,
1276,7.307403701850926e-05,0.09445189771552881,0.021038509130600146,0.002841286609994616,0.036894648157370584,0.4324094507532815,7.773824449380239,8.715566442410152,1.463519341001908,,,,
1277,7.297448724362182e-05,0.09736290314079572,0.01742618389149584,0.003003298862737817,0.03750476741697639,0.43880783126999934,7.856198147932688,8.814642985661825,1.4826255629460017,,,,
1278,7.287493746873438e-05,0.10113352383486926,0.01843557446626948,0.0030028018246715266,0.03828358864023661,0.45184709314877786,7.98893079161644,9.067068463563919,1.5256167960663636,,,,
1279,7.277538769384691e-05,0.0928687645898511,0.02451485536644699,0.002833040969502084,0.037454250334606816,0.44350881160547334,7.842230019966761,8.821563841899236,1.4741244552036126,,,,
1280,7.267583791895947e-05,0.09574596935417504,0.02353650370135701,0.0030549597130326827,0.03863112215767615,0.45439194510690867,8.05891162554423,8.978898482521375,1.5016928469141324,23.182682552244653,0.6425430548526204,24.012708653052687,0.6758585350007907
1281,7.257628814407203e-05,0.10029084681688498,0.017276368725372748,0.0030212904113795956,0.03829654613509774,0.44583265433708824,7.949825749794642,8.915282003084819,1.4968270753820738,,,,
1282,7.247673836918462e-05,0.0984596266799296,0.017636721406905545,0.0027677622887191927,0.03713701381542099,0.4354529573892554,7.8187799255053205,8.818055203557014,1.470698542892933,,,,
1283,7.237718859429715e-05,0.09439702865978082,0.021238767725892,0.0028460109538476293,0.037669272895436735,0.4409016431309283,7.887840316692988,8.808116155862809,1.4752673534055551,,,,
1284,7.227763881940971e-05,0.09932274816868206,0.019796879233717965,0.0029983379688322503,0.03706843794789165,0.43165421886369587,7.807275485992432,8.828889767328898,1.486750802397728,,,,
1285,7.217808904452227e-05,0.09771337979473174,0.015450459076760422,0.0032043276592351806,0.03925734335013355,0.4595576091359059,8.100720395644506,9.196350592374802,1.5504289805889129,,,,
1286,7.20785392696348e-05,0.09919686621675888,0.018137232418738474,0.0030053349125106856,0.03752077273093164,0.4404889897443354,7.835308466355006,8.850640988349914,1.4983891112109025,,,,
1287,7.197898949474739e-05,0.10182543275101731,0.02241644911317421,0.002959130608057118,0.037827256521753345,0.4478107551423212,7.990669186909994,8.985007786750794,1.5093568465361993,,,,
1288,7.187943971985995e-05,0.1017104190774262,0.01674396053569538,0.003096584411711471,0.03902845997363329,0.4550041874870658,8.025950785477956,9.072595870494842,1.530094566444556,,,,
1289,7.177988994497248e-05,0.09663191425303617,0.017676449776272207,0.002945907932553382,0.03738626658062761,0.4383875263854861,7.820027071237564,8.801911602417627,1.4810678022603194,,,,
1290,7.168034017008504e-05,0.09876450472511351,0.018848079468698663,0.0029548934569902487,0.0380974546695749,0.44373818952590227,7.9553170243899025,8.923475981752079,1.4980578099687893,23.165321544719518,0.6422381192390226,24.023140015924014,0.6760787826206236
1291,7.15807903951976e-05,0.10551057377985368,0.020291132116258895,0.0031596423153435658,0.0385670756494316,0.4548607821576297,7.96452538172404,9.04841532111168,1.5371465938786666,,,,
1292,7.148124062031014e-05,0.09680356873820226,0.017794333142479305,0.0030797104955126997,0.03755407282539333,0.44410100287447374,7.787841649850209,8.826557236909867,1.4929205735524496,,,,
1293,7.138169084542272e-05,0.10006159708524744,0.01926539084321058,0.003052465427329783,0.03804686763323843,0.4455170234354834,7.955181023478508,9.001587821046511,1.5157142994304498,,,,
1294,7.128214107053528e-05,0.09833951306839785,0.016501340284555077,0.0031357716597388693,0.03856518687680364,0.45519048841670157,8.03472533027331,8.999590692917506,1.5084126410384973,,,,
1295,7.118259129564782e-05,0.10272883803894123,0.015642132558904603,0.0030403526064522643,0.03819375312887132,0.449219830861936,7.947807890176773,8.963953125476838,1.512004063030084,,,,
1296,7.108304152076038e-05,0.09762603555961201,0.01755725532506345,0.0028801361563334164,0.03730904090722712,0.4360112951447566,7.798334693908691,8.820564058423042,1.4856842990964652,,,,
1297,7.098349174587294e-05,0.10123656351740161,0.01640808666825997,0.003098276133702408,0.038613431217769785,0.45403178113823134,7.975790025790532,8.986913772424062,1.5081586259106794,,,,
1298,7.08839419709855e-05,0.09648394188843668,0.019638436871645838,0.0028215752138445777,0.03806798590812832,0.4477061981956164,7.9403068343798315,8.908084774017334,1.488927565018336,,,,
1299,7.078439219609806e-05,0.09726654892632117,0.019662295372439804,0.0030123814238322668,0.038135052879806605,0.4515623915630082,8.031050727764766,9.039866616328558,1.5214292521278063,,,,
1300,7.068484242121062e-05,0.09627524896059185,0.01805009359561751,0.0030239048743775734,0.037731273534397286,0.4450036581605673,7.91589607099692,8.952632874250412,1.5080471381545066,23.147532050641278,0.6419381264207031,24.021994703835627,0.6760689281012435
1301,7.058529264632315e-05,0.0959707921060423,0.019992547161516327,0.002917942241704926,0.03859867585512499,0.4542187391159435,7.990528287490209,8.976640373468399,1.498334885885318,,,,
1302,7.048574287143571e-05,0.09836081902806958,0.02010744356952022,0.0028523040581300545,0.037346862570848315,0.43859049507106346,7.845290566484134,8.823080376784008,1.4694978321592014,,,,
1303,7.038619309654827e-05,0.09886207717160383,0.01883560207194961,0.002928882914299417,0.03813024542760104,0.4471760789863765,7.954309085011483,8.934453531106312,1.5002082819739977,,,,
1304,7.028664332166083e-05,0.09884084025397896,0.018182000464720183,0.0029981017326160026,0.038038012113732596,0.4436622532705466,7.918980787197749,8.932373225688934,1.5026476132373014,,,,
1305,7.018709354677339e-05,0.09862412402095894,0.01607485760752292,0.002932748457775839,0.03759120253380388,0.4421456936436395,7.928410255908966,8.982114621003468,1.5123392512400946,,,,
1306,7.008754377188595e-05,0.09947574965966245,0.013964074628211904,0.0030560841058104417,0.03805761249968782,0.4443895258319875,7.954316240549088,8.966830603281657,1.5106291053195795,,,,
1307,6.998799399699851e-05,0.09297477685225507,0.020563835796009282,0.0028920665929035748,0.037150195788126436,0.43420156141122185,7.875471979379654,8.925126147270202,1.4954395398497582,,,,
1308,6.988844422211105e-05,0.09553104511772594,0.0216169574514861,0.0030622457915645404,0.03771870294585824,0.4504033844297131,7.943510739008586,8.935582799712817,1.5139264789720377,,,,
1309,6.97888944472236e-05,0.09315076844068244,0.018886941839913945,0.0028468850147874035,0.037369397206930444,0.4382431713864207,7.869249892234802,8.87513697942098,1.4761031540731588,,,,
1310,6.968934467233617e-05,0.10243273092589031,0.015053370240156027,0.003020511701834039,0.03843092736011992,0.44959201210488875,7.962871541579564,8.92043946782748,1.5033852236966292,23.121684144911576,0.6418735795313036,24.009526183956112,0.6759627476132793
1311,6.958979489744873e-05,0.10129208963674803,0.01977060640399812,0.003030425775796175,0.03795240023561443,0.4483307530793051,7.967727921406428,8.976986828446389,1.5114397438863914,,,,
1312,6.949024512256129e-05,0.09578068982809781,0.01592471291591379,0.0030306010443988877,0.038054779429997625,0.45048583078508575,7.925871022542318,8.985988654692967,1.5163286795218787,,,,
1313,6.939069534767385e-05,0.0950665422792857,0.02301498491749688,0.0029483165220881347,0.03772421856798853,0.44496275754645465,7.8861874421437586,8.910046063860257,1.4935248171289761,,,,
1314,6.929114557278638e-05,0.1041606309164005,0.020317835004021727,0.0031594749802025036,0.038115782775760935,0.44825199774156016,7.933945898214976,9.026634959379832,1.5317728122075398,,,,
1315,6.919159579789894e-05,0.09621973016764969,0.016353640896855263,0.002890463291078049,0.03699948217642183,0.4392620550779005,7.882544471820196,8.890048974752427,1.490740111966928,,,,
1316,6.909204602301153e-05,0.10018948657282939,0.018876102984575975,0.003159862274575668,0.03759398028875391,0.4418830351283153,7.953814233342807,8.980369196335475,1.5268750372032325,,,,
1317,6.899249624812406e-05,0.10188443900551647,0.028908609458402405,0.003009850543094217,0.03749934042183061,0.43919181283563374,7.958440208435059,8.955943713585535,1.5091897182166576,,,,
1318,6.889294647323662e-05,0.09573433289770036,0.024684137186268926,0.0029601094578538324,0.03752271885750815,0.44069827102745573,7.914466079076131,8.92726067105929,1.4910683030883471,,,,
1319,6.879339669834918e-05,0.09887529356249919,0.018513388946980906,0.003000345040769995,0.03765533489640802,0.44319730093702675,7.890628168980281,8.894529364506404,1.4983951615790525,,,,
1320,6.869384692346171e-05,0.10332487731551131,0.016217549312761172,0.0031640387398510937,0.03903193087705101,0.4592165111253659,8.024300670623779,9.014776302377383,1.5216511895259222,23.12700562620942,0.6419032136483217,24.003502417099153,0.6760085958771417
1321,6.859429714857427e-05,0.09883859764474133,0.013296559682919746,0.0030644320717631976,0.03835413099344199,0.45332447389761604,8.023887888590496,9.077196859320004,1.5224580911298593,,,,
1322,6.849474737368686e-05,0.09693407594847182,0.01648295490935053,0.0030116063281942235,0.037313038987728454,0.43856238139172393,7.818369313081106,8.812317776679993,1.4858530508975187,,,,
1323,6.83951975987994e-05,0.09810060299156854,0.015607315113421786,0.0029925435038724874,0.03858252032659948,0.4595250668004155,8.060979717969895,8.99563174645106,1.50794675052166,,,,
1324,6.829564782391196e-05,0.0941439665077875,0.015411662520540048,0.003009869648546252,0.03833286614778141,0.45570720145478844,7.935404553016027,8.940826175610225,1.503516037017107,,,,
1325,6.819609804902452e-05,0.0998344782118996,0.02021761354149009,0.002872794055535148,0.03743255194664622,0.44118699052681526,7.8777519206206,8.916846855481465,1.4954162831107776,,,,
1326,6.809654827413705e-05,0.09606670300321032,0.016423188667597087,0.002888953280368393,0.03674208441516384,0.43191463922460877,7.81844793955485,8.780528309941293,1.4845580980181694,,,,
1327,6.799699849924964e-05,0.09957002541050315,0.015000978634562283,0.0030940258197309353,0.03940253055188805,0.4621166273020208,8.127719050645828,9.185668649276097,1.5319988215963045,,,,
1328,6.78974487243622e-05,0.10124201988025258,0.015277805246518384,0.0030525412444452134,0.03845457383431494,0.45436152912055455,7.968897094329198,8.907757298151653,1.49819177861015,,,,
1329,6.779789894947473e-05,0.09721037592583646,0.017770155245148564,0.0028612041961726693,0.037831823667511345,0.44774955150981743,7.883315980434418,8.834283910195033,1.4804175590475401,,,,
1330,6.769834917458729e-05,0.09645092013136794,0.020905310671390016,0.0029212820265456683,0.037728703025883686,0.445737568816791,7.975416428844134,9.058785450458526,1.5174105775852997,23.15354627400392,0.6418605394783443,24.019812369524015,0.6763441061019677
1331,6.759879939969985e-05,0.0950267737886558,0.01783508376377032,0.002818721432716605,0.037476565859590964,0.44268658266713223,7.924540223677953,8.884654889504114,1.4838976512352626,,,,
1332,6.749924962481241e-05,0.0977631070651114,0.0227709327971926,0.0029561416268431154,0.03754191238355512,0.4410045357421041,7.909459237257639,8.920258428653081,1.4949620947241784,,,,
1333,6.739969984992497e-05,0.1024923789082095,0.015933343814864998,0.002906712311172062,0.03782610344933346,0.4446259376903375,7.962254430850347,9.016915382941564,1.5106965308388074,,,,
1334,6.730015007503753e-05,0.09489869432679067,0.020311779202932218,0.0028997703759159775,0.03663579136288415,0.4334621329481403,7.843085938692093,8.867261483271916,1.489655141532421,,,,
1335,6.720060030015009e-05,0.09497151468725254,0.015062629422723125,0.003034976636142043,0.03727854354462276,0.43403067318722605,7.7878106733163195,8.772634720802307,1.48300633157293,,,,
1336,6.710105052526262e-05,0.09271772476689269,0.013988568031069211,0.002748808880642173,0.03694350721004109,0.4324187818914652,7.84833463827769,8.767132939894994,1.466414533307155,,,,
1337,6.700150075037518e-05,0.10420861583358297,0.015617870515638248,0.00308470104131023,0.03846693781282132,0.4482442146788041,7.945028028885523,8.89591587583224,1.498435163249572,,,,
1338,6.690195097548774e-05,0.09949498365167528,0.01766524345289504,0.0029718363092494354,0.03750030080943058,0.44177887178957465,7.867548843224843,8.803930155436198,1.4808517473439375,,,,
1339,6.68024012006003e-05,0.09975094403295467,0.021998404575741995,0.003091122929799894,0.03813090762123465,0.4470664669449131,8.005706787109375,9.07100712855657,1.530759364614884,,,,
1340,6.670285142571286e-05,0.09478576283436269,0.019909649410441748,0.002801839754344352,0.03809451877217119,0.4457730353499452,7.905473130941391,8.853277560075124,1.4686749674379826,23.138763462536094,0.6415794353694302,24.029129113807187,0.6764839899366021
1341,6.660330165082542e-05,0.10201244128402323,0.019121303058187065,0.0029013454904088577,0.03743135045127322,0.43626886286462346,7.831813100973765,8.863661597172419,1.4858140379190445,,,,
1342,6.650375187593796e-05,0.09853118510606389,0.018368241648800836,0.002835143040526115,0.038456774093598746,0.44977264137317735,7.950629351536433,8.911912104487419,1.4850903261452912,,,,
1343,6.640420210105052e-05,0.10003130317976078,0.014626297678850382,0.002783185653606779,0.036843154140903306,0.4296441183115045,7.790762972831726,8.767375359932581,1.4724395545820395,,,,
1344,6.630465232616308e-05,0.09541103478210668,0.01806947526098046,0.0029200930703912795,0.037749764936355255,0.4459851585949461,8.029187699158987,9.062901842594147,1.515878776460886,,,,
1345,6.620510255127564e-05,0.10081793271626036,0.015613755501864427,0.0031621076584391022,0.038933124168155094,0.45905373195807136,8.113784807920457,9.104406505823135,1.53496311729153,,,,
1346,6.61055527763882e-05,0.09972100677744795,0.018609350484233348,0.0028927823674166574,0.037669588431405526,0.43974654413759706,7.8666091124216715,8.848016279935838,1.4824916119376819,,,,
1347,6.600600300150076e-05,0.10275264299319437,0.014826480641106343,0.0030529269696368527,0.03916371144199123,0.4604514300512771,8.023068604866664,9.02484608789285,1.5152697344621022,,,,
1348,6.590645322661329e-05,0.10137366934213787,0.018428887805967995,0.0028843790367924765,0.037888343589535606,0.4428491770600279,7.9099881490071615,8.918694132566452,1.4925351505478224,,,,
1349,6.580690345172585e-05,0.10280052416492254,0.030852491143177355,0.00299667598119413,0.03931445684477997,0.4650588168452183,8.101930866638819,9.124368099371592,1.5233774321774642,,,,
1350,6.570735367683841e-05,0.09983719154261053,0.016893993382203595,0.0029397152825670976,0.036961555030817786,0.4378295975426833,7.780521051088969,8.788603891928991,1.4860121414065361,23.15778591829937,0.6415174180767641,24.03688568085328,0.6764602379065522
1351,6.560780390195097e-05,0.09400693705150237,0.014787666862054304,0.0030417868594668105,0.03795654965797439,0.4428595708993574,7.992855389912923,8.977315705021223,1.5068518720567226,,,,
1352,6.550825412706353e-05,0.09886533972263957,0.01399978484853944,0.002833753585097535,0.03660871596075595,0.42887319788957634,7.74507437646389,8.73673471013705,1.4651823334395886,,,,
1353,6.540870435217609e-05,0.0954954595848297,0.016639009321301756,0.0027584066311646892,0.03775107914892336,0.443574818999817,7.836350235342979,8.792195702592531,1.4682063043117524,,,,
1354,6.530915457728865e-05,0.10094210239282499,0.015083094340410419,0.003017219188041054,0.03826589205612739,0.4508498984078566,8.01565738717715,9.008561625083287,1.5094217494130135,,,,
1355,6.520960480240119e-05,0.09776210697988669,0.016646387619753965,0.003031866684856747,0.03752629148463408,0.43992428469161193,7.8990180174509685,8.922363460063934,1.5059744253754617,,,,
1356,6.511005502751377e-05,0.0937276937145119,0.014851942576770345,0.0027634462697581816,0.037641412574642645,0.44066472925866645,7.936303184429804,8.911615576346716,1.4800320075203974,,,,
1357,6.501050525262633e-05,0.09235535207359741,0.01602037470847672,0.0029271491157487617,0.03738325994927436,0.446388477863123,7.860909821589788,8.85823151866595,1.4900331358114878,,,,
1358,6.491095547773887e-05,0.09848103971065332,0.019563202846821188,0.0031219042943121168,0.03835006981389597,0.4511142497571806,7.977408332626025,9.06203750570615,1.524992207934459,,,,
1359,6.481140570285143e-05,0.1018892226430277,0.01764441838421392,0.003099206776217519,0.03845437818284457,0.45527982947727047,8.014350493748983,9.106317669153214,1.5389903706808885,,,,
1360,6.471185592796399e-05,0.09549008887261153,0.01652556158659871,0.002940670047792082,0.03712337417916085,0.43527503504107395,7.811515639225642,8.877801462014515,1.495919794589281,23.152681463768612,0.641430155014618,24.036526333307616,0.6764909043978554
1361,6.461230615307652e-05,0.09743619314394891,0.01552611015330309,0.0029658902880328243,0.03819164896461492,0.4539979681062202,7.973229589064916,8.99527093966802,1.5085452750325203,,,,
1362,6.451275637818911e-05,0.09459332715875159,0.01967703434445962,0.0029368186099721547,0.03799285693094134,0.44430569193015496,7.967245417833328,9.040401311715444,1.5033698952446382,,,,
1363,6.441320660330167e-05,0.09476270556139449,0.019018845871654772,0.0029402050663823805,0.03716162626709168,0.4372061283327639,7.840274908145269,8.867162732283274,1.4883108901480833,,,,
1364,6.43136568284142e-05,0.09531837256702905,0.026051500412659905,0.002938700070080813,0.03776259385825445,0.4485850993854304,7.955894430478414,8.953411847352982,1.5071601789444684,,,,
1365,6.421410705352676e-05,0.0985668265260756,0.01877558880860774,0.0028001422694311864,0.037952011579182,0.44454595223069193,7.946431754032771,8.934199217955271,1.4890857415894667,,,,
1366,6.411455727863932e-05,0.09300932621893783,0.016627837497302463,0.0029299472878240823,0.03731633111989747,0.4390540241574248,7.840024846792221,8.82363688548406,1.4880501247942448,,,,
1367,6.401500750375188e-05,0.08997686478930216,0.014950435266988056,0.0027734887073165735,0.036626408551819624,0.4321694272880753,7.800417081514994,8.792491175731023,1.4723772381742795,,,,
1368,6.391545772886444e-05,0.09766374581182996,0.016651541615148938,0.003074341746560094,0.037686241422003754,0.4481022144978245,7.870034481088321,8.894990584254264,1.5073246258000532,,,,
1369,6.3815907953977e-05,0.09705947378339867,0.019638621640344193,0.002975337833231606,0.037740519571040444,0.4441403954600294,7.917110114296277,8.93450035651525,1.5058398470282555,,,,
1370,6.371635817908954e-05,0.09238476218500485,0.018787904742282535,0.0028225299517847208,0.03630564377720778,0.4224124478176236,7.712775136033694,8.688139631350834,1.4572297116120656,23.154749207039007,0.6421975846814196,24.045496933907202,0.6766198329082539
1371,6.36168084042021e-05,0.0976130429500093,0.012872072140006038,0.0031393968109720543,0.03875982370227575,0.45858637085184456,7.979633289575577,9.01290235320727,1.5167770460247993,,,,
1372,6.351725862931466e-05,0.10067513002237925,0.01594894533525991,0.003106915249797263,0.03834687208291143,0.4482446446393927,7.993165847659111,9.025351655483245,1.5194234157601991,,,,
1373,6.341770885442722e-05,0.09150775012094528,0.01747886484352582,0.0028486421785297957,0.0366652936131383,0.42658203033109504,7.778043647607167,8.740304285287857,1.468779195845127,,,,
1374,6.331815907953978e-05,0.10248918187959741,0.01847280757691703,0.002982493675032553,0.03849002544496519,0.4520617158152163,7.978091106812159,9.074281360705694,1.5188612324496111,,,,
1375,6.321860930465234e-05,0.10079597242486973,0.015461129922214548,0.002978481575094823,0.03774794986238703,0.4420273570654293,7.826935144265493,8.806113821268081,1.4838547358910243,,,,
1376,6.311905952976487e-05,0.096895714259396,0.017844593398612277,0.002879455576658074,0.036912508130383985,0.4334624219685793,7.78213835755984,8.814161479473114,1.4807167194783688,,,,
1377,6.301950975487743e-05,0.10128591225172083,0.015734093967067153,0.0029350522087346082,0.037330403761006895,0.43648713004464906,7.814475687344869,8.831016024947166,1.482254449526469,,,,
1378,6.291995997998999e-05,0.09867621921778967,0.016534922066650668,0.0028917723499034763,0.037380015295154105,0.4392332898142437,7.8645363509654995,8.885583426554998,1.4931116752326488,,,,
1379,6.282041020510255e-05,0.09690128422807902,0.02209797816283524,0.003022515544974643,0.03786372954103475,0.4451121305115521,7.863748211661974,8.878463697433471,1.4950061649084092,,,,
1380,6.272086043021511e-05,0.10172646887755642,0.016177297885949984,0.0029950362236074095,0.03853333192722251,0.45521507362524666,7.99984986782074,9.01022330125173,1.509470231582721,23.15653970220615,0.6420996334221826,24.053144788538848,0.6768052878022299
1381,6.262131065532767e-05,0.10062544096726925,0.01424594809408557,0.0030608858669438632,0.037525111561020216,0.44155067261308434,7.903666856884956,8.856198782722155,1.4970352560281754,,,,
1382,6.252176088044023e-05,0.09902629787102342,0.01614148528268012,0.002943699449012153,0.0379127650288865,0.44476697069282334,7.90711110830307,8.96477415362994,1.5079530832668147,,,,
1383,6.242221110555276e-05,0.09610685432562605,0.020274624080227413,0.002722280898463699,0.03759088138661658,0.4430227104884883,7.932694730162621,8.898868940273921,1.4791545684138934,,,,
1384,6.232266133066532e-05,0.10274879223822306,0.02419848491873416,0.002967975999126793,0.03825841974467039,0.4432526353125771,7.960319991906484,9.01521560549736,1.50924045642217,,,,
1385,6.222311155577791e-05,0.0962588349978129,0.018614816515241963,0.002973408108118747,0.036851769332618765,0.432809815586855,7.800173869729042,8.824090506633123,1.4918607704341411,,,,
1386,6.212356178089044e-05,0.09744638211559505,0.018581269299925297,0.0029363035414159337,0.03657334479503334,0.42655593088517585,7.752840805053711,8.803854862848917,1.484664006282886,,,,
1387,6.2024012006003e-05,0.09816705765357862,0.01961789267613554,0.002941068617201381,0.03747831224075829,0.44172114732985696,7.929011499881744,8.97221044699351,1.5103912276526292,,,,
1388,6.192446223111556e-05,0.10531165017746388,0.01711321345344518,0.002986513157823841,0.03739418849193801,0.43754446872820457,7.855816787481308,8.878284990787506,1.4976317420601846,,,,
1389,6.18249124562281e-05,0.10001118661214908,0.015985764398955857,0.0031479795969062254,0.03739149922815462,0.43702663021783034,7.81902123093605,8.930273516972859,1.5154272139072418,,,,
1390,6.172536268134069e-05,0.10162705888506025,0.014339537881375482,0.0030446941303428807,0.038583484144570926,0.4535441152751446,8.062032053867975,9.128572050730387,1.5251839463909467,23.156876499137862,0.6419087134241532,24.064398904383076,0.6768348164598489
1391,6.162581290645325e-05,0.10258276263872783,0.017382493368769878,0.003145986378755576,0.03875279818506291,0.4574039821202556,8.053960796197256,9.196759011348089,1.5455589232345421,,,,
1392,6.152626313156578e-05,0.09581212441747387,0.019227674648184253,0.0029413013076312684,0.03742057683023935,0.4421067509489755,7.802389841278394,8.775214658180873,1.4792095103611549,,,,
1393,6.142671335667834e-05,0.10106768499438962,0.016764575998468347,0.00287347553063834,0.03847094854960839,0.4498765939536194,8.01699385245641,9.105146892865498,1.5174552803238233,,,,
1394,6.13271635817909e-05,0.09236951917409897,0.019640619319838966,0.0028678660171256825,0.03711408721671129,0.43668285325790446,7.792340840895971,8.766338700056076,1.4754382411638896,,,,
1395,6.122761380690343e-05,0.09509901554944615,0.015516172127323043,0.002929771667792617,0.037607060958786555,0.44242063437898954,7.891290057698885,8.899664152661959,1.4828584166864553,,,,
1396,6.112806403201602e-05,0.09645523169698815,0.014544724407799088,0.0028843206626333997,0.03771729515477394,0.4455802897922695,7.90500235358874,8.889013797044754,1.490987230837345,,,,
1397,6.102851425712858e-05,0.0989146574245145,0.014159079486542225,0.003050799248740077,0.03791372471023351,0.44466150787969433,7.8414317508538565,8.896146243810653,1.500735698391994,,,,
1398,6.092896448224111e-05,0.09977339717249076,0.018518651095584697,0.0030804656478721883,0.03799055020014445,0.44717789683490994,7.875526110331218,8.982883793115615,1.5231201979021232,,,,
1399,6.082941470735367e-05,0.09971174012559156,0.01867149572523902,0.0029606717590165013,0.03710231623845175,0.4350124841555953,7.789312473932902,8.76368444164594,1.4846690346797307,,,,
1400,6.072986493246623e-05,0.0971970085442687,0.01737120826388825,0.0029126011120752084,0.037239930014281226,0.43780771711220345,7.882171905040741,8.890871294339497,1.492706004778544,23.144602823291596,0.6415039280135233,24.062432088571388,0.6767948055885658
1401,6.063031515757879e-05,0.09759819648849467,0.015957643943771683,0.0030034368982038966,0.03794716618722305,0.4450458894173304,7.889593154191971,8.87534139752388,1.4858986410001913,,,,
1402,6.053076538269135e-05,0.09793381733664622,0.017995606430203783,0.003102061978703811,0.03825451425897578,0.447336059063673,7.919969342152277,8.94977730512619,1.520068963865439,,,,
1403,6.0431215607803913e-05,0.09471843390104671,0.015085851994624467,0.002818940262295655,0.0375080352416262,0.439727256881694,7.838656888405482,8.79670444726944,1.4656455561518669,,,,
1404,6.0331665832916474e-05,0.10160168743071457,0.017580832663054508,0.003150721847002084,0.03780208579652632,0.4446002113011976,7.891275094946225,8.95588662425677,1.5167305370171864,,,,
1405,6.023211605802901e-05,0.09921188498071085,0.018383059204844177,0.003008994658375741,0.03843319069322509,0.45118109975010157,8.033471092581749,9.131598069270451,1.5325520403683186,,,,
1406,6.013256628314157e-05,0.09798999278185268,0.019825510203970255,0.002988620569218862,0.038131675692663215,0.4480471551263084,7.951105918486913,8.97726632754008,1.4985182285308838,,,,
1407,6.003301650825413e-05,0.09712885178159922,0.026751530532318726,0.0028411152857188426,0.03725992532563396,0.43613620158284905,7.852511644363403,8.894812294840813,1.4824318130811056,,,,
1408,5.993346673336669e-05,0.09666580201592297,0.0221289093876288,0.0028359277645601346,0.03742449951823801,0.4393947686068714,7.801422519485156,8.802084942658743,1.4759310111403465,,,,
1409,5.983391695847925e-05,0.09716291280152897,0.016990474282042277,0.0028313293838436947,0.03807983026684572,0.4489769559043149,8.047525352239608,9.041551979382833,1.4954423812528452,,,,
1410,5.973436718359181e-05,0.10188569909272095,0.014397916435939942,0.003046990737342033,0.03818282639064516,0.44843843051542837,8.00772064824899,9.051816355188688,1.520369721700748,23.15005278693618,0.6415883488454842,24.046252839818173,0.6767604146203313
1411,5.963481740870434e-05,0.10017344418447464,0.01790999469860933,0.003037901890699383,0.038726530856608106,0.45679902397096156,8.073580437898636,9.143220422665278,1.5328617937862874,,,,
1412,5.95352676338169e-05,0.0933861558403199,0.01816890362690279,0.0029248221838618824,0.0373118328046985,0.4373947187482069,7.812536948919297,8.812107335527738,1.483393803735574,,,,
1413,5.943571785892946e-05,0.10634485464543104,0.016491515274956944,0.003096688911985742,0.038283844687975944,0.45412728780259687,7.945711952447891,9.007685321569443,1.5285990861554941,,,,
1414,5.933616808404202e-05,0.0993638742249459,0.01654515676945453,0.0029740864631700487,0.038208615492718916,0.44923779809226594,7.913852558533351,8.929847170909246,1.4886775332192579,,,,
1415,5.923661830915458e-05,0.09344861410403003,0.014685458283628586,0.0027084641305312592,0.036900467173351596,0.4335154258646071,7.786426816383997,8.77313370903333,1.4676915148893992,,,,
1416,5.913706853426714e-05,0.09714900545465449,0.015215858893713137,0.002996116201696471,0.03836513976178443,0.44938314020012815,7.948869009812673,8.940033900737763,1.4930303663015365,,,,
1417,5.9037518759379675e-05,0.09978299409461518,0.01865219408288382,0.0031374291342823805,0.03814295711539065,0.44807571539034446,7.914240437746048,8.993057185411454,1.5208591719468434,,,,
1418,5.8937968984492235e-05,0.09327876192207138,0.017455438211175907,0.0027811049973630966,0.037302826337205865,0.4401497051740686,7.826797238985697,8.82664371728897,1.4748710955182711,,,,
1419,5.883841920960482e-05,0.0984579904548203,0.01586992569423155,0.0030368717439462974,0.037916788614044586,0.4448442302954694,7.882760353883108,8.936713667710622,1.5117394534250101,,,,
1420,5.8738869434717356e-05,0.09496261552752307,0.01687471735318506,0.0028241051426448394,0.03767373108615478,0.4437628537726899,7.86593526005745,8.791316672166188,1.4701515143116315,23.150471149324133,0.6419294594392873,24.045076085986683,0.6766832055485607
1421,5.8639319659829916e-05,0.09426589664847901,0.016696157505156992,0.0030512188134404522,0.03793437189888209,0.4444021813571453,7.913958175977071,8.94831443230311,1.5157875808576742,,,,
1422,5.8539769884942476e-05,0.09726495623278121,0.0167723390436714,0.002981980442382337,0.03799769365771984,0.4495107864961028,7.938034005959829,8.914151116212208,1.4940131545066833,,,,
1423,5.844022011005501e-05,0.09580524157111843,0.01616462319788769,0.002958770101395203,0.037477556608306865,0.4438708869740367,7.887123511234919,8.918104294935862,1.5027270279824734,,,,
1424,5.834067033516757e-05,0.09772844753072908,0.01655726431843914,0.003066648005794074,0.03787158770719543,0.44786508635928235,7.93006647626559,8.965211457014084,1.5057333171367646,,,,
1425,5.824112056028016e-05,0.0965147100854665,0.014630345952353352,0.0027564182725958136,0.03685492145596072,0.42727316518624625,7.743126493692398,8.695894223451614,1.4559983479479948,,,,
1426,5.814157078539269e-05,0.09907132238925745,0.017015481490108512,0.002935543543753738,0.03772878920038541,0.443332009203732,7.918395803372065,8.94095066189766,1.5009990652402243,,,,
1427,5.804202101050525e-05,0.10191975938311468,0.015346933333411646,0.003074003518850077,0.03871546359344696,0.45543531123548747,8.033843186497688,9.124564598004023,1.5307272111376127,,,,
1428,5.794247123561781e-05,0.09472360338550061,0.018329264852882835,0.002678134994979094,0.037231510318815705,0.4355541565145055,7.765806812047958,8.688017135858535,1.4479087270796298,,,,
1429,5.784292146073037e-05,0.09348559955445429,0.017242576683451045,0.002774903449668879,0.036736447690054776,0.4330379907973111,7.663259385029475,8.649551714460054,1.4478676194945972,,,,
1430,5.774337168584293e-05,0.09576301171910018,0.020675201871078592,0.0030750426745119815,0.038696186353142065,0.45821128468960526,8.019881258408228,9.047324291865031,1.5185465395450592,23.134745486983377,0.6415279950938729,24.027915407898085,0.6766367187579856
1431,5.764382191095549e-05,0.09579609176144004,0.021540112954771207,0.0029768029654709,0.036729035332488516,0.42833738156283896,7.7836327135562895,8.781905750433603,1.4772227508326372,,,,
1432,5.754427213606805e-05,0.09546157703734934,0.02048655323948374,0.002936119543968137,0.03680841465829872,0.4317994857827822,7.830744038025538,8.896168514092762,1.5037767035265763,,,,
1433,5.7444722361180584e-05,0.09172619396510223,0.01648046213545502,0.0027632931036350784,0.03707364353661736,0.4349937471250693,7.76843490699927,8.814540004730224,1.475059030453364,,,,
1434,5.7345172586293144e-05,0.0969560081915309,0.019789113912544683,0.0028836607538930063,0.03672980836903055,0.43463425983985265,7.811346479256948,8.795271251598994,1.4793103126188119,,,,
1435,5.7245622811405704e-05,0.09476678894522289,0.015533096159089392,0.002985484625241952,0.03849722097705429,0.4496802719620367,7.910249439875285,8.925522595643997,1.4946100756525993,,,,
1436,5.7146073036518265e-05,0.09468041598641624,0.017096761201175367,0.0030488510206547895,0.0368479500466492,0.4330358874673645,7.761845968166987,8.796280945340792,1.4878400561710199,,,,
1437,5.7046523261630825e-05,0.09807728302354614,0.01636533296846127,0.0029001382119531625,0.03817603743712728,0.4531045113069316,7.989291131496429,8.995078804095586,1.5027553543448449,,,,
1438,5.6946973486743385e-05,0.09755174583600214,0.01566664227913665,0.002950692474587413,0.037880690273595974,0.44253425697485604,7.875991750756899,8.880795694390933,1.4915619157254696,,,,
1439,5.684742371185592e-05,0.09859905630194893,0.01687489460134876,0.0027162126144200252,0.03741681722070401,0.4417817407908539,7.758224195241928,8.712400309244792,1.4537711444000403,,,,
1440,5.674787393696848e-05,0.09793916052828232,0.014761500027022596,0.002884080915737286,0.037360533951626466,0.4386724105104804,7.8242574016253155,8.884313138326009,1.487804116308689,23.131729570967163,0.6416915043507864,24.030966050060087,0.6766913872544928
1441,5.664832416208104e-05,0.09777954059342543,0.0139429424047712,0.0029007064281055743,0.037642078520730135,0.440314558831354,7.842466781536738,8.869507280985514,1.491148946930965,,,,
1442,5.65487743871936e-05,0.0966235903246949,0.017435472137057553,0.0028081957085911804,0.03795519853010774,0.447093284316361,7.872809769709905,8.832979053258896,1.4708667126794657,,,,
1443,5.644922461230616e-05,0.09663477720071872,0.015080893481735707,0.0030444472715923138,0.037848190928343683,0.44472252192596595,7.97346315185229,9.019706213474274,1.5207102651397386,,,,
1444,5.634967483741872e-05,0.09618745690677315,0.015719229216449193,0.002848112703698765,0.037928620182598634,0.44611845441783465,7.913859718044599,8.891059396664302,1.4842858831087749,,,,
1445,5.625012506253125e-05,0.09976599603736153,0.018274683522544657,0.0029297551068642254,0.037907761339253436,0.44459048950423796,7.852235532800356,8.865160803000132,1.4974005890389284,,,,
1446,5.615057528764381e-05,0.09964754967174182,0.014027757581060504,0.00283509445580421,0.03721569936024025,0.4348146247367064,7.811682397127152,8.829693551858266,1.4770275433858235,,,,
1447,5.605102551275637e-05,0.09828704191216578,0.013386954378670879,0.002949364193530831,0.037345987723286574,0.4392983033477018,7.809196390708288,8.829610579212506,1.4825750211874644,,,,
1448,5.595147573786893e-05,0.09747021014336496,0.015264518694006727,0.002852268958364827,0.037845890348156296,0.44669669326394795,7.974531036615372,8.935439004500706,1.4806422342856724,,,,
1449,5.585192596298149e-05,0.09228876870280753,0.019040866145294662,0.002764969066083722,0.036351187267185496,0.42530196933075787,7.624582064151764,8.67004245519638,1.4596434630453587,,,,
1450,5.575237618809405e-05,0.10185558798257262,0.015743194043400403,0.002901459350080889,0.038296394026838244,0.44961426040778557,7.986885623137156,9.02412310441335,1.5118400186300278,23.13639014095223,0.6414168122320969,24.034250966029354,0.6765918123610938
1451,5.5652826413206586e-05,0.09522271352664878,0.014077090768672976,0.002876396841869185,0.037547606222021086,0.4401045264676213,7.81434255639712,8.80708842277527,1.4770872123539447,,,,
1452,5.555327663831915e-05,0.1000777593969057,0.016421245238902968,0.0029396331500417244,0.03772518453964343,0.443881562538445,7.912387867768605,8.967285708586376,1.5032831040521464,,,,
1453,5.545372686343171e-05,0.10335463429025064,0.0156062937168576,0.003117809318609943,0.038364492892287674,0.45034796834612884,7.910551712910334,9.005450602372488,1.5249721330900987,,,,
1454,5.5354177088544294e-05,0.09807939524762332,0.014647861059494331,0.0028933748852675006,0.0371223542218407,0.43802062757313254,7.852570062875747,8.890224079291025,1.4942134323219458,,,,
1455,5.525462731365683e-05,0.10030335689273974,0.016938216238592634,0.003025184821368991,0.037305922247469425,0.43566648370275896,7.787658846378326,8.88924187819163,1.4971614316105843,,,,
1456,5.515507753876939e-05,0.09594186739996076,0.017167234051230166,0.002976988494750306,0.03808720523181061,0.45037195390711227,7.9247946004072825,8.920938656727474,1.4986895352602005,,,,
1457,5.505552776388195e-05,0.09482345418849339,0.017798835085588216,0.00305102751335653,0.03798453025131797,0.4489959231888255,7.928373503684997,8.939920781056086,1.503205917030573,,,,
1458,5.495597798899448e-05,0.08903134999951968,0.013342019487063084,0.002739543580779961,0.03619543331830452,0.42782898815348747,7.757152279218038,8.713115245103836,1.4523679979145527,,,,
1459,5.485642821410707e-05,0.09703555747400969,0.013724712842372947,0.0028116204963225754,0.03710378708589512,0.434369424264878,7.760974852244059,8.77166797419389,1.4695342935621738,,,,
1460,5.475687843921963e-05,0.09739832684863359,0.018713406383247064,0.0027989994444700037,0.03792516653969263,0.44838345688767733,7.878864068786303,8.864169717828434,1.476175747315089,23.136447110125367,0.6417820488003121,24.046707529608437,0.6767742311076564
1461,5.465732866433216e-05,0.10158250227880974,0.024226727410551162,0.0028710681387262107,0.03796529355458915,0.44524538054441415,7.904921770095825,8.884040353695552,1.4830841563642025,,,,
1462,5.455777888944472e-05,0.10030442527495324,0.018855321480250944,0.0030233285653594065,0.03759808734757826,0.44202921763062475,7.838846893111865,8.853725051879882,1.506727065394322,,,,
1463,5.445822911455728e-05,0.09864090476961186,0.018429058034231775,0.0028231663519515376,0.03778846466836209,0.44349484241877996,7.879352305332819,8.86785920759042,1.4827595184246698,,,,
1464,5.4358679339669815e-05,0.10022069943758348,0.017227908615988774,0.002895286801200806,0.03709078475367278,0.4339385164901614,7.829221232732137,8.858533404270808,1.4850840066870055,,,,
1465,5.42591295647824e-05,0.09770144593591491,0.013406734532725591,0.0028786210308074565,0.03707691985570515,0.4295857912860811,7.867594301700592,8.913859480619431,1.4915603953103225,,,,
1466,5.415957978989496e-05,0.10086388768007358,0.014296374399127535,0.003008814724186474,0.03885007281981719,0.45570905776694415,7.988240655263265,9.025188569227854,1.516062037150065,,,,
1467,5.4060030015007495e-05,0.09913149266503751,0.014580687853970412,0.00311716378928395,0.038650063755145916,0.4537096657790244,7.9485235691070555,8.994289392232895,1.513634665310383,,,,
1468,5.3960480240120056e-05,0.09643901453819126,0.01698587374592441,0.002908938111553046,0.03767830371313418,0.4411105025559664,7.9072722335656485,8.887258062760035,1.478973711282015,,,,
1469,5.3860930465232616e-05,0.09784268042227874,0.017225631660651133,0.002958662974378967,0.03746858932621156,0.44135975862542787,7.910849567254385,8.940614888072014,1.5035297609865665,,,,
1470,5.3761380690345176e-05,0.0939309768533955,0.015560958344300364,0.003013194904572932,0.03668848479283042,0.43285681065171955,7.7384224732716875,8.763198025027911,1.4841220065951348,23.132054647576503,0.6417505749992415,24.038935363843013,0.6766733770017562
1471,5.3661830915457736e-05,0.09646968589319536,0.015019449842603904,0.0028060684740315385,0.03754731693382685,0.43785490340863664,7.849787371357282,8.799405221144358,1.4710288224120935,,,,
1472,5.3562281140570297e-05,0.091294302411067,0.014502951039913075,0.003006488214911466,0.03711076351270701,0.43471654603878657,7.750239219268163,8.76046387553215,1.478236985206604,,,,
1473,5.346273136568283e-05,0.09577152229224642,0.018837014018584775,0.0029034212405046373,0.03668176235320667,0.42529653732975325,7.774198756615321,8.76548590362072,1.4759931373099486,,,,
1474,5.336318159079539e-05,0.10120853933040053,0.02062357647410368,0.0030228975892290086,0.03729102701569597,0.4386831778101623,7.812347374359766,8.868614415327707,1.5038029563923676,,,,
1475,5.326363181590795e-05,0.10123243346655121,0.014196145096129254,0.0031463296716538027,0.039077245463461925,0.46303547071292994,8.087976547082265,9.191054873665173,1.5373082352181275,,,,
1476,5.316408204102051e-05,0.09134595166736593,0.01494136362802904,0.002763745800317944,0.03712275842941987,0.43233396466821433,7.712533417344093,8.62966684103012,1.439382016658783,,,,
1477,5.306453226613307e-05,0.09579574208861838,0.013622320780294928,0.002977672147850778,0.03762661812749381,0.4471278650375704,7.85790142317613,8.936283346017202,1.5096354780097803,,,,
1478,5.296498249124563e-05,0.09518998033987978,0.0189062299982045,0.002867637104949002,0.037693426203137884,0.4416868067967395,7.920912206172943,8.92538318435351,1.4961800465981165,,,,
1479,5.286543271635819e-05,0.09598543040143946,0.01647559184269613,0.0030710380434053755,0.037510685160911335,0.43964125160127876,7.821695144971212,8.840093153715134,1.4917558275163174,,,,
1480,5.2765882941470724e-05,0.0954069399042055,0.018038300257484548,0.002839250613912251,0.03740529760834761,0.4345670765265822,7.820914768179258,8.851586456100145,1.488492517421643,23.143857863310505,0.6419910200267173,24.038399156536137,0.6766872506529096
1481,5.2666333166583284e-05,0.09974627618212253,0.019308134535227565,0.0028844401359189456,0.038507297126731524,0.453961481526494,7.897667999068896,8.922694532076518,1.4916108724971613,,,,
1482,5.2566783391695844e-05,0.09687308685388415,0.017723118753645562,0.0028959333957269944,0.037889534956775606,0.4427103740784029,7.925631783405939,8.878332511583965,1.483984956641992,,,,
1483,5.2467233616808405e-05,0.09614269693071643,0.014912928357641419,0.0031069646807130387,0.037649177150645606,0.44465134472896656,7.926336228847504,8.955396169424057,1.5087305468817551,,,,
1484,5.2367683841920965e-05,0.1010049434689184,0.01391128070640022,0.003123781809639089,0.038631386045987405,0.45779634804154434,8.04958614607652,9.0936879803737,1.533058056732019,,,,
1485,5.2268134067033525e-05,0.09913898862432688,0.016013626853609787,0.002808531620576105,0.0379955895167465,0.4441363263875246,7.895527311166128,8.91154150168101,1.4807055267194906,,,,
1486,5.216858429214606e-05,0.10312976515075813,0.01627519069346087,0.0030927359681906332,0.038649758269699915,0.45165478754788635,8.028851659099262,9.077836662530899,1.5305741424361865,,,,
1487,5.206903451725862e-05,0.0903231043756629,0.016499820827854884,0.0027380418493824737,0.037115694943349806,0.4353400873951614,7.8679488877455395,8.835188990831375,1.465034587184588,,,,
1488,5.1969484742371206e-05,0.09476782548396538,0.018985002701204935,0.0030713676587159474,0.038009227726918955,0.4461759928613901,8.007773796717325,9.069097489118576,1.527222926914692,,,,
1489,5.186993496748374e-05,0.09486300121837606,0.015819507970945425,0.0027589830467453186,0.03685298409157743,0.43138701387991507,7.822477970520655,8.818921182552973,1.4703317465881507,,,,
1490,5.17703851925963e-05,0.09116333820857107,0.014633508746952965,0.002754795654376115,0.037091385239424804,0.4355932785198092,7.790100266536077,8.764899338285128,1.4637712302307289,23.12810406869448,0.6422027510300378,24.045443385749888,0.6767891242630069
1491,5.167083541770886e-05,0.09019669164748241,0.015151962623344239,0.002610625197424573,0.03648032014025375,0.4286580069921911,7.763848086198171,8.760084656874339,1.4468466579914092,,,,
1492,5.157128564282139e-05,0.09690221754523615,0.017892420237886893,0.0028216730528583867,0.03750906521066402,0.4417326843055586,7.856022348006566,8.874698396523794,1.4857926033437252,,,,
1493,5.147173586793395e-05,0.09901626563320558,0.0181176054489824,0.0028533524796633476,0.03698373708175495,0.43418538657327493,7.884593075513839,8.931421331564586,1.4981723370651403,,,,
1494,5.137218609304654e-05,0.09241465372033417,0.01693453467945479,0.002586193155972675,0.036246561980806294,0.4229566166177392,7.633244891961415,8.591770509878794,1.43356060658892,,,,
1495,5.127263631815907e-05,0.10089184642614175,0.015105572671596986,0.0030522008363429148,0.03718159988056868,0.4383583299815655,7.794607649246852,8.838681022326151,1.4985419772565365,,,,
1496,5.117308654327163e-05,0.09628429523048301,0.015074060855000996,0.002856947197809253,0.03731672237627208,0.43978320338452853,7.876682571570078,8.860412387053172,1.4866412503023942,,,,
1497,5.107353676838419e-05,0.10131768965317557,0.016324355715067896,0.0030449823643114845,0.03856427346472628,0.4532815234425167,8.01099137465159,9.111339871088664,1.5308160242935023,,,,
1498,5.0973986993496726e-05,0.1001088880157719,0.013320436013118187,0.0029648437019204723,0.038152503862511365,0.44385843514464796,7.992560785015424,9.074466039737066,1.519163269797961,,,,
1499,5.0874437218609314e-05,0.09310771097273876,0.016266469771066116,0.0028386606159983784,0.03824735990104576,0.4500848291441798,7.932133120298386,8.899454351266225,1.4766428177555402,,,,
1500,5.0774887443721874e-05,0.09992377068071316,0.014837974926966613,0.0030377015001856003,0.03812257337073485,0.44792753296593824,7.897768594821295,8.931468347708384,1.4973780341446399,23.15143602276974,0.6429051557148477,24.03630605426993,0.6767043936489923
1501,5.0675337668834434e-05,0.09043748484691605,0.017018326137609917,0.0028257662557734874,0.03682184307059894,0.4312508676511546,7.853572736183803,8.89120506644249,1.4910840921103954,,,,
1502,5.057578789394697e-05,0.09372678046735625,0.014369196301111605,0.0029820278579488027,0.03721056012436748,0.4350718323762218,7.782567478219668,8.713636299967765,1.4581992263595263,,,,
1503,5.047623811905953e-05,0.09651543987759699,0.01589871361603657,0.002880350123450626,0.03728598764088626,0.43575184637059766,7.832515690724055,8.836321039994557,1.476216515650352,,,,
1504,5.037668834417209e-05,0.10185860331015041,0.01586272331651397,0.002844775499033858,0.037891894051184254,0.44749292557438214,7.887162918845813,8.922637084126473,1.4927096503476303,,,,
1505,5.027713856928465e-05,0.0963322238608574,0.01947456189071737,0.0030398641492865863,0.03820389161119238,0.451037688087672,7.924369309345881,8.945947086811065,1.507638432830572,,,,
1506,5.017758879439721e-05,0.09297567662627747,0.016338125364110036,0.0028649857131313183,0.03762646892185633,0.4461234719802936,7.780556521813074,8.798013259967169,1.475158871213595,,,,
1507,5.007803901950977e-05,0.09636018220335245,0.01539154488775146,0.0029682791166730266,0.0368622955866158,0.4293624095618725,7.756738052765528,8.792166620492935,1.4835094946126144,,,,
1508,4.99784892446223e-05,0.09625660450352977,0.01422310629779607,0.00281821312998242,0.03767220276640728,0.44166287301729124,7.9139354209105175,8.899140735467276,1.4812084992726644,,,,
1509,4.987893946973486e-05,0.09965071661087374,0.017040183614452697,0.002946109946302992,0.03864828895505828,0.4537236795760691,8.089965546131134,9.102584159374237,1.5133830482761066,,,,
1510,4.977938969484742e-05,0.0992107689147815,0.01653306432838185,0.002955741349251184,0.03834124250958363,0.4522742023691535,7.95381639401118,9.0100644916296,1.5087263147036234,23.156764218269636,0.642975811142866,24.03321409014886,0.676486983010752
1511,4.967983991995998e-05,0.10579555173559735,0.01328219228019935,0.0029994033728144133,0.03946150814493497,0.4576504224911332,8.07574802239736,9.028876529137294,1.5016578344007334,,,,
1512,4.958029014507254e-05,0.0947201845003292,0.01492355210106382,0.0031033282584758126,0.03700094322751587,0.4378942024583618,7.886039592822393,8.917316832145055,1.511813373863697,,,,
1513,4.94807403701851e-05,0.09338602953745673,0.012829286386243026,0.0029450147131380314,0.038165875729949526,0.4496815366670489,7.85627171198527,8.854748805363974,1.4839963359137376,,,,
1514,4.9381190595297635e-05,0.09506344151838372,0.01668607671644756,0.0029335054911522698,0.03673699487699196,0.4272853896021843,7.698650149504344,8.723157276709875,1.4725143192956844,,,,
1515,4.9281640820410196e-05,0.09964343416504562,0.014635316437084505,0.0029481759294867514,0.03772569483456512,0.4392004416634639,7.857067227363586,8.866856022675831,1.489589504400889,,,,
1516,4.9182091045522756e-05,0.09571180200825134,0.017937135267792746,0.0029248513378358136,0.03706131115710984,0.43825468762467307,7.8194694429636,8.810225675503412,1.4729909072319667,,,,
1517,4.9082541270635316e-05,0.09802966532297433,0.01541127065520443,0.0030578038434517416,0.039131417474709454,0.4623443219189843,8.078082484006881,9.144057534138362,1.5286514955262342,,,,
1518,4.8982991495747876e-05,0.09622397535325339,0.015928439257355365,0.0029562004065761963,0.0377258268961062,0.444441401027143,7.934081097443898,9.05981053908666,1.5253495432436466,,,,
1519,4.8883441720860436e-05,0.09470811289114257,0.014050630690736437,0.0027897266276947145,0.03699040523885439,0.43756601341689627,7.772509591778119,8.85271723071734,1.4879034777482352,,,,
1520,4.878389194597297e-05,0.09895823856350035,0.01328744449402559,0.00298683220850459,0.037958245986374095,0.44307534247636793,7.839092888434728,8.839638708035151,1.4863602151473363,23.14630668347592,0.6423152532870152,24.03912922856813,0.6765413059739812
1521,4.868434217108553e-05,0.09072734570751588,0.017708653621646774,0.0025829099254224275,0.03674498559363807,0.42888262886554,7.731345775723457,8.685663163661957,1.440609696507454,,,,
1522,4.858479239619812e-05,0.09405868814792484,0.022672999965014047,0.002735856029206237,0.037307323150647186,0.43658544930318993,7.760620592037837,8.770084126790364,1.4615674580136935,,,,
1523,4.848524262131065e-05,0.10104410484588394,0.016392606186080922,0.002997480173629204,0.037576967780478296,0.44601703534523646,7.912671468655268,8.993111337224642,1.5062037462989488,,,,
1524,4.838569284642321e-05,0.0951647317269817,0.015328019265236097,0.00297172621358186,0.03721656382549554,0.43796401427437864,7.78246244986852,8.851871913671493,1.496199716379245,,,,
1525,4.828614307153577e-05,0.09731879245179395,0.013757512087860373,0.0029433021669926043,0.036910164552197484,0.4362738514939944,7.845633588234583,8.943930838505427,1.5094320399065813,,,,
1526,4.818659329664833e-05,0.09397301131393761,0.013084056127312494,0.002843459275876133,0.03746917483901294,0.443603306170553,7.861465212702751,8.953970801830291,1.497246288259824,,,,
1527,4.8087043521760864e-05,0.09272650834172964,0.016276810608834028,0.0027518048745150737,0.036905687601150323,0.43178693763911724,7.758055226008097,8.781555434068045,1.466507261991501,,,,
1528,4.798749374687345e-05,0.09105431843393792,0.012905005774025232,0.00280246601056812,0.03661972009188806,0.42845155935113627,7.670926296710968,8.653246182203294,1.4573069475591183,,,,
1529,4.788794397198601e-05,0.09717121905802438,0.013227202373607068,0.002819867067197871,0.03698206980285856,0.4305204201800128,7.825020215908686,8.809059684475264,1.468366944293181,,,,
1530,4.7788394197098544e-05,0.09832117764744908,0.019747759838305554,0.0028247729086312273,0.03655794016861667,0.43119214149191976,7.807015226284663,8.866300264994303,1.4878199202318987,23.137575574152137,0.6422401614982954,24.037768011720303,0.6765954811530378
1531,4.7688844422211105e-05,0.09642277042536686,0.016692934768346657,0.0029543659369664966,0.03743144260176147,0.44033890186498564,7.789673270781835,8.792886379361153,1.4892404794692993,,,,
1532,4.7589294647323665e-05,0.09628496503767868,0.014808399563897012,0.0029011558595811947,0.0380530072026886,0.4467928824325403,7.911942105491956,8.969605775674184,1.501018996288379,,,,
1533,4.7489744872436225e-05,0.0996289821031193,0.018767863275175798,0.002898193487332416,0.036930325941648336,0.43463954438144964,7.8040017227331795,8.88339568177859,1.5011130693058172,,,,
1534,4.7390195097548785e-05,0.10051922517207762,0.015901597428432963,0.002936768597707366,0.03760615714127198,0.43979051569476724,7.8627348959445955,8.878868504365284,1.4915161850551764,,,,
1535,4.7290645322661345e-05,0.09676605874362092,0.018156155528906363,0.0027309627970074266,0.03701121370152881,0.4332104312255979,7.765808505813281,8.803717772165934,1.4740750948588053,,,,
1536,4.719109554777388e-05,0.09518389335523049,0.014633554588070415,0.002836511861460167,0.037238998183359705,0.4373111561872065,7.809782001376152,8.827177890141805,1.4836915311714014,,,,
1537,4.709154577288644e-05,0.09495929234350721,0.01653700386493228,0.0029473542901541803,0.03812867765858149,0.4501431566042205,7.913231917222341,8.92267776330312,1.4966305191318194,,,,
1538,4.6991995997999e-05,0.09297137069515884,0.01571580701260409,0.002894489864593197,0.03640299195734163,0.4281007400713861,7.683717242876688,8.688890547553699,1.4640490658581258,,,,
1539,4.689244622311156e-05,0.09410920096561312,0.016522293638577365,0.00272539472328693,0.03682942112597327,0.4343501999353369,7.806028378009796,8.830368399620056,1.466423349827528,,,,
1540,4.679289644822412e-05,0.09441123156187435,0.019775721306547655,0.0030325126643674593,0.03727799173211679,0.44107354478910565,7.851696326335271,8.889288170138995,1.4994282146294913,23.147919930600008,0.6424639588832958,24.045592221489333,0.6766728558321546
1541,4.669334667333668e-05,0.09454411489423364,0.018526655247202466,0.002946325347935878,0.037338496298373984,0.43803578714529673,7.807067799568176,8.799041863282522,1.4853347601989906,,,,
1542,4.659379689844921e-05,0.0950833729468286,0.01693070685266728,0.002854910958073257,0.03734744427492842,0.4408065665823718,7.765508339802424,8.814728270967802,1.4736691161990165,,,,
1543,4.649424712356177e-05,0.09311537629303833,0.017778976077521474,0.00274238168415953,0.03690604960623508,0.43287454542393483,7.735715021689733,8.76105444431305,1.4662562849620977,,,,
1544,4.639469734867433e-05,0.09793579816663017,0.018798271602673822,0.002813914088983438,0.03687986220854024,0.4322997879392157,7.756426673134168,8.696860694885254,1.4563608379413684,,,,
1545,4.629514757378689e-05,0.0999315691490968,0.016010606487443235,0.002898184631521872,0.037047529911311966,0.4340960097188751,7.772140389680862,8.802118593454361,1.4812335525949796,,,,
1546,4.6195597798899453e-05,0.09821306382461141,0.014294040764517835,0.0029591312829021867,0.03776316485600546,0.44355121289069455,7.857585597038269,8.908484469850858,1.50044872139891,,,,
1547,4.6096048024012014e-05,0.0975083189861228,0.015060481358795563,0.002959840806518817,0.0380027378598849,0.4478115437552333,7.895302769541741,8.910786086320877,1.4938001697262129,,,,
1548,4.599649824912455e-05,0.0960643242035682,0.016731551089290104,0.002902979221592735,0.036302808377270894,0.42826114098231,7.668032006422679,8.690432105461756,1.4710188056031863,,,,
1549,4.589694847423711e-05,0.10343683871130148,0.01447462275980002,0.0029322595251869642,0.03894251196955641,0.4548918398407598,8.053763928016027,9.11803807814916,1.5099984812239806,,,,
1550,4.579739869934967e-05,0.09733395504299551,0.014057393754907199,0.002816296917687093,0.03732191993234058,0.43727040278414886,7.838624755541484,8.828024773796399,1.4712469272315503,23.116518146079496,0.6419771945246388,24.02674421999894,0.6764964416028679
1551,4.5697848924462254e-05,0.09277983171244462,0.013223772051355276,0.0028066397505123555,0.03737086865585297,0.4405774639608959,7.794304317235946,8.840280920267105,1.4753933623433113,,,,
1552,4.559829914957479e-05,0.09726498229817176,0.01769092778698506,0.0028452070566951687,0.03731860961027754,0.43829523713017504,7.831970206896464,8.824627355734508,1.470775605738163,,,,
1553,4.549874937468735e-05,0.09210490122592697,0.014627679338402722,0.00280228774548353,0.03719826882006601,0.43867765211810666,7.73939981063207,8.749898860851923,1.4678561014433702,,,,
1554,4.539919959979991e-05,0.10108055425807834,0.017492336291227595,0.003016904827139418,0.03798744137554119,0.44927114074428876,7.825161893169085,8.955478463570277,1.5180351649721464,,,,
1555,4.529964982491244e-05,0.09606878149012725,0.01714042609367839,0.0030206441172291915,0.037750618540061016,0.4433422388664136,7.88436031738917,8.882916218042373,1.4995383178194364,,,,
1556,4.5200100050025e-05,0.09783100166047613,0.01699167320933732,0.0030364336217947614,0.03746946681834137,0.44196291683862604,7.87073866824309,8.939007963736852,1.5146755166351795,,,,
1557,4.510055027513759e-05,0.09551518533844501,0.016019424302266928,0.002984285533542182,0.036844955629203466,0.4347903223397831,7.863111015160879,8.904796785116195,1.4974679318567117,,,,
1558,4.500100050025012e-05,0.09906356533368428,0.013998462801490566,0.003025038892822825,0.03742481916754817,0.4390664639882743,7.786049834887186,8.855855178833007,1.4995480549832185,,,,
1559,4.490145072536268e-05,0.0960580058163032,0.01687660073458662,0.002866016380357905,0.037799854987921815,0.4419961686246097,7.89993134935697,8.936260229349136,1.4936645184954007,,,,
1560,4.480190095047524e-05,0.09481088124836484,0.014732248449424883,0.0030593197132475327,0.03745900899715101,0.44194536954164504,7.861927338441213,8.93526804248492,1.5063161497314772,23.124384233846,0.6415151314891463,24.02453861834336,0.676592030280127
1561,4.4702351175587775e-05,0.09385847192412863,0.01811150307310494,0.0029100232224057738,0.03717258517669204,0.43878632804068424,7.828183403611183,8.823267390330633,1.4840051459769408,,,,
1562,4.460280140070036e-05,0.09401973319084694,0.015252033201673143,0.002711233185315602,0.03622700593356664,0.42538320841267707,7.6714664141337074,8.68009170293808,1.4509645732740561,,,,
1563,4.450325162581292e-05,0.09248229512013495,0.016478644788791966,0.002972069560382806,0.037261546201383076,0.43763591597477597,7.810165868202845,8.831764654318492,1.4828916370868683,,,,
1564,4.4403701850925456e-05,0.09341217563487589,0.015149481741191285,0.002836378798201622,0.03732819746558865,0.44306164619823296,7.8857280015945435,8.927761121590931,1.4925698871413866,,,,
1565,4.4304152076038016e-05,0.1003244869566212,0.012793355384601964,0.00291529173143014,0.037657623163734874,0.44285881143684186,7.8994951526323955,8.895365013678868,1.4922887802124023,,,,
1566,4.4204602301150576e-05,0.09292378869528571,0.015653709244675365,0.0029874547632668205,0.0367111718825375,0.4347331927468379,7.7294009029865265,8.754873125751812,1.4771179743111134,,,,
1567,4.410505252626311e-05,0.0937997348063315,0.01709530246120391,0.0029423055859297163,0.03663389870586495,0.4346563947076599,7.714460349082946,8.752679586410522,1.4859117969870568,,,,
1568,4.40055027513757e-05,0.09273412192706018,0.018753931686654884,0.0028841641314708492,0.03710108002414927,0.4352958869189024,7.816239444414775,8.82825054327647,1.4808848522603513,,,,
1569,4.390595297648826e-05,0.09118786952458321,0.01691551857047061,0.002895816346790525,0.03687485962097223,0.43616159840797386,7.809066011508306,8.848681473731995,1.490249834706386,,,,
1570,4.380640320160079e-05,0.09911862860123316,0.018420822310834358,0.002895400362770791,0.03733093891836082,0.434568172475944,7.836518130699793,8.912781498829524,1.495246959477663,23.119073350447586,0.6412549194114466,24.02686571897641,0.6765124892770736
1571,4.370685342671335e-05,0.09268434161009888,0.011915928080797637,0.002896663820987063,0.03766853649285622,0.4426511428318918,7.836551133791605,8.823544568816821,1.4736517280340196,,,,
1572,4.360730365182591e-05,0.09300393757099906,0.014251245210251777,0.0029972710218316933,0.03709327941954446,0.4364213565674921,7.770845808585485,8.836170321702957,1.4876168956359228,,,,
1573,4.350775387693847e-05,0.09908011832740157,0.015112709568760534,0.0027740035349173315,0.03708829505291457,0.43523477495958407,7.792841984828313,8.825226287047068,1.4693922065198421,,,,
1574,4.340820410205103e-05,0.09771210310670236,0.014969055599577367,0.002944872404138247,0.03725782932403187,0.43654996221885084,7.7906040062507,8.83813061118126,1.4893024384975433,,,,
1575,4.330865432716359e-05,0.09673787349602207,0.014714481782779447,0.0028989469346925034,0.03822804110823199,0.449102234467864,7.895659913619359,8.878983555237452,1.4827306677897771,,,,
1576,4.320910455227615e-05,0.09415159954999884,0.01607079757530981,0.0027782348017353796,0.036566992565834275,0.43013507944221296,7.731412096818288,8.722115763028462,1.4652154366175334,,,,
1577,4.3109554777388684e-05,0.09790669138310477,0.01578523286036502,0.002869077012837806,0.037967677092334874,0.44385591900597016,7.92534375389417,8.934854155778885,1.487372236698866,,,,
1578,4.3010005002501244e-05,0.0921003619596983,0.01583128246093454,0.002718582243930238,0.037057797672847906,0.4385378059620659,7.843847195307414,8.86423787077268,1.4782528847455978,,,,
1579,4.2910455227613805e-05,0.09429801378864795,0.01752324560882125,0.0029561545118364546,0.03574964643145601,0.41822581083203353,7.656602625052134,8.741912794113158,1.478325372437636,,,,
1580,4.2810905452726365e-05,0.09365198598243296,0.015171423987286643,0.0028575853662308266,0.03774049008886019,0.444411976604412,7.85724827448527,8.81182183623314,1.465380206455787,23.13858029072917,0.6418533817760684,24.033950130383044,0.6766462088847631
1581,4.2711355677838925e-05,0.09736033050188174,0.014177951844244596,0.002950021528946915,0.03724309255291398,0.4424045627936721,7.909066253900528,8.933660231033961,1.4994085806111495,,,,
1582,4.2611805902951485e-05,0.09042359811719507,0.01588637026737018,0.0029515337217768927,0.03776512411811079,0.44849685424317914,7.8785212179025015,8.875713219245275,1.4876399969061216,,,,
1583,4.251225612806402e-05,0.10181101741424452,0.013496245833553525,0.0029133574215544893,0.03755128007614985,0.4431682383641601,7.911093079050382,8.976415635148685,1.5074759351710478,,,,
1584,4.241270635317658e-05,0.09633581701200455,0.01659136500063898,0.0030650814850863147,0.03763058080415552,0.4364764528349042,7.841872290770213,8.889322108030319,1.5013123385608196,,,,
1585,4.231315657828914e-05,0.09425262562775363,0.015302686978933621,0.002906639257465334,0.03706041833696266,0.43539129390070835,7.758695966005325,8.819754602511724,1.4869475262860457,,,,
1586,4.22136068034017e-05,0.09897652563328545,0.017531014085791757,0.0028434589430010723,0.038024253689218315,0.4438342766215404,7.856192995111147,8.899689654509226,1.4805664094785849,,,,
1587,4.211405702851426e-05,0.09857312579794476,0.013364721682476717,0.003156226385848034,0.03815061068162322,0.4497988442890346,7.9566605170567835,8.975736661752064,1.5155542840560277,,,,
1588,4.201450725362682e-05,0.09808677279700835,0.01649299157116714,0.0030166404744401613,0.03837788754220431,0.45326152394215263,7.945847471555074,9.014806165297825,1.5064658564825852,,,,
1589,4.191495747873935e-05,0.09443769794888794,0.015533339484523475,0.0029689632091807047,0.03699253453329827,0.4325721881041924,7.734969429175059,8.742746827999751,1.4775326115389664,,,,
1590,4.181540770385191e-05,0.09848617600897948,0.01419982407930651,0.0027776903476478764,0.036973815228945266,0.43281206764901675,7.810096534093221,8.8823523859183,1.4857598143319288,23.13060093896737,0.6418662533777725,24.034484199665673,0.6767571088134796
1591,4.17158579289645e-05,0.09808689851779491,0.015331223464706353,0.0029327327233962326,0.03789947280893102,0.4449116754656037,7.984135808547338,9.023208632071812,1.504277582714955,,,,
1592,4.161630815407703e-05,0.09551564514792214,0.014089560773043294,0.002959909580931708,0.03727409866405651,0.43896011530111234,7.822373539209366,8.827847874164581,1.4785597960154215,,,,
1593,4.151675837918959e-05,0.10173248581122607,0.014263106980083269,0.003123431230536274,0.038973098184214905,0.4544546709395945,7.973160471518835,9.01909813284874,1.5186644045015176,,,,
1594,4.1417208604302154e-05,0.09822815478158493,0.014192787644420512,0.0029426423665881883,0.03767419170665865,0.44089872265855473,7.919742923974991,9.014831713835399,1.5109530705958605,,,,
1595,4.131765882941469e-05,0.09352139196513841,0.014970036172992944,0.002784711276763119,0.03746285794768482,0.43921144418418406,7.798614037036896,8.806376240650813,1.4675179682672024,,,,
1596,4.121810905452725e-05,0.09692981211313358,0.014467148483591312,0.002935078843377899,0.037571127243184795,0.44470046445106465,7.917108009258906,8.972981643676757,1.505534457663695,,,,
1597,4.1118559279639834e-05,0.0931200597435236,0.015333021859347899,0.0029496381101125737,0.03691603929037228,0.43053277460858225,7.773916008075078,8.784140555063884,1.4814663422604402,,,,
1598,4.1019009504752394e-05,0.08794033223918328,0.014402091073204915,0.0026861217823655656,0.03736411562034239,0.43778356881812214,7.738087284564972,8.650866029659907,1.4320896012087663,,,,
1599,4.091945972986493e-05,0.09304242747214933,0.01627833786221631,0.0029566243198132724,0.03728399501803021,0.43737424844875933,7.779191715518634,8.841350094477336,1.4879937256375948,,,,
1600,4.081990995497749e-05,0.0961003777027751,0.01329916573316455,0.002894839031372006,0.037502700850988425,0.4428686420122782,7.8565289914608005,8.976406733194986,1.4976280885438125,23.143845067707748,0.6420859803061926,24.035009860960084,0.6768082411149375
1601,4.072036018009005e-05,0.09283243240400528,0.014033784546412716,0.002755796466074874,0.036318076743433875,0.4270039768579105,7.7070356170336405,8.719217228889466,1.4542864536245663,,,,
1602,4.062081040520261e-05,0.0981895294583713,0.015142936890137564,0.0027276699542805242,0.037632642143095536,0.44111358129108946,7.855350035429001,8.914192320903142,1.4869961209595204,,,,
1603,4.052126063031517e-05,0.09958366071805358,0.0141011298563494,0.0030098186656687177,0.03696607806098958,0.4332217462360859,7.7763467669487,8.855130525430043,1.4998992373545965,,,,
1604,4.042171085542773e-05,0.09848145397069553,0.01711729025578963,0.002936813097342868,0.03805575374669085,0.44785154834389684,7.92688685854276,8.918247799078623,1.4943583036462467,,,,
1605,4.032216108054026e-05,0.10299502262690415,0.014995569150852183,0.0029735013638249558,0.03797654822313537,0.4438990864281853,7.920559026797613,8.966670880715052,1.4993051004906495,,,,
1606,4.022261130565282e-05,0.09340605160687118,0.01529609894329201,0.0029462194786295487,0.03674927864146108,0.4298368048854172,7.7032207210858665,8.698124830921492,1.4727788935105006,,,,
1607,4.012306153076538e-05,0.09607164826399336,0.016992113446747847,0.002701421494566603,0.03663022375161139,0.4279105873157581,7.755807814995448,8.7979439864556,1.4623579535633326,,,,
1608,4.002351175587794e-05,0.09663695014702776,0.018768147140751302,0.00297361656769984,0.03719832409794132,0.43598121525719763,7.786016201972961,8.870174848039944,1.4979036785662174,,,,
1609,3.99239619809905e-05,0.09169346371976038,0.011908229180055763,0.0027328374088028797,0.03725829852046445,0.4386086927726865,7.805709270636241,8.768214160203934,1.4549499223629634,,,,
1610,3.982441220610306e-05,0.09576655327497671,0.01254873566130413,0.0028858186367263744,0.03831797728004555,0.4525761757977307,7.936229078968366,8.914969471096992,1.4758306750406822,23.161692155569423,0.6420573885701732,24.04678799900704,0.6769108438989554
1611,3.9724862431215596e-05,0.09535161665795992,0.014123869586183701,0.0028914947286466488,0.03723667774271841,0.4389281589537859,7.8243773072958,8.880785804986953,1.489164375513792,,,,
1612,3.9625312656328156e-05,0.09705932399568458,0.01770392602308005,0.0028579158613259398,0.037353124644141644,0.4382609184210499,7.754867180188497,8.80968707203865,1.4824284046888352,,,,
1613,3.9525762881440716e-05,0.09119366041850299,0.014152383200426992,0.002978620729390968,0.03719845515637037,0.44341435649742683,7.768564018607139,8.808086561163266,1.4805639748771986,,,,
1614,3.9426213106553276e-05,0.09294071525800973,0.015750223863003752,0.0028308345848927275,0.03682812803502505,0.4266247349791229,7.76416450937589,8.840325554211935,1.47127803688248,,,,
1615,3.9326663331665836e-05,0.09211142421700061,0.013638247021127014,0.0029590011360293524,0.03756994076926882,0.4419674977660179,7.8302484055360155,8.800189622243245,1.475302703678608,,,,
1616,3.92271135567784e-05,0.09789493242278695,0.017502655416108463,0.0028947888955978365,0.03738923411583528,0.43739383897433676,7.814189223448436,8.856448474526406,1.4866113608082137,,,,
1617,3.912756378189093e-05,0.09544356612022967,0.017410350242473935,0.0030308394806828195,0.03806134006008506,0.45004927134141326,7.895102062821389,8.924647823969524,1.4972901304562887,,,,
1618,3.902801400700349e-05,0.10129501259264846,0.015911343307981607,0.00292842894232308,0.03761023960929985,0.4389045840439697,7.9192832986513775,8.993829278151194,1.5057885500291983,,,,
1619,3.892846423211605e-05,0.09713695276683817,0.016187069754112247,0.0030304204887215747,0.03846809969594081,0.4521249893121421,7.945842323700587,9.005045890808105,1.5068188630044461,,,,
1620,3.882891445722861e-05,0.10459893587976694,0.014368817953804831,0.0031449818019609666,0.03805305088171736,0.447023907241722,7.894001418352127,8.973843657970429,1.5199940785765649,23.16904484178999,0.6420160172038296,24.05599207415009,0.6770952054491102
1621,3.872936468234117e-05,0.09898071080291022,0.012870216270960485,0.003009368937576558,0.03765531242825091,0.44467388801276686,7.772378003597259,8.84563814997673,1.4942085745433966,,,,
1622,3.862981490745373e-05,0.09582757027043651,0.016028053692723265,0.003098689816700547,0.038335667176094525,0.45521543168773254,7.9330712040265405,8.971831855177879,1.5115320421755314,,,,
1623,3.853026513256629e-05,0.09865905594391128,0.011722958807403882,0.002776884573965314,0.038189197238534686,0.4477813725049297,7.900908948977788,8.944219520688057,1.4874646780391534,,,,
1624,3.8430715357678824e-05,0.09175715321519723,0.014808704359864618,0.0029933905235035732,0.036877490533515814,0.43665737841899194,7.729434239864349,8.74654949704806,1.4843153613309066,,,,
1625,3.833116558279141e-05,0.09839829199481756,0.013271668302888144,0.002945227187835068,0.03836748163836698,0.4518523537864288,7.843250897526741,8.869184795022012,1.4822325080633163,,,,
1626,3.823161580790397e-05,0.09664797353713463,0.013369623230217087,0.0030924949132895563,0.03725206873302037,0.44213390552128357,7.8694904208183285,8.986396872997284,1.5203569240868091,,,,
1627,3.8132066033016505e-05,0.09801670749826978,0.01184188331461682,0.0031599147083397837,0.03801034420418243,0.44653958827257156,7.907659909129142,8.994212065140406,1.5201879704991976,,,,
1628,3.8032516258129065e-05,0.0984753958027189,0.014152606503897285,0.00292931350904837,0.03793856320359434,0.4466135260028144,7.891822136441866,8.929183279474577,1.4878156346579392,,,,
1629,3.7932966483241625e-05,0.09994451016342888,0.012656913634412407,0.002965830143148196,0.03757795073324814,0.440715568823119,7.866827731331189,8.938926641146342,1.4977596446871757,,,,
1630,3.783341670835416e-05,0.09997654658897469,0.019130799242114895,0.0029325672753050943,0.037487197651838264,0.4395284111611545,7.842768204212189,8.875837284326554,1.491111165036758,23.156692471724345,0.6424842632056839,24.06028366664558,0.6772428226809081
1631,3.7733866933466746e-05,0.09681513100707283,0.012259803439915284,0.002949041802518574,0.03706951047449062,0.43414828485498824,7.805883132417997,8.838516575098037,1.4811497792601585,,,,
1632,3.7634317158579306e-05,0.09180524210290363,0.01318576684146322,0.00282859133585589,0.0378005709964782,0.44237769606212773,7.896890403827031,8.896187901496887,1.483990794668595,,,,
1633,3.753476738369184e-05,0.09870452277828008,0.016153454879988042,0.0028775781743509772,0.03740487607428804,0.4417463374324143,7.786567668120067,8.81550599137942,1.4757889087001483,,,,
1634,3.74352176088044e-05,0.09694976169460763,0.013879969749421723,0.002907237895563715,0.03653265805526947,0.4298988592810929,7.718167756994565,8.71981559097767,1.474658973266681,,,,
1635,3.733566783391696e-05,0.09230743867810816,0.012739266313840859,0.002757995498783809,0.03725407753954642,0.441727359018599,7.864438285430272,8.901201761762302,1.4720802672207356,,,,
1636,3.723611805902952e-05,0.09571778737008571,0.01300040609419882,0.0029478805587132228,0.03819232421616713,0.44984854611878594,7.965722223122914,9.065226795276006,1.516715983549754,,,,
1637,3.713656828414208e-05,0.0949630266521126,0.013824512939914957,0.0028391091889110004,0.0371998238726519,0.4370224101468921,7.885376070936521,8.989939006169637,1.4984017031888166,,,,
1638,3.703701850925464e-05,0.09499289986367027,0.017300833404193097,0.002937614869370009,0.03739249656209722,0.43532059021915,7.809818028410276,8.89339258670807,1.4955136890212695,,,,
1639,3.693746873436717e-05,0.09611361265027275,0.016173277932665188,0.003022528483415954,0.03767774298321456,0.44662187627206246,7.948012087742487,9.021633454163869,1.5226750480631988,,,,
1640,3.683791895947973e-05,0.09564809606721004,0.01684756039159998,0.002945125098328087,0.03742088006110862,0.4391724903136492,7.794525716702143,8.836587546269099,1.4842139047880967,23.157770364405092,0.642379323389584,24.067392740999363,0.6773440921230557
1641,3.673836918459229e-05,0.0933838389425849,0.012833908191338953,0.0029431109749566533,0.037532783210432775,0.4443326463922858,7.849812937776248,8.857960788408915,1.4836758082111676,,,,
1642,3.6638819409704854e-05,0.09222243987411881,0.014777586112852247,0.0027567079168875352,0.036346163523072995,0.4239079898223281,7.694336119294166,8.693507515390714,1.4570213141540687,,,,
1643,3.6539269634817414e-05,0.09526121005571137,0.012265368339890396,0.0029687136080610798,0.03784048735008885,0.44628452360630033,7.845517577727636,8.925413632392884,1.503043295443058,,,,
1644,3.6439719859929974e-05,0.10010801016663512,0.01414343061350746,0.0031190187081544234,0.038057041835660735,0.44713589126865066,7.911699318885804,9.065741260846456,1.5283973289032777,,,,
1645,3.634017008504251e-05,0.09661082009163996,0.014011715643792933,0.002942972279561218,0.03764932926084536,0.44055041279643775,7.799728608131408,8.855198536316554,1.4916458514829476,,,,
1646,3.624062031015507e-05,0.09364239328230421,0.016803967121304365,0.002894659329043255,0.03705751612627258,0.437349044966201,7.81594954431057,8.787216077248255,1.4663338047762713,,,,
1647,3.614107053526763e-05,0.09867056301639726,0.013341586462915138,0.0028155105818465625,0.037492840574122964,0.4361762857064605,7.791303527355194,8.836922695239386,1.4725088079770405,,,,
1648,3.604152076038019e-05,0.09979979700098435,0.015840912000141764,0.003149728230770658,0.0377352598705329,0.4435836670299371,7.853721686204275,8.938168189922969,1.5162351916233698,,,,
1649,3.594197098549275e-05,0.0952562995798265,0.015726199491742497,0.002921911874000216,0.037057476742969206,0.4322416351021578,7.7623638619979225,8.80681039293607,1.4864493106802306,,,,
1650,3.584242121060531e-05,0.09090173959266394,0.013650756488458038,0.002806118718763173,0.0368711679126136,0.43441326087340715,7.6923963536818825,8.699076124032338,1.453587398926417,23.1777741073408,0.6422488157428633,24.082320869468546,0.6773197761629969
1651,3.574287143571787e-05,0.0961928920277084,0.013508552659546764,0.002861868314660872,0.036530428554397074,0.429041233441482,7.670226110021273,8.69426675538222,1.4616795778274536,,,,
1652,3.56433216608304e-05,0.09568592126015574,0.01411419725310834,0.002918013437359453,0.03691426663232657,0.43217793038735786,7.758910795052846,8.816143840551376,1.4794853853682677,,,,
1653,3.554377188594296e-05,0.09481665568503862,0.01368022093221303,0.00288588600045235,0.037867954090082395,0.44605323920647305,7.858881801366806,8.881143990159035,1.4852475501596927,,,,
1654,3.544422211105555e-05,0.09543219034094363,0.017115467323741917,0.002869720219981294,0.03650595033929373,0.4258382300225397,7.711746239662171,8.777207726240158,1.473733581105868,,,,
1655,3.534467233616808e-05,0.09790754740436872,0.012746221745443605,0.002981540576062495,0.03730739325595399,0.43807537155225873,7.8494492729504906,8.866928869485855,1.4934729692836604,,,,
1656,3.524512256128064e-05,0.0910142900266995,0.015334979639739362,0.002568444056729883,0.03656667145357157,0.42304274551570414,7.669275078177452,8.658837141593297,1.4412074235578378,,,,
1657,3.51455727863932e-05,0.093342597115164,0.013803339630658377,0.0029173078567206784,0.03691738224200283,0.4359645139425993,7.743800888458888,8.820169022679329,1.4805316247045994,,,,
1658,3.5046023011505736e-05,0.09692220108117908,0.01532282207319673,0.002836288117729661,0.0369166090444196,0.43530560319001477,7.81815343995889,8.89526826540629,1.4981984453896682,,,,
1659,3.4946473236618296e-05,0.09230898177095999,0.01535932338270954,0.002874348369308185,0.03740941163268872,0.4428200555965304,7.824675433834394,8.846892516811689,1.485296865304311,,,,
1660,3.484692346173088e-05,0.09044532347470521,0.015475947292182135,0.0026247857767884852,0.036716710706241426,0.4306852336662511,7.728876460591952,8.700867340962093,1.445946748306354,23.18738661754806,0.6424397561634947,24.07975611723998,0.6772223825029678
1661,3.4747373686843416e-05,0.09561602751879643,0.013789451652416436,0.002707764019730045,0.036885472905123604,0.4310305250498156,7.76638745466868,8.793925648927688,1.4703581973910331,,,,
1662,3.4647823911955976e-05,0.10115669309937705,0.011834202875608183,0.003259147455113028,0.03753589272576695,0.4419221067180236,7.855782941977183,8.947147423028946,1.5259993515908719,,,,
1663,3.4548274137068537e-05,0.09280624598031864,0.0159908568790114,0.002808474426213555,0.03714871372600707,0.4355179777058462,7.783117977778117,8.790229239066441,1.4667382317284743,,,,
1664,3.444872436218107e-05,0.0951596797676757,0.016452068954611546,0.002751218439000998,0.03718153992473769,0.43823046288453044,7.877070684234301,8.897391068935395,1.4808111734688283,,,,
1665,3.434917458729366e-05,0.09566218891025831,0.013225205149303587,0.0028946034304074904,0.03821596166817472,0.44894365364064776,7.868916011850039,8.88845387895902,1.4807733068863551,,,,
1666,3.424962481240622e-05,0.09813123253018906,0.014429426525131017,0.0027693459823543284,0.037795873599437375,0.44331705930332344,7.934944672385852,9.015699850519498,1.5043537576993307,,,,
1667,3.415007503751875e-05,0.09630600248929114,0.014050195094063127,0.0028376543552440124,0.03786944961757399,0.4486443270618717,7.8551645894845326,8.806993586818377,1.4636103245119254,,,,
1668,3.405052526263131e-05,0.09665197584157188,0.015159073253716423,0.0029031223254302554,0.037539913540240374,0.4361543249649306,7.810415025552114,8.75823865532875,1.4633364791671435,,,,
1669,3.395097548774387e-05,0.09498560303666939,0.01693261762308307,0.0028489375043742864,0.03637886318999032,0.42721226926272116,7.726826790968577,8.741974320014318,1.4644374137123426,,,,
1670,3.3851425712856404e-05,0.09606834565444539,0.01523371177693417,0.003015641231892611,0.037664999917615204,0.4462682412626843,7.84422547419866,8.888768007357916,1.501026774197817,23.171774103663424,0.642398446947976,24.075679176249306,0.6771300733660838
1671,3.375187593796899e-05,0.0942485474438096,0.012205634287945522,0.0028990048018386005,0.03767384031089023,0.43880875293786326,7.755935389796893,8.794307639201483,1.4692424188057582,,,,
1672,3.365232616308155e-05,0.09505776938361427,0.017455415180236144,0.002883207085748533,0.03750650013098493,0.43970809200157723,7.834973732630412,8.858541848262151,1.4753068104386329,,,,
1673,3.355277638819411e-05,0.0888308996334672,0.01567943746960155,0.0027150344679588065,0.03638025101584693,0.4268287214760979,7.682707057396571,8.665317040681838,1.4448184413214524,,,,
1674,3.3453226613306645e-05,0.09609371834279348,0.016207419629796358,0.002852154527802971,0.03833696244983002,0.4522011078894138,7.944506040215492,8.91925392349561,1.4773945026099682,,,,
1675,3.3353676838419205e-05,0.09121730242234966,0.016388192200057272,0.0028886742623096024,0.036823250776312,0.43259898057828344,7.813689770301183,8.824334770441055,1.4775890092055002,,,,
1676,3.3254127063531765e-05,0.09451635112054646,0.01486884800746462,0.0027325108504252663,0.03607383972266689,0.42073949594050647,7.6371794760227205,8.644186580181122,1.4496177559097607,,,,
1677,3.3154577288644325e-05,0.09420474217040464,0.013834537528417486,0.0029292703127187752,0.03746296869358048,0.44055346470947065,7.837600270907084,8.826698541641235,1.4804908201098441,,,,
1678,3.3055027513756885e-05,0.10003180518591155,0.014388957501391826,0.002930895396275446,0.037652565422467886,0.44311918461074434,7.854249916474024,8.843089548746745,1.4873315257330735,,,,
1679,3.2955477738869446e-05,0.09378324585656325,0.012296129259736215,0.0028997325856835233,0.03667667532572523,0.43140497896820307,7.7097550958395,8.756664508581162,1.4713645609716575,,,,
1680,3.285592796398198e-05,0.09379996992647648,0.015247679730282264,0.002799452663111879,0.03705377803804974,0.431307057539622,7.751986958583196,8.763793663183849,1.4683045198520024,23.200280294116364,0.6429513183736797,24.06536246051547,0.6770046384354055
1681,3.275637818909454e-05,0.10063170699092248,0.014105071956749423,0.00289755074451629,0.03795861817197874,0.44645043279354774,7.802383081118266,8.867834403117497,1.4836197555065156,,,,
1682,3.26568284142071e-05,0.09864485421373198,0.01448715345427008,0.002894879130265811,0.03762262030504644,0.4421847155938546,7.881374899546305,8.97003554503123,1.4952957697212697,,,,
1683,3.255727863931966e-05,0.09995007433462888,0.014791661163923076,0.002957385277871557,0.03838944088978072,0.4500681992930671,7.932378872235616,9.011312808593114,1.5056488121549287,,,,
1684,3.245772886443222e-05,0.0944683600255909,0.01390760333983104,0.0027807503861216293,0.03758927387340615,0.44058404462412,7.870686487356822,8.894161359469097,1.4801740370690823,,,,
1685,3.235817908954478e-05,0.09413741021417081,0.017103551558691994,0.002870779076026035,0.03827206582063809,0.4521314435948928,7.852862413724264,8.869528051217397,1.4791562241812548,,,,
1686,3.225862931465731e-05,0.09808468153545012,0.013401247972589599,0.0029375966030784186,0.03755267116939649,0.44180545437460145,7.839716665943464,8.895642101764679,1.4946055673062801,,,,
1687,3.215907953976987e-05,0.09543041757618388,0.014067206952736095,0.002955028037831653,0.03753334623761475,0.44322218938420216,7.751766149202982,8.805276258786519,1.4831753333409627,,,,
1688,3.205952976488243e-05,0.09176171522121876,0.016392611984316015,0.0027201594637517703,0.03730292127002031,0.4424863710689048,7.827861281236013,8.819279856483142,1.471523847555121,,,,
1689,3.1959979989994993e-05,0.09531432281558712,0.011926806881273204,0.0028450405090249356,0.036512071893472844,0.4293944981880486,7.685715182622274,8.77640141447385,1.479159883906444,,,,
1690,3.1860430215107554e-05,0.09402544130571186,0.013040954168901112,0.0028141243124082393,0.036871076635240266,0.4302431064347426,7.708353803555171,8.740292606751124,1.4610971475640933,23.186124487570815,0.6424131593747543,24.069174353260426,0.6771339421947159
1691,3.1760880440220114e-05,0.09448648892963926,0.016217187651126133,0.0029247606324133814,0.03790636022458784,0.44621998639777305,7.915238613883655,8.92446917494138,1.4890186848739784,,,,
1692,3.166133066533265e-05,0.09114802275629093,0.015074666420707627,0.002887717717446018,0.03649846009599666,0.4314191029717525,7.748207505544027,8.780206724007924,1.4805670323471227,,,,
1693,3.156178089044521e-05,0.09547081348331024,0.014243940197353014,0.002855769319770237,0.03775526398482422,0.4458928187688192,7.864063014586766,8.873982055981953,1.473075202604135,,,,
1694,3.1462231115557794e-05,0.09798160127441709,0.01630039597750871,0.002991503268640372,0.039162794289101535,0.46185632394626736,8.05080949862798,9.141946436961492,1.5226039183636506,,,,
1695,3.136268134067033e-05,0.09114576570379238,0.011115716071946509,0.0028720229859269847,0.037495953907879694,0.44024573390682537,7.778277839223544,8.783202304442723,1.4709049075841905,,,,
1696,3.126313156578289e-05,0.0960436723777093,0.01273919923466648,0.003083272853473318,0.03835552784536655,0.4535016763334473,7.955942523479462,9.048701226711273,1.5197483070194722,,,,
1697,3.116358179089545e-05,0.09773286442117145,0.013010982296980183,0.0029416478094087023,0.03739371292370682,0.4400945471599698,7.855737671256065,8.885214147965113,1.4927050046622754,,,,
1698,3.106403201600801e-05,0.10003271918588628,0.012223838636434467,0.0029495206965293617,0.037244385911617425,0.4381475519699355,7.769229261080424,8.826090842485428,1.483724419027567,,,,
1699,3.096448224112054e-05,0.09805118280928582,0.015242821709571697,0.002716593684696515,0.0368424556897177,0.4287769438698888,7.775486634174983,8.879240356882413,1.4767875005801518,,,,
1700,3.086493246623313e-05,0.09932655477896332,0.014391030343205198,0.0030771148413502184,0.03729027035102869,0.43982454963649315,7.804773465792338,8.83759978612264,1.4928680226206779,23.176469740228033,0.6428874413231257,24.07351927054141,0.6772079014986044
1701,3.076538269134569e-05,0.0933861041907221,0.012552581728439597,0.002807435640594728,0.037085644179023804,0.43362649272506437,7.684335544705391,8.737772365411123,1.46080703313152,,,,
1702,3.066583291645822e-05,0.09502022355639686,0.0159604521423612,0.002864232915635512,0.036817359712828575,0.43057636356291673,7.781606769561767,8.881751616795858,1.4946778420358897,,,,
1703,3.056628314157078e-05,0.09286244853865355,0.012360403138317632,0.0028369392499977644,0.03692673766442264,0.4342809794470668,7.78704854051272,8.887281191349029,1.4841137737035752,,,,
1704,3.0466733366683342e-05,0.0931157670992737,0.013602786774366778,0.0029615097118342723,0.03706920055750137,0.4347822473073999,7.705487871170044,8.7822008172671,1.477507552007834,,,,
1705,3.0367183591795902e-05,0.09584527690894902,0.013672958768976428,0.0028507691908998822,0.0366639583487995,0.4249857940090199,7.664656374851862,8.709200091163318,1.466759134332339,,,,
1706,3.0267633816908463e-05,0.09489300260320306,0.013637065227987378,0.002884087321763218,0.03731918716415142,0.4426354120175044,7.851210819681485,8.915131330490112,1.493468621869882,,,,
1707,3.0168084042021023e-05,0.09343833674987158,0.013017379883027166,0.0030120125419974405,0.03686314957837264,0.4329922662116587,7.699273145198822,8.73550964196523,1.480141576876243,,,,
1708,3.0068534267133556e-05,0.09858243085909635,0.01372113666844701,0.002957772226667051,0.03701332501368597,0.4374432623386383,7.770602005720138,8.858792960643768,1.4995204438765843,,,,
1709,2.9968984492246116e-05,0.09664866574263821,0.012648629432308933,0.002871931530595854,0.03750969086346837,0.4385224505327642,7.813189422090848,8.803330693642298,1.4708044700324536,,,,
1710,2.9869434717358676e-05,0.09508093146141619,0.015486653530251627,0.0028201161164057944,0.036385159861917295,0.42807194475705423,7.6923786987861,8.678426433602969,1.4563155802587668,23.194682950260383,0.6422082976670165,24.096425322762382,0.6773760533076406
1711,2.9769884942471237e-05,0.09930602632618199,0.01528117577902958,0.002939532862183114,0.03679965225746855,0.43170599748070043,7.7614922523498535,8.857614336411158,1.4955186873674393,,,,
1712,2.9670335167583797e-05,0.09868025202304125,0.013635306366793406,0.003090554155520901,0.038423427555244416,0.45429211367542544,7.950832839806875,9.086305087804794,1.5246686153113842,,,,
1713,2.9570785392696357e-05,0.09637094920035452,0.012755491367380679,0.0030704061450402757,0.03815532353085776,0.4517935610686739,7.912021179000536,8.968617242574691,1.5064165418346722,,,,
1714,2.947123561780889e-05,0.09627033513970673,0.011500753843055052,0.0028648550619133554,0.038043810083763674,0.44573110228714846,7.919804935654004,8.941638058423996,1.4854814896980921,,,,
1715,2.937168584292145e-05,0.09341384612877543,0.016333731582830913,0.0029222430528231297,0.03780172687256709,0.44784496258944273,7.811007053653399,8.816473140319188,1.4801497742533685,,,,
1716,2.927213606803401e-05,0.09166598091833293,0.016257408936644662,0.0027972316724723593,0.03741643348669944,0.44349686289206147,7.842367327213287,8.88028770685196,1.4840473266939322,,,,
1717,2.917258629314657e-05,0.09551094581062596,0.012730984274446166,0.002964036694296131,0.037368703990553816,0.44612210635095834,7.890954222281774,8.932846522331237,1.5026418171823024,,,,
1718,2.907303651825913e-05,0.08703852899683019,0.015654105089171554,0.0026715056984054778,0.03620734816455903,0.4245208240735034,7.68273087143898,8.698655393719672,1.44646453683575,,,,
1719,2.897348674337169e-05,0.09581719645454238,0.013577993058034022,0.002905453746037286,0.037462120844672125,0.43805506598825256,7.780856940150261,8.797071665525436,1.4761544309556485,,,,
1720,2.887393696848425e-05,0.09607138672533135,0.013880041606024858,0.002748914930089086,0.036076051524529855,0.42477464204033216,7.643903485933939,8.717680909236272,1.4592082398633162,23.205384672869318,0.6424607414123291,24.103592281073905,0.6773467824523798
1721,2.8774387193596784e-05,0.08955901357112453,0.014592890075270374,0.0028698038938273383,0.03579566463983307,0.42064093335842095,7.600167161226272,8.650473271807035,1.457268545528253,,,,
1722,2.8674837418709345e-05,0.09505168570516011,0.012244555442791284,0.0027684000070318385,0.03740965202062701,0.43768378254026175,7.8064404686292015,8.864218026399612,1.4713612464567025,,,,
1723,2.8575287643821932e-05,0.09351055722994109,0.016772967318766933,0.0027609913141835325,0.03723189766751602,0.44108073186750213,7.8038420935471855,8.838628007968266,1.4784030698239803,,,,
1724,2.8475737868934465e-05,0.09537440055670837,0.013460910526493801,0.0028167579397025597,0.0367392691783607,0.4334319113753736,7.773459033171336,8.794623390833538,1.467969434708357,,,,
1725,2.8376188094047025e-05,0.09637492943244676,0.014280999130471502,0.00293201779119651,0.037401055921024336,0.4408426461741328,7.82682612935702,8.870243189732234,1.4915708310902118,,,,
1726,2.8276638319159585e-05,0.09467596397735178,0.020149601193466492,0.0027760958296615475,0.03654086241343369,0.4268305584788322,7.687740770975749,8.778506447871527,1.4712122954428195,,,,
1727,2.817708854427212e-05,0.09147869169246406,0.013750400112369313,0.002846437356007906,0.036694899313927935,0.43361074725786847,7.6862026462952295,8.689739072322846,1.4551929908494154,,,,
1728,2.8077538769384706e-05,0.09655061735150715,0.014428478481464986,0.0030599006201252146,0.037061315095828225,0.43732569833906987,7.813373885552088,8.901744538545609,1.5041468986620505,,,,
1729,2.7977988994497266e-05,0.09212029804475605,0.014998455076803507,0.0028598253669163873,0.03727899353252724,0.43968672581637896,7.723748468359312,8.730203264951706,1.465663841366768,,,,
1730,2.78784392196098e-05,0.09416062826445946,0.013119270666564316,0.0028081819834369524,0.03716104474927609,0.4425038358817498,7.809865933656693,8.824217036366463,1.4744830104211966,23.203886195508765,0.6424058037282291,24.09856016716376,0.677265455158269
1731,2.777888944472236e-05,0.09482212593623747,0.012523252887083617,0.0030246002695397084,0.037484832655172794,0.4411325257581969,7.814221314589182,8.893854596217473,1.4956608379880587,,,,
1732,2.767933966983492e-05,0.09416937686037272,0.015420965157086493,0.0029091946055814335,0.03737982446715857,0.4371498117223382,7.784023612737656,8.791866683959961,1.4731420042614143,,,,
1733,2.7579789894947453e-05,0.09426972489648809,0.012023254480482552,0.0031115723066250213,0.03729588732821867,0.4397643622942269,7.784257683157921,8.84287013510863,1.4983001718918483,,,,
1734,2.748024012006004e-05,0.09413828878120209,0.013133879304634484,0.00300083828036198,0.0372791491895138,0.44316266728565096,7.82400405506293,8.877979725599289,1.4975077748298644,,,,
1735,2.73806903451726e-05,0.09620132689209034,0.01402409034937043,0.0027696595688212256,0.0369771518802736,0.43156910995021464,7.762326189875603,8.793224611878395,1.476477627332012,,,,
1736,2.7281140570285133e-05,0.09516762117079149,0.01382875553962363,0.0029890917013593327,0.03768547124151762,0.4448661777811746,7.8812223136425015,8.986852331956227,1.5080612276991208,,,,
1737,2.7181590795397694e-05,0.09735769370260337,0.01426669343831571,0.002863277903209867,0.036167875681227694,0.421464892787238,7.7591989477475485,8.857440503438314,1.4947269660731157,,,,
1738,2.7082041020510254e-05,0.09933788137665639,0.01666612105056826,0.0028884612320932016,0.03760423544251049,0.44137644646689295,7.842319340507189,8.932782133420309,1.4957949675619602,,,,
1739,2.6982491245622814e-05,0.09641677481898417,0.014918905527337841,0.002908470717011369,0.03816835556256895,0.4484173818180958,7.962257256110509,8.972931299606959,1.4938178829848767,,,,
1740,2.6882941470735374e-05,0.0935345452822124,0.016262030840547982,0.0027206441559731805,0.037543135408001645,0.4400558065002163,7.88311615784963,8.900453412532807,1.473997898772359,23.192688277018295,0.6422490178390091,24.08646487294721,0.6772151409514634
1741,2.6783391695847934e-05,0.09878909362014383,0.013663373562597326,0.002809167765553866,0.03621346821309999,0.42587333138411243,7.694210462768873,8.807726033528645,1.4851288711031279,,,,
1742,2.6683841920960467e-05,0.0917340788214157,0.01721775016672417,0.002844800961914492,0.03701016631093808,0.438872294065853,7.738913986086845,8.77011412580808,1.4694375964502493,,,,
1743,2.6584292146073028e-05,0.09407521505684903,0.014169182629913941,0.0029073785338672073,0.03640294584911317,0.4289989070035517,7.719041283925375,8.799686060349147,1.4863109201192857,,,,
1744,2.6484742371185588e-05,0.09124637007868538,0.01281482797759043,0.002834764950966928,0.03694641813635826,0.43379493497001625,7.690486198663711,8.749952757358551,1.464883041009307,,,,
1745,2.6385192596298148e-05,0.10239912217948585,0.013222483247495939,0.0028900114625381927,0.03794318864044423,0.44735516340782244,7.812945743401845,8.967699778079986,1.5083698764443398,,,,
1746,2.6285642821410708e-05,0.090404551421913,0.013503985593908174,0.0026768025287613757,0.036728163428294165,0.4304036028062304,7.71248345375061,8.754590632518132,1.462181130796671,,,,
1747,2.618609304652327e-05,0.09340272952492039,0.011788807377901141,0.002910124388290569,0.037078296711357935,0.4337748510452608,7.7521857182184855,8.82694649497668,1.4741241226593653,,,,
1748,2.608654327163583e-05,0.08872865898689876,0.013459563715807388,0.002898771985261798,0.03698602540922972,0.43759042310218016,7.708578780293465,8.738345995545387,1.4655290740231672,,,,
1749,2.5986993496748362e-05,0.09397454494610429,0.014267925483317456,0.002912888818900683,0.03693954631065329,0.4392577559997638,7.7398325552543,8.74231420358022,1.4708293030659358,,,,
1750,2.5887443721860922e-05,0.09042773783827822,0.01184416900346162,0.0028042255429075644,0.03683084829244763,0.43205487051357827,7.701140435536702,8.775640805562338,1.4635569060842195,23.194096972142965,0.6417880352627366,24.09556129561061,0.6773021516804205
1751,2.5787893946973482e-05,0.09190750585403293,0.01318974396008686,0.002975437810831257,0.037079579181348285,0.4345387302959959,7.737328733007113,8.784535267949105,1.4814147534469764,,,,
1752,2.5688344172086042e-05,0.09855010382210215,0.01436341253921034,0.0029596884690060205,0.03786020586655165,0.4441415935444335,7.8833134233951565,8.967341166734695,1.5053851964573066,,,,
1753,2.5588794397198603e-05,0.09900384050949167,0.012460432374790243,0.0029885635514498667,0.03702193821469943,0.43055211153502265,7.7635994811852775,8.868285144368807,1.4888331561038892,,,,
1754,2.5489244622311163e-05,0.09051210314113026,0.014322735605220727,0.002799667007760339,0.0372133854640803,0.439837198300908,7.743090549111367,8.741517010331155,1.459311854839325,,,,
1755,2.5389694847423696e-05,0.09344809036701918,0.01574622409078771,0.0028285870426770997,0.037246316531673075,0.43905174483855564,7.809616325298945,8.809149165948233,1.4699670364459356,,,,
1756,2.5290145072536256e-05,0.09814197572413833,0.012518603339991973,0.0028941448395319942,0.03820584574714303,0.44798605488613247,7.914374719063441,8.963359646002452,1.49635024741292,,,,
1757,2.5190595297648843e-05,0.09929658669667939,0.015328292165481476,0.003077188735490684,0.03830622611567378,0.4546694383646051,7.97743399143219,9.040217391649882,1.5186726480722428,,,,
1758,2.5091045522761376e-05,0.09497370873577893,0.013813942081832153,0.0028522001612145687,0.037833226619598766,0.4468481229618192,7.868493294715881,8.937078183889389,1.492050613462925,,,,
1759,2.4991495747873937e-05,0.09456875666510314,0.010755265467466168,0.002829571488594714,0.03762128030260404,0.4386012300848961,7.777726717789968,8.75520606438319,1.4622383368511995,,,,
1760,2.4891945972986497e-05,0.09625137718394398,0.013380447430949571,0.002896040101404651,0.03707986013808598,0.4331885720913609,7.800637506445249,8.83535812695821,1.4767378081878026,23.183916754283853,0.6419053532526396,24.09461974474792,0.6774360272962243
1761,2.479239619809903e-05,0.09833142469481876,0.01379800783788263,0.002929165016030311,0.03854077841000011,0.4552980002015829,8.005935631195705,9.083924080928167,1.5188323132693768,,,,
1762,2.469284642321159e-05,0.09975110614517083,0.015129748849735548,0.002930287425563923,0.0367640454438515,0.43029885174085697,7.7250646909077965,8.75382334391276,1.481581450998783,,,,
1763,2.4593296648324177e-05,0.09925446991498271,0.012061363366981433,0.002844149078373448,0.036677698360290376,0.4274103640578687,7.6318497637907665,8.692792995770771,1.455954738954703,,,,
1764,2.449374687343671e-05,0.09846662895288319,0.012994680940489353,0.0030547734205659555,0.03806300560827367,0.4485917991337677,7.9167430629332864,9.018884299198787,1.517527404675881,,,,
1765,2.439419709854927e-05,0.10068857755201559,0.013612080158438475,0.002867016377361627,0.037938564678188416,0.44461866455773513,7.814703511198362,8.850778935352961,1.4813167286415896,,,,
1766,2.429464732366183e-05,0.09531069017248228,0.013774369417767189,0.0028087946463225912,0.035899272694950926,0.42026479936515293,7.645383123556773,8.690820561846097,1.466417557001114,,,,
1767,2.4195097548774364e-05,0.09359678731610378,0.013008973491230424,0.0029580309930073174,0.036628781713079664,0.43345458588252467,7.673560923337936,8.677252423763274,1.4609339381257693,,,,
1768,2.409554777388695e-05,0.0929514956738179,0.012654758373759852,0.0029711160590522923,0.03729323617105062,0.4389026312157512,7.768848429123561,8.768458076318105,1.4752810411155224,,,,
1769,2.399599799899951e-05,0.09678736181619267,0.014344050625605545,0.002884012284024114,0.037089983955956994,0.43600175585597756,7.718407609065374,8.713664092620213,1.4616532924274603,,,,
1770,2.3896448224112072e-05,0.08810033689563473,0.015701468215955645,0.002759899180819048,0.03717822344430412,0.43841168998430174,7.778709805011749,8.752971045176189,1.4599403068423271,23.204016635317767,0.6425176815384989,24.102617095980655,0.6774511750612443
1771,2.3796898449224605e-05,0.09287230703048407,0.014920135801974214,0.002663788725112681,0.03678701294896503,0.4300717137753963,7.793339294195175,8.796158351500829,1.4615816238025825,,,,
1772,2.3697348674337165e-05,0.09491227856681993,0.012201089712552182,0.002786955868153503,0.036137342903142175,0.4248818198839823,7.618674304087957,8.653765773773193,1.444669127712647,,,,
1773,2.3597798899449725e-05,0.09182607139615963,0.014405210012716019,0.00274508580945015,0.0373980470506164,0.4435808554602166,7.878705895940462,8.919417268037796,1.482963656137387,,,,
1774,2.3498249124562286e-05,0.10238999353023245,0.013222295804238164,0.003033247807858667,0.03760844921149934,0.44230639673769473,7.857015876968702,8.96397433479627,1.5153678707778453,,,,
1775,2.3398699349674846e-05,0.09212069200196614,0.012188531966486737,0.00308040139801354,0.03670735822524875,0.4364143910817802,7.741185218095779,8.86674706339836,1.5021590888500214,,,,
1776,2.3299149574787406e-05,0.09538624718940507,0.011933173062008414,0.0027999400312789173,0.03718265497785372,0.4354733278043568,7.830953248341879,8.941627005736033,1.490132366369168,,,,
1777,2.319959979989994e-05,0.09768438652778665,0.01445936361269354,0.0029418708700783705,0.03806653384041662,0.4505283512795965,7.870994463562965,9.007199656963348,1.5080060248573621,,,,
1778,2.31000500250125e-05,0.09324989498903354,0.01153324997002798,0.002819716141554333,0.037092186106989784,0.4380950472007195,7.763355493545532,8.832322990894317,1.4749868606527647,,,,
1779,2.300050025012506e-05,0.09262095112353563,0.013729112418086942,0.0026295652298358617,0.03611268003781636,0.42054985656092564,7.668412244319915,8.699001395702362,1.4527943313121796,,,,
1780,2.290095047523762e-05,0.09286852945418407,0.014565910057826592,0.002922611589504716,0.036945489339996126,0.43668491669620074,7.772995250423749,8.789048117399215,1.476023481786251,23.20022379220125,0.6425644660310095,24.104935086999816,0.6775544801317503
1781,2.280140070035018e-05,0.0993356364701564,0.013355059591400783,0.0030448396120239824,0.03737873698507125,0.44226610017940404,7.880726700027783,8.994280042250951,1.5224529852469761,,,,
1782,2.270185092546274e-05,0.09519072844802091,0.014458430230642912,0.0029310458380374864,0.03745031456540649,0.4422036134327451,7.806100763877233,8.786424245436987,1.474418214460214,,,,
1783,2.2602301150575273e-05,0.09330838512784491,0.014405368270827746,0.002680837748812337,0.0373946450476069,0.4395813717817267,7.8112958858410515,8.832693274815878,1.458916317174832,,,,
1784,2.2502751375687833e-05,0.09252241796348244,0.012197909428219588,0.00290695523993539,0.036711081804241985,0.4355806932474176,7.6802018543084465,8.765874489148457,1.478218494107326,,,,
1785,2.2403201600800394e-05,0.09276178114426632,0.013284655426241096,0.0026617909052220057,0.03631257894448936,0.4289356403984129,7.648595768213272,8.660363495349884,1.448662623266379,,,,
1786,2.2303651825912954e-05,0.0934246918031325,0.013764049975185743,0.002876455244222598,0.036765342407549424,0.43258832013234494,7.660499201218287,8.706431341171264,1.4594224942227205,,,,
1787,2.2204102051025514e-05,0.0901785319748645,0.014919826301659578,0.0029180170457038914,0.03688506379645939,0.4317525113311907,7.618785714109738,8.642029018203418,1.4523095414042473,,,,
1788,2.2104552276138074e-05,0.0962618459093695,0.012848701823588816,0.002814683907793854,0.03704905462218448,0.4376629107321302,7.783393912514051,8.845834536353747,1.4776612401008606,,,,
1789,2.2005002501250607e-05,0.08965380061417819,0.01173982512938753,0.002907882483729433,0.03777658575369666,0.4481185940715174,7.8418943574031195,8.911747604608536,1.4920359596610069,,,,
1790,2.1905452726363167e-05,0.09524150653742254,0.013211075743813557,0.002702368755732702,0.03747660584825401,0.43896173232545455,7.798190961281459,8.831659066677094,1.4663001649081706,23.18143605081089,0.6420734856886622,24.099083372767957,0.677468533273491
1791,2.1805902951475728e-05,0.0936398746057724,0.011754475098390168,0.0027947932583629155,0.03676354186997439,0.43333759233355523,7.7424445986747745,8.795105199019114,1.474629450092713,,,,
1792,2.1706353176588288e-05,0.0961139745467032,0.012221282106379516,0.002879759239597964,0.03713337801552067,0.4377062399561206,7.776024061441421,8.822110876441002,1.4758325013021627,,,,
1793,2.1606803401700848e-05,0.09264182209347685,0.012963708133829677,0.0028099555579198447,0.036857046916459996,0.4351619310677052,7.754451367259025,8.778969005743663,1.4694701952238878,,,,
1794,2.1507253626813408e-05,0.09997987804623941,0.01159829808094733,0.0029265534089669624,0.038057461458568774,0.4498771156805257,7.844190367062887,8.899246913194656,1.4887795207401118,,,,
1795,2.140770385192597e-05,0.09575529454741627,0.01371981536611718,0.0028911461204188527,0.03768949724617414,0.4450373100116849,7.795900932947794,8.807407333453495,1.4687699489295483,,,,
1796,2.13081540770385e-05,0.09902101354673505,0.013362062090877085,0.0030417503343414865,0.03692156074102968,0.4343323532491922,7.750157508254051,8.889752086003622,1.506565507253011,,,,
1797,2.120860430215109e-05,0.10115856242288525,0.013119654936446675,0.0030339800213975347,0.03805730758079638,0.44632770443956055,7.921336952845255,9.029791299502055,1.5124142073094844,,,,
1798,2.110905452726365e-05,0.09173775931509832,0.014479313665738196,0.002907490979002129,0.037211425746014964,0.43494846249620117,7.744250535964966,8.797662530342738,1.4794496809442839,,,,
1799,2.1009504752376182e-05,0.0940415421500802,0.012674324058547685,0.002916710779330363,0.03694332196998099,0.43560024481266735,7.775354942679405,8.901227101683617,1.5006237541635832,,,,
1800,2.0909954977488742e-05,0.09435273046450068,0.0146816375737981,0.002821016104167029,0.03678608398186043,0.43626024120797713,7.740801407893499,8.74533345301946,1.4690858302017054,23.19103005734273,0.6417793442032836,24.10487872340805,0.6775610651857351
1801,2.0810405202601303e-05,0.09496808311281105,0.01265533145288454,0.002930513204773888,0.03748387467542973,0.43916846985618274,7.8347475270430245,8.885044449567795,1.4862298582990965,,,,
1802,2.0710855427713836e-05,0.09170851606565217,0.013347405578054606,0.002880718025577759,0.03721291391411796,0.4406830977338056,7.682681612173716,8.723358398675918,1.4608087835212549,,,,
1803,2.0611305652826423e-05,0.09138566860153029,0.013779536496770491,0.0026891333269910924,0.036391656663424025,0.42584828414643805,7.743297290802002,8.752439373731614,1.4528096037606397,,,,
1804,2.0511755877938983e-05,0.09193237983466436,0.01418480793708848,0.0027360075158867404,0.03691670062641303,0.432289084016035,7.775716199477514,8.801673845450084,1.4661129988729953,,,,
1805,2.0412206103051516e-05,0.09762161256900678,0.014384112482039857,0.002935509562060664,0.0374495860033979,0.4381311626483997,7.818554092446963,8.89679113427798,1.488681225727002,,,,
1806,2.0312656328164077e-05,0.0949994470924139,0.012599217130015942,0.0028367845402196205,0.037727093502568705,0.4426221610667805,7.855341610312462,8.924720871448518,1.4815732131401698,,,,
1807,2.0213106553276637e-05,0.10113661128561943,0.012663981035623273,0.0029765891509669017,0.03782820290264984,0.4466853020402292,7.8489175796508786,8.910975941022237,1.4997398691872756,,,,
1808,2.0113556778389197e-05,0.09301370656273017,0.012819259675082729,0.0029254369364328644,0.03704859555000439,0.43586827035372455,7.771695002913475,8.804183987776439,1.4820088590184848,,,,
1809,2.0014007003501757e-05,0.09168273297448953,0.015323215405872108,0.0027380686811132667,0.03610077132082855,0.4254059206073483,7.666953307390213,8.68263826171557,1.451100149254004,,,,
1810,1.9914457228614317e-05,0.09528750993777066,0.014419180925594303,0.002897498771320291,0.036187590456878145,0.4291208966945608,7.678430784742037,8.781442266702651,1.4832470171153544,23.188421523746708,0.6417419757060017,24.10058362206412,0.6775312434742001
1811,1.981490745372685e-05,0.09245218938061346,0.012947515131045329,0.002860185456969096,0.03740076226143477,0.4400851736931751,7.836538616816203,8.899433626731236,1.4847887774308524,,,,
1812,1.971535767883941e-05,0.09327216052139799,0.012877834130983956,0.002837761619715214,0.03685029417198772,0.4362054069836934,7.718565481901169,8.743489334980646,1.467225050677856,,,,
1813,1.961580790395197e-05,0.09269642528767387,0.011518909783305602,0.002811183623513595,0.03706277118762955,0.4342700073805948,7.699417426188787,8.736739045381546,1.460033056139946,,,,
1814,1.951625812906453e-05,0.09305709574837237,0.01129484857021561,0.0028385359213643825,0.03736816348585611,0.438815337823083,7.804843514164289,8.839149930079778,1.4773821900288264,,,,
1815,1.941670835417709e-05,0.09933723685486863,0.012698108966213558,0.0030211708672140958,0.03793742542232697,0.4444668854897221,7.940155412753423,9.047750449180603,1.5191834568977356,,,,
1816,1.931715857928965e-05,0.09524146703770384,0.012900751547058364,0.002911740006796511,0.03729832064709626,0.4347393602753679,7.739775777856509,8.768260486920674,1.4742796793580055,,,,
1817,1.9217608804402185e-05,0.09249814921058715,0.011999620046312906,0.002668204315098895,0.036622389475815,0.4313042374017338,7.691274069746336,8.729320381085078,1.4537317303319772,,,,
1818,1.9118059029514745e-05,0.09448823388665914,0.01092616266360736,0.0026435493141737727,0.03672752231747533,0.43043864592909814,7.7800707171360655,8.800140261650085,1.4566834539175033,,,,
1819,1.9018509254627305e-05,0.09271374881112328,0.011669538489321285,0.0028640798789941377,0.037375295620101195,0.4371846149054666,7.770082290967306,8.758593646685283,1.4619819136957328,,,,
1820,1.8918959479739865e-05,0.0944000125862658,0.014201196833500799,0.0027684875425014375,0.036512957070954144,0.4271689833452304,7.716407991449038,8.752331504225731,1.4655398199955623,23.149860606635865,0.641349933936218,24.08073950486284,0.6773157469103421
1821,1.8819409704852425e-05,0.09209276083856821,0.01387681553424874,0.0028539303590150666,0.03720443863227653,0.43821480221425496,7.811265095074972,8.849856007099152,1.4780864335596562,,,,
1822,1.8719859929964986e-05,0.09246594766154885,0.012122522726202171,0.0028397859722341916,0.03600400435194994,0.4233118156592051,7.608739238977432,8.653871721029281,1.4570248646040758,,,,
1823,1.8620310155077546e-05,0.09015685746756692,0.013492482208783022,0.002716757834726498,0.036269875763294594,0.43014699627334874,7.678940344850222,8.732626340786616,1.4587110276023547,,,,
1824,1.852076038019008e-05,0.09165930803089092,0.013374602454879892,0.0027079746196856528,0.03652766526211053,0.426112680323422,7.678501111268997,8.68584194580714,1.447713389247656,,,,
1825,1.842121060530264e-05,0.08909511078769962,0.012960517267026435,0.0028749393876447964,0.03587206438339005,0.4250169549447795,7.644735595583915,8.735765933990479,1.4698580811421076,,,,
1826,1.8321660830415226e-05,0.09209822386037558,0.014494795609797296,0.002691358297185313,0.036474591982550916,0.4319929846872886,7.681635861595471,8.60667651593685,1.431664343426625,,,,
1827,1.822211105552776e-05,0.09382444735771665,0.012794360050239654,0.0026575098586060146,0.03648561992837737,0.4316171109676361,7.728093407551447,8.7110759973526,1.4514046892523766,,,,
1828,1.812256128064032e-05,0.09341377428888033,0.014237705415651666,0.002920495987200411,0.03678171057254076,0.4342811975317697,7.738190207878748,8.854487385352453,1.4886578592161337,,,,
1829,1.802301150575288e-05,0.09310926196631045,0.013467573630612935,0.0028671173825083923,0.037444761546794325,0.44642903202523787,7.783925662438075,8.849573415517806,1.4813163990775744,,,,
1830,1.7923461730865413e-05,0.09701615940624227,0.013766077930196286,0.00287855808862029,0.037224958068691194,0.43865442452952264,7.821447776754697,8.908854961395264,1.5000147019823393,23.137440661197026,0.6415734854140048,24.062365561462475,0.677152914242836
1831,1.7823911955977973e-05,0.09345723593141883,0.01390373926033129,0.0029116673318640095,0.037351256985372554,0.4418214344419539,7.767888215184212,8.825639462471008,1.488533944884936,,,,
1832,1.772436218109056e-05,0.09176569185995807,0.012960459301114705,0.002913630743069007,0.03638721645111218,0.42947804406285284,7.739560602108638,8.844744922717412,1.4918793797492982,,,,
1833,1.7624812406203094e-05,0.09782172567211092,0.013500302185554232,0.0029409932242439635,0.03753108048889165,0.4415221700134377,7.817762502034506,8.837185774246851,1.480017706255118,,,,
1834,1.7525262631315654e-05,0.09550050836211692,0.012538973724231472,0.0030236412492740785,0.03770646726867805,0.4494625750929117,7.804183765252431,8.891322529315948,1.4989166386425494,,,,
1835,1.7425712856428214e-05,0.09500621212646365,0.014698168567886269,0.0028249376096027845,0.03688493030689036,0.4296431377064437,7.690530476967494,8.736931919058163,1.462542679036657,,,,
1836,1.7326163081540747e-05,0.09373664958402514,0.011990501872623065,0.0027979890302958664,0.03684879057109356,0.4360904200623433,7.726835473378499,8.742037788033485,1.4621272285779316,,,,
1837,1.7226613306653334e-05,0.0962666517511631,0.010781628634212526,0.0030369597266447575,0.037372145116872466,0.44328974407787125,7.828599548339843,8.879698517918587,1.495340883731842,,,,
1838,1.7127063531765895e-05,0.09599441502553721,0.012218793151648066,0.002835001517451019,0.03756451797671616,0.441263443355759,7.794648812214533,8.820085837443669,1.4746356002986432,,,,
1839,1.7027513756878428e-05,0.0921934827696532,0.01158596407950349,0.0027312818843104954,0.03767244086290399,0.4405100770915548,7.845248773694038,8.885858501990636,1.4728013624747593,,,,
1840,1.6927963981990988e-05,0.09455152036777387,0.014142637064115011,0.002832226699865714,0.0374352855530257,0.44165487522259356,7.824172838528951,8.919365213314693,1.4965953243275483,23.140261617276177,0.6411565112095634,24.06888662746152,0.6773191662012192
1841,1.6828414207103548e-05,0.09350976349475483,0.013965046582148144,0.002794944849483727,0.03679162156574118,0.430800376770397,7.7278550138076145,8.74694218536218,1.4624672579268614,,,,
1842,1.672886443221611e-05,0.09737222564096253,0.011045571456117434,0.002977625953887279,0.03763097340706736,0.44235805089895924,7.858055466413498,8.922025070587795,1.5009272490938506,,,,
1843,1.662931465732867e-05,0.09065764189387361,0.010055760397445157,0.0028830404070807466,0.03672643379153063,0.43249073311065633,7.733049045999845,8.749277182420094,1.4589339800179004,,,,
1844,1.652976488244123e-05,0.09587839312540988,0.01222503533210572,0.003041721186794651,0.03746866084402427,0.44485361768553655,7.859466114640236,8.962944811582565,1.5070007592439651,,,,
1845,1.643021510755379e-05,0.0934447904350236,0.014197043890810276,0.0026943607086044115,0.036673126963432875,0.4320692226601144,7.750657548507054,8.78676109313965,1.470130384961764,,,,
1846,1.6330665332666322e-05,0.09777487008056293,0.011157994313777234,0.0029285396250998018,0.03762265311476464,0.4460360801933954,7.882206650575002,8.944012478987377,1.4985728633900484,,,,
1847,1.6231115557778882e-05,0.09426233622555931,0.013528532012626751,0.002896880799198698,0.03743643477403869,0.43603416327387096,7.764281894763311,8.7978910724322,1.4751084896425406,,,,
1848,1.6131565782891442e-05,0.09198542207013816,0.013170172500703832,0.0028171377865267764,0.037058204113661,0.44042717702686784,7.8530605882406235,8.91598824262619,1.4831699401140213,,,,
1849,1.6032016008004003e-05,0.0903781932235385,0.011801404247835438,0.0026538487488020714,0.03668252641994817,0.4315932263775418,7.704657498002052,8.715298918883006,1.439729287972053,,,,
1850,1.5932466233116563e-05,0.09865055492458244,0.013706629468589604,0.0031127860200285797,0.03781921508877228,0.44486239179968834,7.892310806115469,9.03274603287379,1.5206627123057843,23.13515781164752,0.6410414086379956,24.073079450527356,0.6773327537940161
1851,1.5832916458229123e-05,0.09230810755398125,0.014590333884557083,0.0027116983795470637,0.03678769944623734,0.4340403996097545,7.7011257092158,8.739173742135366,1.457814193268617,,,,
1852,1.5733366683341656e-05,0.09446380574566622,0.011319141027817487,0.00289660720560884,0.038037955015897754,0.4496811895941695,7.859467994173368,8.883107886711757,1.479835311571757,,,,
1853,1.5633816908454216e-05,0.09173864385423561,0.012177948470539324,0.002774607265140124,0.036540884315036236,0.4297650677151978,7.781566012899081,8.861433921257655,1.4848155098656812,,,,
1854,1.5534267133566777e-05,0.09804249453979234,0.01374542652691885,0.002963306835863477,0.038157984579447655,0.44749751733615994,7.88882911602656,8.992955686648687,1.5018571556856235,,,,
1855,1.5434717358679337e-05,0.09351572009424368,0.014380679272148011,0.0028649386041555164,0.037747428620544574,0.44765182031939427,7.853554295500119,8.83088241914908,1.472216177235047,,,,
1856,1.5335167583791897e-05,0.09797513505909591,0.013817121643437102,0.0030283417270766224,0.03844331691895301,0.45562892115364473,7.9337858577569325,9.038673452536266,1.5144850112497807,,,,
1857,1.5235617808904457e-05,0.0977170582744293,0.01238346440260815,0.003012327880120817,0.038385601182623456,0.45259528563668333,7.878857733805974,8.917377676566442,1.499792508284251,,,,
1858,1.513606803401699e-05,0.09495733195605377,0.010580450442464666,0.002949455634734477,0.03681439131226701,0.43507530968636277,7.755022786060969,8.85971027414004,1.4860237089296182,,,,
1859,1.503651825912955e-05,0.08894928944064304,0.01320320847971092,0.0028856751400174593,0.036968575253073746,0.4372390422038734,7.733549862106641,8.754192121823628,1.462213045358658,,,,
1860,1.4936968484242138e-05,0.09329032752042016,0.013297061725512697,0.002765787196767633,0.037610316032078116,0.44546446967869996,7.773159709572792,8.799405088027319,1.4656590173641841,23.158230157533577,0.6411915661597429,24.085707658710454,0.6775019017408048
1861,1.4837418709354671e-05,0.0930806548645099,0.011451152101764669,0.002947958608334981,0.036130916082765904,0.4256129432935268,7.700035167733828,8.787204715609551,1.4826029121875763,,,,
1862,1.4737868934467231e-05,0.09331800718791783,0.012543273433288796,0.0027994083752976924,0.036647643172182144,0.4291915367046992,7.7613139808177944,8.834217888116836,1.4762347673376401,,,,
1863,1.4638319159579791e-05,0.09733914656875034,0.01166749271780206,0.0027824664908015014,0.03728969915149113,0.43880576407536864,7.818136989076932,8.92687760591507,1.4908162228763104,,,,
1864,1.4538769384692324e-05,0.0956961222536241,0.01141937194667877,0.0028262874820332703,0.03712148986523971,0.43710436193893354,7.753610536456108,8.854462799429893,1.4816170372068882,,,,
1865,1.4439219609804885e-05,0.09664527511534592,0.011337514952227516,0.003027264763234901,0.03766235762741417,0.445658665522933,7.892167228460312,8.977624305089314,1.5122885579864185,,,,
1866,1.4339669834917472e-05,0.09631023982850213,0.010940580550408889,0.0029282485199170574,0.03731083208695054,0.4419060516481598,7.737046738465627,8.78770797053973,1.4752742568651835,,,,
1867,1.4240120060030032e-05,0.09035610485977183,0.010331911896835511,0.002786889409374756,0.03675431711599231,0.4311125473119318,7.71327821413676,8.738556959231694,1.4548908638457456,,,,
1868,1.4140570285142565e-05,0.09177963472902775,0.013317384401693848,0.002827339726961024,0.03669791996556645,0.43057999648153783,7.674538694818815,8.678465986251831,1.4474159747362136,,,,
1869,1.4041020510255125e-05,0.09290900715471556,0.01185389469339242,0.002922818698789342,0.037154842742408316,0.44113005601490535,7.792711649338404,8.879884725809097,1.4865808648367722,,,,
1870,1.3941470735367686e-05,0.09709719125336656,0.011811366359063265,0.0028584172642998357,0.037031561322510245,0.43674004388352233,7.7400645315647125,8.84480496843656,1.4833201207220554,23.16369793464413,0.6419081202089482,24.0960513290355,0.677643890957936
1871,1.3841920960480246e-05,0.09304890270189693,0.013594594640515838,0.002824615060186867,0.03680548216604317,0.4356615866223971,7.698205508788427,8.738805724183718,1.4743418124814829,,,,
1872,1.3742371185592806e-05,0.09254413777962327,0.012174377312587392,0.0027251429817018408,0.03695044380923112,0.4347537032949428,7.6479093859593075,8.652885003884633,1.4429902064303557,,,,
1873,1.3642821410705366e-05,0.09351136826444417,0.013537692320844208,0.002756659022755533,0.03684612073702738,0.4362821814914544,7.72897344827652,8.756629365682603,1.4643704481422901,,,,
1874,1.35432716358179e-05,0.09313919364940375,0.012175706749602118,0.002936100731191497,0.03749167594942264,0.4395977139162521,7.80901271700859,8.918586800495783,1.4921407421429953,,,,
1875,1.344372186093046e-05,0.10037160845628629,0.01583967450624179,0.0029198774718679488,0.03811940629190455,0.4506797866895795,7.944301482041677,9.010377177596093,1.4998104944825172,,,,
1876,1.334417208604302e-05,0.09065733230284725,0.012600673867679232,0.0030369924212209297,0.03779162443242967,0.44408233755578597,7.848441369334856,8.887276029586792,1.4802268515030543,,,,
1877,1.324462231115558e-05,0.09346328035462648,0.014040775302467168,0.0026650393154947476,0.036810325858338426,0.431795302250733,7.738777037461599,8.766312292218208,1.452504680554072,,,,
1878,1.314507253626814e-05,0.09688207540505876,0.011708661301589214,0.002798244980779903,0.03654134468718742,0.43119434534261625,7.709292357166608,8.812378056844075,1.4774170865615208,,,,
1879,1.30455227613807e-05,0.09620055289318165,0.011479205947981352,0.0028698304795852893,0.03682562973505507,0.43015177119523285,7.683367311954498,8.708895566066106,1.456128214796384,,,,
1880,1.2945972986493233e-05,0.09740694250601033,0.012088050398748754,0.0029931263750465104,0.03765863947143468,0.44442765799661477,7.852506005764008,8.950876331329345,1.4985341196258863,23.159298824217945,0.6419117594046566,24.093169629329477,0.6776454630897072
1881,1.2846423211605794e-05,0.09145938124662886,0.010353965854886555,0.002812517561081525,0.03744141344213858,0.44219772138943275,7.813947703440984,8.831941310564677,1.463370824108521,,,,
1882,1.2746873436718354e-05,0.09261835490663846,0.010631965121373292,0.002749325104499197,0.0363064147803622,0.4301826448800663,7.6845034003257755,8.709197727839152,1.4525383460024992,,,,
1883,1.2647323661830914e-05,0.09191276583199699,0.014433574443752706,0.0028872207607491874,0.03759331032439756,0.4419899484142661,7.838656367858251,8.90869080821673,1.4879396994908651,,,,
1884,1.2547773886943474e-05,0.09092180755299827,0.014306854152173587,0.0027639980171443312,0.036760495983374615,0.4323682624536256,7.768740292390188,8.830587790409725,1.4712432213127613,,,,
1885,1.2448224112056035e-05,0.08994678729989876,0.012657160168571657,0.002804272377882929,0.036623557901475576,0.43163532223552464,7.771175794800123,8.862324756383895,1.48136889860034,,,,
1886,1.2348674337168568e-05,0.09723352746417126,0.011782502993062945,0.002827099141359213,0.037446662038564685,0.43481881882374485,7.79197974006335,8.850163745880128,1.4713233689467111,,,,
1887,1.2249124562281128e-05,0.09468038107734174,0.010768461183173332,0.002762247140769129,0.03726230670387546,0.4409991883362333,7.800951740145683,8.816228799025218,1.4731982504328092,,,,
1888,1.2149574787393688e-05,0.0995434760193651,0.012582861730395934,0.00306227208081206,0.03846120134306451,0.4535953803608815,7.862649192412694,8.965192759037018,1.5046216679116091,,,,
1889,1.2050025012506248e-05,0.09988210878024499,0.014983940479852749,0.0029823761502484557,0.037967664325454585,0.44362070771555107,7.912242545684179,8.98809685309728,1.5055640434225401,,,,
1890,1.1950475237618808e-05,0.09563549130689353,0.012703044629087371,0.0026923408848536687,0.036913298264456294,0.43365351172784966,7.7495891352494555,8.761081367731094,1.4602181752522787,23.165663337089356,0.6411512510056432,24.096651755960547,0.6777215506090695
1891,1.1850925462731369e-05,0.09502122430906941,0.012534434492692351,0.002870722079690798,0.03639440110806997,0.42675696027775606,7.653413115938505,8.732360870639484,1.4666129238903522,,,,
1892,1.1751375687843929e-05,0.09097454857546836,0.01348339952833512,0.0027918224932970285,0.03673320607437442,0.43533102242896954,7.685093656182289,8.737702266375225,1.463096458464861,,,,
1893,1.1651825912956462e-05,0.09683342166244983,0.01234074854038968,0.0029043486758988974,0.03754508127846445,0.44347643985723456,7.8529506156841915,8.949074101448058,1.4904722658296425,,,,
1894,1.1552276138069022e-05,0.09669694776336352,0.01193837391002129,0.0028920574592727157,0.036992400228821984,0.43703165696933866,7.805893554290136,8.850378257036208,1.4886273212730885,,,,
1895,1.145272636318161e-05,0.09512632712721825,0.011610967200766709,0.002842644550643551,0.037428444418280075,0.438651395154496,7.8586390326420466,8.972987320025762,1.4944617045422395,,,,
1896,1.1353176588294143e-05,0.0924576693524917,0.011976514282485045,0.0027947948929674263,0.03664906594203785,0.43079361304019886,7.701810832818349,8.720871073007583,1.4630974878867467,,,,
1897,1.1253626813406703e-05,0.0928068638818028,0.011170999282803355,0.002895781134278271,0.037453410929689804,0.44103104565292595,7.783292690912883,8.845256793498994,1.4786380631228289,,,,
1898,1.1154077038519263e-05,0.09258411231761178,0.013129653861783748,0.0026780279959590795,0.036215619405265895,0.4244106197108825,7.683385276794434,8.762989056110381,1.4630081862211228,,,,
1899,1.1054527263631796e-05,0.09308829829096794,0.012715081657860209,0.0029385815740170075,0.036959732793426764,0.431123483274132,7.658170011639595,8.69404854575793,1.4637282324333987,,,,
1900,1.0954977488744383e-05,0.0912961008764493,0.012934698822756026,0.0026678552334487905,0.03625255348160863,0.42675902949025235,7.6337734719117485,8.6828082382679,1.445837947477897,23.145478929199495,0.6411135940761165,24.084227894041756,0.6777187712948736
1901,1.0855427713856944e-05,0.0893422482845684,0.012453430939332991,0.0028579180101587554,0.037081863067578526,0.43665046375244854,7.737632131576538,8.787677383422851,1.4730458761254945,,,,
1902,1.0755877938969477e-05,0.09508207882754505,0.012809142082849882,0.0029530604819835086,0.03810462827483813,0.44881018027663233,7.874446548024813,9.046009405453999,1.5115473973254363,,,,
1903,1.0656328164082037e-05,0.091061361397927,0.012280199354423616,0.0026804534488595283,0.03691448067159702,0.43470769800866643,7.762169979015986,8.780694643656412,1.4508068514366945,,,,
1904,1.0556778389194597e-05,0.08855046335762988,0.011772806072670094,0.002633524012162525,0.03661755294500229,0.43415855209653575,7.707503562172254,8.682399336496989,1.4392791519562402,,,,
1905,1.045722861430713e-05,0.09413718708480398,0.012876017771004555,0.0028709744505249547,0.03677036305501436,0.43307040268555286,7.788945650060971,8.833616612354914,1.4811446160078048,,,,
1906,1.0357678839419717e-05,0.09612786314294984,0.012664619160699801,0.002695378453184579,0.0372322813142091,0.43710958550994594,7.792409760753314,8.85954545934995,1.4645033217966557,,,,
1907,1.0258129064532278e-05,0.09319500986797115,0.012219731495740271,0.0028040344774126424,0.03760548882807294,0.44402205223838487,7.861120069026947,8.923185221354167,1.4905714924136797,,,,
1908,1.015857928964481e-05,0.08989331097497294,0.011718777170859222,0.0027828128475145303,0.03681098289477328,0.4338808936066926,7.7119167894124985,8.743454390764237,1.46079677293698,,,,
1909,1.0059029514757371e-05,0.09733665379850814,0.013752034213901875,0.0029640580049090206,0.03700772052786003,0.43669738303869965,7.782588604092598,8.851964565118154,1.4951175940533479,,,,
1910,9.959479739869931e-06,0.08705475233340015,0.011833904707894641,0.0026965568156507897,0.036790568897655855,0.43649227931164203,7.761043630043665,8.769652631878852,1.4569295505682627,23.13325383453705,0.6407136419788791,24.080528493159356,0.677643325361495
1911,9.859929964982491e-06,0.0946637671906501,0.010865680270454921,0.0028471894773853517,0.03696687610160249,0.43285251731673874,7.770415722330411,8.792780369520187,1.4727334750195344,,,,
1912,9.760380190095052e-06,0.08848516584839672,0.011638779309964035,0.002908257154801201,0.03664740568492562,0.43027204209938646,7.75165846546491,8.787006249030432,1.4730667645732562,,,,
1913,9.660830415207612e-06,0.09921810138815393,0.0141825986657884,0.002860570724503001,0.03758115956249337,0.43715333193540573,7.806755469242732,8.892468665043513,1.4826146552960078,,,,
1914,9.561280640320145e-06,0.09444388943569114,0.010816766161419763,0.0029515003279811935,0.036673972480154284,0.42998023697485527,7.672404567400615,8.799699139595031,1.4819833728174368,,,,
1915,9.461730865432705e-06,0.08920069773836682,0.013371082358303976,0.0028181485818398262,0.03692088964938497,0.43257323385526736,7.698776872952779,8.706539253393808,1.4496264338493348,,,,
1916,9.362181090545265e-06,0.09586824194217722,0.012760380092923462,0.002850579104476007,0.03691842376332109,0.43635022391875583,7.706201385458311,8.776335922876994,1.4734880551695824,,,,
1917,9.262631315657826e-06,0.09452054698485882,0.011104917250274982,0.0029724682396287485,0.03794213594325508,0.44707954209297895,7.838222542405129,8.916997075080872,1.5009233837326368,,,,
1918,9.163081540770386e-06,0.09243853131774812,0.011112401782675125,0.0027652378131354754,0.03645823170081712,0.4313550857206186,7.740337277452151,8.811062704523405,1.4749697638054688,,,,
1919,9.063531765882946e-06,0.09324106220932056,0.011849838973106607,0.002677138996538512,0.036528991669183594,0.42807081919163464,7.674399380882581,8.659948629140853,1.43487154468894,,,,
1920,8.963981990995506e-06,0.09691037496862312,0.012216693002670195,0.00293645667840489,0.037469547379684325,0.4425433582936724,7.774457550048828,8.884332631031672,1.4935090257475774,23.123374390957967,0.6407819789384358,24.070873588317383,0.6775349584376393
1921,8.86443221610804e-06,0.092635898773248,0.012689618397092027,0.002880400831357595,0.03664382249116897,0.4333574012542764,7.676624571283658,8.723112586140633,1.4735617148379485,,,,
1922,8.7648824412206e-06,0.09375641553197056,0.013696044426269349,0.0027911490337525417,0.03696776059223339,0.4382748259231448,7.741460863749186,8.776084840297699,1.4656142959992091,,,,
1923,8.66533266633316e-06,0.0913473343088602,0.012780792889136776,0.0026710003858473404,0.036892241224025686,0.4351908804538349,7.697000307838122,8.736948895454407,1.4554048908253512,,,,
1924,8.56578289144572e-06,0.08443297304523488,0.01151776429174635,0.002703608755655296,0.036458176514133814,0.42980280009408794,7.62650959889094,8.614969327052433,1.4355129167437553,,,,
1925,8.46623311655828e-06,0.09428315049347778,0.011478312718366027,0.002942649200182738,0.03732239374658093,0.44089350489278634,7.8286902914444605,8.90564461350441,1.4919565424323082,,,,
1926,8.36668334167084e-06,0.09568252035727104,0.010927432151933621,0.0028895570506695853,0.03633312428719364,0.42585978998492163,7.721221478780111,8.773065690199534,1.471481228619814,,,,
1927,8.267133566783373e-06,0.08897462077438831,0.01131345275909077,0.0028200870440438547,0.036998969227230796,0.43804586113741,7.752851154406866,8.825789916515351,1.477267836034298,,,,
1928,8.167583791895934e-06,0.09707122837814192,0.010808403411378542,0.002891766755177135,0.03761340905912221,0.4414500102711221,7.842457752426466,8.9212537308534,1.4949586061139901,,,,
1929,8.068034017008521e-06,0.09369598949172844,0.011689084718154892,0.0028953975458231676,0.03712348096111479,0.43826689415921766,7.826728455225626,8.864751225709915,1.4827126878003278,,,,
1930,7.968484242121054e-06,0.09126327245806655,0.01192765987493319,0.002904143756980678,0.03628947540807227,0.4283412332336108,7.670814700921377,8.760365345080693,1.482491235435009,23.10253589249669,0.6410027904617419,24.05531383656702,0.6774293154197818
1931,7.868934467233614e-06,0.09641265211006006,0.013859394584922505,0.0028232068429739836,0.03744811381523808,0.4403185995606085,7.810161028305689,8.917631912231446,1.4886708376308282,,,,
1932,7.769384692346174e-06,0.0960486393654719,0.013522890776613183,0.0029356631956943603,0.037051608529873194,0.43307817944635946,7.717453117171924,8.777290681997934,1.4777575905124347,,,,
1933,7.669834917458707e-06,0.08927841503949215,0.009844841364505853,0.002877340483307004,0.036218098395814496,0.4258762705295036,7.630061876773834,8.732319098711013,1.471741549173991,,,,
1934,7.570285142571268e-06,0.09441975539084524,0.010519629715146639,0.0030351400663372868,0.03780414586265882,0.4461637310528507,7.883704067269961,8.94749075472355,1.5038499387602011,,,,
1935,7.470735367683855e-06,0.09146582814864815,0.011177425386084143,0.0028461453511833194,0.036408128818341844,0.4324142619036138,7.682448766628901,8.735289951165518,1.4690629159410795,,,,
1936,7.371185592796388e-06,0.08904483962493638,0.012854806339563978,0.002783541822736879,0.035507016737634935,0.41711058299988507,7.591907072067261,8.641171443462373,1.4544474477569262,,,,
1937,7.271635817908948e-06,0.09398233834654093,0.011672674058107813,0.0028850775791700776,0.03673450441953416,0.4316553848795593,7.742705525954564,8.851984371741613,1.4819617999096713,,,,
1938,7.1720860430215085e-06,0.09694359483352552,0.01386136219220903,0.0029643629136747525,0.037557043061436465,0.44006373061177634,7.803402177492777,8.90263945957025,1.4918539029856523,,,,
1939,7.072536268134042e-06,0.09221182056547453,0.012005572260314809,0.0029641483689071416,0.03709331382803308,0.43681039769823354,7.796703304847082,8.850344087680181,1.4783803611993789,,,,
1940,6.972986493246629e-06,0.0943667410251995,0.012109178165749145,0.0028207470969088414,0.0363890654174611,0.42827184901883203,7.649018567800522,8.66294060945511,1.4582271898786228,23.110451103880468,0.640720551723213,24.04891902700698,0.6773579348689958
1941,6.873436718359189e-06,0.0935589354718104,0.012246128667130773,0.0028090999669681577,0.03702770951592053,0.43765401259685555,7.745665828386943,8.797616201639176,1.4769331241647403,,,,
1942,6.773886943471749e-06,0.09172313800857713,0.013340553915448099,0.0031679492956754986,0.037633054261095825,0.4456737706127266,7.850364816188812,8.91215681831042,1.51138597180446,,,,
1943,6.674337168584282e-06,0.09663697169162333,0.011329276064667175,0.002880426828839215,0.037191089236875995,0.4391719431305925,7.752627875407537,8.783585721254349,1.468962191293637,,,,
1944,6.574787393696843e-06,0.09317787762265653,0.013855522099517344,0.0027521214786853914,0.03670330764725804,0.43267320363471906,7.724077662825584,8.755769976973534,1.458185888826847,,,,
1945,6.475237618809403e-06,0.08911008465414245,0.012488294819332668,0.00264711051180105,0.036371563198432946,0.42880299566313623,7.653787961602211,8.67080552081267,1.4440110219021638,,,,
1946,6.375687843921963e-06,0.09357190550460169,0.011057704268919928,0.0028419407844315478,0.03663667939642134,0.4306509632927676,7.760817304253578,8.832422578334809,1.4760180972516537,,,,
1947,6.276138069034523e-06,0.09014425566419959,0.010871865162972427,0.0028751014575997638,0.036708565370645374,0.43465771510576207,7.681755415598551,8.676492484410604,1.4545711082716783,,,,
1948,6.1765882941470834e-06,0.09464254478613536,0.012343738812751652,0.002617410240782192,0.036118015693500635,0.4230136099892358,7.698319276173909,8.780305142203966,1.4568148059149584,,,,
1949,6.0770385192596165e-06,0.09585608420117447,0.009915212230216278,0.0028696577374830667,0.0365303952828981,0.42845377943788965,7.706486807266871,8.831198060512543,1.4828454598784446,,,,
1950,5.977488744372177e-06,0.08991028217133135,0.012793494609301776,0.0027898237415987146,0.03640167193176846,0.42812012719611325,7.667090392112732,8.730400317907334,1.4641041946907838,23.11194785590306,0.6409368648561975,24.044350508825804,0.6772737376316916
1951,5.877938969484737e-06,0.09046695286718508,0.012180823051247269,0.002648868060047486,0.03627049476684382,0.4290474492125213,7.66496209204197,8.663821347554524,1.4465215081969898,,,,
1952,5.778389194597297e-06,0.09657251726215084,0.012494722240461975,0.0029848594377350915,0.03691988438173818,0.4340453551306079,7.758456358313561,8.843653392791747,1.4839044526219367,,,,
1953,5.678839419709857e-06,0.0947779997639979,0.013122527173052045,0.002810058566016475,0.03747522584938755,0.4433190753683448,7.785258961717288,8.794127269585926,1.469133829822143,,,,
1954,5.5792896448224175e-06,0.0882963764326026,0.01205033546711854,0.0027580530785902132,0.03661931633832864,0.42797525096684697,7.696208568414052,8.782969341675441,1.4661407500505448,,,,
1955,5.479739869934951e-06,0.09259704598225653,0.012482186046081948,0.0028289229800066095,0.03767310187686235,0.4477767343322436,7.845661897460619,8.835054663817088,1.467888926466306,,,,
1956,5.380190095047511e-06,0.09628509252797812,0.011035706719845233,0.0029385271744104104,0.03768610790527115,0.4468756397254765,7.768905353546143,8.83402515053749,1.4825325446824233,,,,
1957,5.280640320160071e-06,0.09137737593458345,0.011555398199001355,0.0028005551652919773,0.03711689685393746,0.43773808957388005,7.784878172477087,8.846155931552252,1.474240713318189,,,,
1958,5.181090545272631e-06,0.09310012931625049,0.011156237428321347,0.002791619399370878,0.03667853686880941,0.43289822184791166,7.71020278930664,8.745714432001114,1.465675745656093,,,,
1959,5.0815407703851915e-06,0.09205281731362144,0.012718445971967984,0.002792227780294828,0.036679157432323944,0.4342688870616257,7.7568498134613035,8.8682794769605,1.4854880479474863,,,,
1960,4.981990995497752e-06,0.09590826296868424,0.012477509740804794,0.0029096911730448483,0.03830687736238663,0.451205014778922,7.931536996364594,9.02088306347529,1.5021791100502013,23.11162277417598,0.6403897218171214,24.05515762564142,0.6773447538434364
1961,4.882441220610285e-06,0.09186681036371738,0.015812468417740606,0.0028899368062411668,0.03696883701874564,0.4330833804483215,7.759853172302246,8.849496630827586,1.478283336261908,,,,
1962,4.782891445722845e-06,0.0930194219884773,0.011017337382262278,0.002809646590124733,0.03678258561994881,0.43203825894743203,7.751530886689822,8.810341733694077,1.475446627040704,,,,
1963,4.683341670835432e-06,0.09042703041341156,0.011755256280785324,0.0026684288455726345,0.036804209884333736,0.43065544171258807,7.766390902797381,8.777334027489026,1.4488857051978508,,,,
1964,4.5837918959479925e-06,0.09677979981061072,0.012094243549290533,0.0030334539076648072,0.037540179698650415,0.4400521397590637,7.808429705103238,8.854191133379937,1.4966945325334866,,,,
1965,4.484242121060526e-06,0.09698813523476323,0.011539254569111002,0.0029631055921830315,0.03773247434291989,0.44636613577604295,7.8910698056221005,8.979822168747583,1.5014154476424058,,,,
1966,4.384692346173086e-06,0.09206961141899228,0.01439248628417203,0.002854351328278426,0.03687719594454393,0.4322471889977654,7.766506000359853,8.807006462415059,1.467403644323349,,,,
1967,4.285142571285646e-06,0.095544853201136,0.011504154895648473,0.002886847660859833,0.038452111141911396,0.44864301892618336,7.968957078456879,9.007950912912687,1.4922061378757159,,,,
1968,4.185592796398179e-06,0.09739372777597358,0.012792543866535685,0.0029819627130564185,0.03739009718798722,0.44059055068840586,7.795912063121795,8.891169981161754,1.4957911704977354,,,,
1969,4.086043021510766e-06,0.09392640672934552,0.010163372779584175,0.0028826514728280015,0.03692650425558289,0.4346672453607122,7.706383416056633,8.765589825312297,1.4686403249700863,,,,
1970,3.986493246623327e-06,0.09030481213703752,0.012978512947149294,0.002720371679000285,0.036233129643369465,0.4272054679381351,7.694422972202301,8.769689842065175,1.4585473753511906,23.11858492200955,0.641183877231954,24.063655665553927,0.6774164334139591
1971,3.88694347173586e-06,0.09104133405101796,0.012009304297868787,0.0028429296784149,0.03807174311950803,0.4494358383739988,7.869745230674743,8.851942324638367,1.4720315928260486,,,,
1972,3.78739369684842e-06,0.09471923220747461,0.010795225992184838,0.002743617640529313,0.0357712948267969,0.4190497868383924,7.585243040323258,8.723919336001078,1.4694438358147939,,,,
1973,3.68784392196098e-06,0.09394651046022773,0.01255906881003388,0.0028754919302931134,0.03762577660381794,0.4432021396545072,7.827114125092824,8.900990243752798,1.4850328663984935,,,,
1974,3.5882941470735403e-06,0.08635049982306858,0.010287412725566903,0.0029121661127646803,0.03661239149126535,0.4340399719153841,7.670616220434507,8.76560097138087,1.4744701777895293,,,,
1975,3.4887443721861005e-06,0.09327085244779786,0.01131747194786951,0.0029135487657185877,0.03626238014160966,0.4284808830668529,7.646266814072927,8.770159872372945,1.4824626920123896,,,,
1976,3.3891945972986607e-06,0.08913482012382398,0.012590966632251722,0.002670004942228843,0.03604642015416175,0.42509169966603316,7.586012229323387,8.60992235839367,1.435736957192421,,,,
1977,3.289644822411194e-06,0.09191243004364272,0.011249610864795005,0.0030448943760347904,0.03774097348408153,0.44478084665412704,7.82310848236084,8.950884411732355,1.5046373282869656,,,,
1978,3.190095047523754e-06,0.09719532842282205,0.012090176016597084,0.0030512914773074347,0.038052419961119695,0.45006140172481535,7.888106195131938,9.00626960992813,1.515691351890564,,,,
1979,3.0905452726363142e-06,0.09719267311350753,0.010942748072963878,0.00276040011922305,0.03748293550840268,0.4419182655401528,7.830408640702566,8.90551261305809,1.475269995133082,,,,
1980,2.9909954977488744e-06,0.10217729706782848,0.011633016409208441,0.003099795963377498,0.03767105299824228,0.44204890690743925,7.904370391368866,9.040060119827588,1.526289407412211,23.104598724478066,0.6407913238822006,24.067872347542203,0.6774460978430862
1981,2.8914457228614346e-06,0.09202163455386957,0.012253076911067013,0.0028972148119161528,0.03719453366938978,0.4422703318297863,7.781799242893855,8.83704478740692,1.4816214382648467,,,,
1982,2.791895947973995e-06,0.09128676267185559,0.012845017799855673,0.0028916441655079932,0.037261428121322146,0.4396966945690413,7.774716548124949,8.817560011148453,1.4763674738506476,,,,
1983,2.692346173086528e-06,0.09538645202604433,0.013004373352463546,0.00282907217212293,0.037340178270824254,0.43789034442355235,7.808189564943314,8.920201134681701,1.4891704579194387,,,,
1984,2.592796398199088e-06,0.09644635824952275,0.014811511422956617,0.0029703689631787713,0.03740014359743024,0.4441774164326489,7.846634684006373,8.90368690888087,1.492269225170215,,,,
1985,2.4932466233116483e-06,0.09852572165740033,0.013455477539158042,0.002979819783407341,0.037498606698742755,0.4410295057110488,7.839787650108337,8.98451345761617,1.5064844623208047,,,,
1986,2.3936968484242086e-06,0.09246993533646067,0.011861454205782707,0.00291503892228017,0.03677230495183418,0.43647987556954226,7.6972138017416,8.759730885426203,1.47727609227101,,,,
1987,2.2941470735367688e-06,0.09775089463219047,0.013442083384202445,0.002997703887528284,0.03664065400177303,0.43038381294657785,7.699910404284795,8.810811740159988,1.4961808351178965,,,,
1988,2.194597298649329e-06,0.0938048614266639,0.010541543233266785,0.002801318009702906,0.037169047586697465,0.44089044888193407,7.769615519046783,8.851750767230987,1.476212911804517,,,,
1989,2.095047523761889e-06,0.09142803838088488,0.011274981086164848,0.0028172888257055697,0.036018756420041126,0.42431196992595993,7.644883453845978,8.699338628848393,1.4567112671832243,,,,
1990,1.9954977488744223e-06,0.1003922822419554,0.01272176317073157,0.002736644606284244,0.03771490231156349,0.44354908441503843,7.824309374888738,8.894509045283,1.4801354127625623,23.132493681900502,0.6412096269125861,24.066948724942275,0.6774652982733933
1991,1.8959479739869825e-06,0.0902941486875837,0.011258067691550711,0.002898159825599578,0.037351018632762134,0.44128496358171104,7.748128046592076,8.78022165397803,1.4630877944330374,,,,
1992,1.7963981990995698e-06,0.09703321535295496,0.012721481618342951,0.002909030267316363,0.03728373422054574,0.4369639088089267,7.881029044588407,8.954802766442299,1.4919785345594088,,,,
1993,1.6968484242121029e-06,0.08758660516080757,0.011425458320554563,0.0026837973709916696,0.035753280215431005,0.42142105018720033,7.555842489997546,8.640836695830027,1.4417597239216169,,,,
1994,1.597298649324663e-06,0.08867309224636605,0.010859738034425793,0.002713395785516089,0.036871239475052185,0.43380286695125203,7.7490164786577225,8.803389739990234,1.4627864591777324,,,,
1995,1.4977488744372233e-06,0.09068766760950288,0.01174784599480135,0.0027438042393744884,0.035881793627049775,0.4232287906110287,7.660261835654577,8.75505560040474,1.4690684909621874,,,,
1996,1.3981990995497564e-06,0.09099367885695149,0.013951464229572904,0.0029314825478043835,0.037521907058544454,0.44491624596218265,7.7818765342235565,8.84865815937519,1.4924125055472055,,,,
1997,1.2986493246623166e-06,0.09610529204364866,0.01102641885919654,0.0029349999402559965,0.03695845446394135,0.43737843638906876,7.7476727594931925,8.851449116071064,1.4898411974310874,,,,
1998,1.199099549774904e-06,0.09290280670393258,0.010214766658387735,0.002682668761493308,0.03683457371080294,0.43176353179539245,7.784866996606191,8.844320158163706,1.4594306819140912,,,,
1999,1.099549774887437e-06,0.08812906259360413,0.011006000516051133,0.0028146725070352357,0.03715326576881731,0.4396750229100386,7.7122661372025805,8.802851883570353,1.4748491778969766,,,,
2000,9.999999999999972e-07,0.09272286305980136,0.012649141210822739,0.0029392948876496424,0.0379800986032933,0.4552154007678231,7.904115076859792,8.879884807268779,1.4734295504788557,23.10924470139829,0.6405972354962086,24.06069499551185,0.6774850814521173
2001,1.8914883026381374e-06,0.09612819899339228,0.010570311835474477,0.0030858230171967684,0.03786596704740077,0.44967071345696846,7.851592630147934,9.002656575043996,1.5157068856060505,,,,
2002,1.7924340467894491e-06,0.09094206672161817,0.01130922781459751,0.0027632770874030637,0.03707897825709854,0.43826671161999303,7.740586872895559,8.76362304488818,1.4624152018378178,,,,
2003,1.6933797909407609e-06,0.09472773555510988,0.012672931095031951,0.00299673559417594,0.037185163050889966,0.4364331449692448,7.723068543275198,8.830618822574616,1.4789925885697206,,,,
2004,1.5943255350920997e-06,0.0928230451963221,0.01231517314063592,0.0030108310423505222,0.03808047095468889,0.4478020578001936,7.788016806046168,8.858457547426223,1.4800416486958663,,,,
2005,1.4952712792434114e-06,0.09011371500479678,0.013289365754503917,0.0028623814946210284,0.03607720125777026,0.4286820627748966,7.608988100290299,8.713620189825694,1.4668895910183588,,,,
2006,1.3962170233947232e-06,0.09010682948088894,0.011647859806915599,0.002771099190067616,0.036643246980383994,0.42914455238108834,7.637539986769358,8.696315612395605,1.4502446261545023,,,,
2007,1.297162767546035e-06,0.09298583180643619,0.013391044634466076,0.002814449756988324,0.037187318936533605,0.4325255601356427,7.774371795852979,8.884531340996425,1.4815937491754692,,,,
2008,1.1981085116973737e-06,0.098236032978942,0.013047419333807339,0.0029240600206928017,0.03735021265068402,0.435830050551643,7.778373968601227,8.818749845027924,1.477817673732837,,,,
2009,1.0990542558486855e-06,0.09694554770831018,0.010547079719904328,0.0029993966386731093,0.03715207429292301,0.4419207793350021,7.836510320504506,8.887424691518147,1.4961248474816482,,,,
2010,9.999999999999972e-07,0.09490692009373257,0.011743115899793008,0.002863340693935849,0.03669310664602866,0.43302876943101487,7.742748672763507,8.814904417594274,1.4809895388782024,23.11634872976183,0.6406324485975482,24.058754470410573,0.6774600969687986
2011,9.997749437359341e-05,0.10189407860549787,0.021089292899739064,0.003280423104994649,0.038142316066659986,0.45787275626013674,8.162428909540177,9.05580093463262,1.545368994275729,,,,
2012,9.992773193298324e-05,0.09263620328468582,0.015110733432497669,0.003022525778093647,0.0373758283094503,0.4434541743248701,7.926431552569071,8.789610166351,1.477666200697422,,,,
2013,9.987796949237309e-05,0.0974014336631323,0.01421772925429868,0.003077586444548312,0.03751230047782883,0.44040871206671,7.859768571456273,8.871251511573792,1.493734497576952,,,,
2014,9.982820705176295e-05,0.09618810459505767,0.030390072101475686,0.0031209872342515153,0.03842514264397323,0.4525679955879847,7.92071205774943,8.908206804593403,1.4970826290547847,,,,
2015,9.977844461115278e-05,0.09441467362921685,0.022824324012442134,0.0029863319115368842,0.036730893841013315,0.43343597259372474,7.762734361489614,8.785541959603627,1.4881941601634026,,,,
2016,9.972868217054263e-05,0.09559879458198944,0.027869538699562036,0.0028870343173669727,0.03707091441610828,0.43441344931100806,7.809659719467163,8.761953564484914,1.47314598908027,,,,
2017,9.967891972993249e-05,0.09769330360771468,0.02100033544887013,0.0029362373140732717,0.037779009107422705,0.4378954048578938,7.942433466513951,8.9620159526666,1.5043167293071746,,,,
2018,9.962915728932233e-05,0.10333426225309571,0.017310112924880213,0.0030834464841367057,0.03783265643675501,0.4413741696315507,7.9434701800346375,8.899242581923803,1.50087227858603,,,,
2019,9.957939484871219e-05,0.10172890527949979,0.016217987728607313,0.0031642113834095655,0.03823510731259982,0.4480762669816613,8.018588089942932,8.974033784866332,1.5207848561306794,,,,
2020,9.952963240810203e-05,0.09870694905985147,0.019639406650175998,0.002960203287996895,0.03720988961479937,0.43727459190413354,7.8763669461011885,8.885097245375315,1.5002857019503912,23.16570055466659,0.6413364373372338,24.0844545042607,0.6776310063248193
2021,9.947986996749187e-05,0.09576409709018965,0.027912931429979127,0.0029841506357721906,0.038054134549262625,0.4501268750677506,7.992141874631246,8.955182798703511,1.50392555569609,,,,
2022,9.943010752688173e-05,0.10130594380510351,0.01747132372277571,0.0028650624389532217,0.0371850290413325,0.4348772504677375,7.9509992877642315,8.958730218807856,1.503437730918328,,,,
2023,9.938034508627158e-05,0.09598105125284444,0.01427461527219657,0.0031444213675664895,0.037459678975089145,0.4425323707982898,7.858040439089139,8.851134202877681,1.5002810306847096,,,,
2024,9.933058264566141e-05,0.10037106087353702,0.021690007450027575,0.002996889294445282,0.03786866220762022,0.4410827542965611,7.90096717675527,8.919520539045333,1.5010299645364285,,,,
2025,9.928082020505127e-05,0.09574806263359885,0.02310193269204218,0.0029987152405738017,0.03827452562982216,0.4502885178041955,7.909909319877625,8.898844544092814,1.4931466738382975,,,,
2026,9.923105776444112e-05,0.10144289332286766,0.015218860863273835,0.002977041947269754,0.03849312950236102,0.45117836482822893,8.006696726878484,8.94548623363177,1.4991235842307409,,,,
2027,9.918129532383095e-05,0.09451407121183972,0.01803527438587989,0.0028344663231716066,0.03661754541487123,0.4271787869433562,7.7370775202910105,8.720220915476482,1.4641867232819399,,,,
2028,9.913153288322081e-05,0.1017220636907344,0.015315778986889761,0.003077747954254543,0.038147499125140406,0.4458671707039078,7.958281950155894,9.004975638786952,1.5234386391937733,,,,
2029,9.908177044261066e-05,0.09491771835989009,0.01608032630265145,0.0031135006377856675,0.03734146015485749,0.43897427826498947,7.920050176978111,8.875740617513657,1.5012482274323702,,,,
2030,9.90320080020005e-05,0.09892955608665943,0.019182870357052625,0.0030284001174247046,0.03690299701411277,0.43576868089536824,7.814100152254104,8.766703526178995,1.4805747846762338,23.18246083844563,0.6421741872587376,24.091264156295157,0.677750302696449
2031,9.898224556139035e-05,0.10233170597348362,0.02022563921188967,0.003197776628318631,0.03788028997757162,0.44512858676413697,7.940016474326452,8.930188486973444,1.5133349133034548,,,,
2032,9.893248312078019e-05,0.10710750670793155,0.02290934609500684,0.0028980020819290076,0.03809976457462957,0.441163765018185,8.002303514877955,9.014700587590536,1.5130472620328268,,,,
2033,9.888272068017005e-05,0.10495729216684897,0.022318002309875004,0.002988898728381173,0.03748767570941709,0.43899304398025074,7.87501695950826,8.915426796674728,1.506342480580012,,,,
2034,9.88329582395599e-05,0.09279879082459956,0.019939337366288997,0.0028611491237522085,0.038095070600199205,0.45192527935529747,8.012311691045761,8.90746693412463,1.482508324086666,,,,
2035,9.878319579894973e-05,0.09614686048589646,0.01806090047188619,0.002889677505057383,0.03798989095375873,0.44692809373761216,7.9592797458171844,8.886312548319498,1.491043558716774,,,,
2036,9.873343335833959e-05,0.09731646830526491,0.017680862775413607,0.0029974607955712902,0.03750988042447716,0.4425225185851256,7.91518734395504,8.891710929075877,1.4980034994582334,,,,
2037,9.868367091772944e-05,0.09650020243910452,0.01809359678492844,0.002821513697502572,0.03724075319090237,0.43325454369187355,7.821734335025152,8.733925686279933,1.4627112405995528,,,,
2038,9.863390847711927e-05,0.0987688463802139,0.019208169932175067,0.0030598256867354697,0.03762278120654325,0.4451290263173481,7.92607266108195,8.90917482972145,1.5058763990799586,,,,
2039,9.858414603650913e-05,0.09868561528467884,0.017115277887722127,0.0032118651707302584,0.038184782882065824,0.44621329388270775,7.946444656451543,9.005088885625204,1.5315813402334848,,,,
2040,9.853438359589898e-05,0.09908393694398304,0.02582048482820672,0.003016227058590933,0.037819672065476574,0.4414110525511205,7.952818597356479,8.875074336926142,1.490373468399048,23.216321830879814,0.6428331179321997,24.105468890090997,0.6776915561434941
2041,9.848462115528881e-05,0.09802916270370285,0.020847021965967015,0.002975303454635044,0.03778996173447619,0.4416338276738922,7.885673956076304,8.882387963930766,1.4902232910195987,,,,
2042,9.843485871467867e-05,0.09499633882272368,0.01863234516130531,0.002668894971126671,0.0360115832144705,0.4217240456491709,7.80580315788587,8.788440203666687,1.4684378375609717,,,,
2043,9.838509627406852e-05,0.10209005023352802,0.01572898971711189,0.003023084559875618,0.03835001656164726,0.45018325010314586,8.004075582822164,9.055231416225434,1.5233261530598006,,,,
2044,9.833533383345837e-05,0.10492501164941738,0.019833437970792792,0.0031426783738425002,0.03815633032160501,0.4486118248353402,7.973924100399017,8.936538195610046,1.5090092860162259,,,,
2045,9.828557139284822e-05,0.0973656415939331,0.02704538267172083,0.0030507214290992125,0.038107714941725136,0.448515756148845,7.961976820230484,8.927383248011271,1.5009549592932065,,,,
2046,9.823580895223808e-05,0.09891308603497843,0.01995601463382002,0.003178594942316219,0.0378904309667026,0.44287268988167244,7.944169049461682,9.037493493159612,1.5301689284543196,,,,
2047,9.818604651162791e-05,0.09647939120574543,0.018007365180962687,0.0030098753116665953,0.037318291631527244,0.44091476037477456,7.899654918909073,8.874452684322993,1.5046836771070957,,,,
2048,9.813628407101776e-05,0.09327734826753536,0.018865736460018337,0.0029730100608503563,0.03796141709511479,0.449980418321987,7.9238070249557495,8.913186639547348,1.4978006894389788,,,,
2049,9.808652163040759e-05,0.09386871168389917,0.016805386432139018,0.0028971349420620148,0.03745846636011265,0.44385638839254776,7.892713576555252,8.90105282664299,1.4993503851195176,,,,
2050,9.803675918979745e-05,0.09402600683582325,0.017816228805993716,0.002857887010638175,0.037570449620640524,0.44726312821730974,7.948153829574585,8.92563450038433,1.486131492505471,23.23319165640229,0.6437694261109214,24.110918914426126,0.6778924947819411
2051,9.79869967491873e-05,0.09830834229166309,0.01666203998310844,0.0029579605368780905,0.037627462262753396,0.44408098977680005,7.923146990935008,8.885847602287928,1.4942692240079245,,,,
2052,9.793723430857713e-05,0.10350251151248813,0.017207369502491316,0.0029940124551406672,0.03795747137240445,0.44100815039128066,7.881280101339022,8.862407350540161,1.4871144493420918,,,,
2053,9.788747186796699e-05,0.10241457066343476,0.01997075355602389,0.003152121673701913,0.038401636492926626,0.45412773163989184,7.926729057232539,8.925168003638586,1.5128101368745168,,,,
2054,9.783770942735684e-05,0.09470453865360469,0.014668987157224164,0.0030177756040454065,0.03724116700080534,0.4375867753910522,7.777861809730529,8.753074769179026,1.4803134938081106,,,,
2055,9.778794698674669e-05,0.09423588728532195,0.026294994969247802,0.0027337905198995334,0.035938444518251345,0.41968537230665487,7.784409962097803,8.731357329090436,1.4585152770082155,,,,
2056,9.773818454613654e-05,0.101751707540825,0.021194698787880977,0.0029259682284343094,0.038273929148757206,0.4499456929663817,7.957621296246846,8.879933631420135,1.479045586536328,,,,
2057,9.76884221055264e-05,0.09581714566641798,0.01402482440749709,0.0029102450288822487,0.037262094160541895,0.4395731107331812,7.889325684309005,8.899802227814993,1.4900923858086268,,,,
2058,9.763865966491623e-05,0.10123680353475113,0.018337457220752758,0.003133913221305799,0.038084302520534644,0.44919830951839684,7.991111832857132,8.976212205489476,1.5168521642684936,,,,
2059,9.758889722430608e-05,0.09937154205981642,0.028114518998731932,0.002823904795938385,0.03680963385268114,0.42870516230662664,7.807246795296669,8.86126377383868,1.4894093982875347,,,,
2060,9.753913478369594e-05,0.09539488980080932,0.023186935930071328,0.0028662716926343514,0.036792815915153675,0.4294359814065198,7.798919626077017,8.824773826201756,1.486512407163779,23.248060846405913,0.6440871640282246,24.11582391912071,0.6781221271162796
2061,9.748937234308577e-05,0.09229232392584284,0.01880362553193926,0.00295227753964961,0.03675430503984292,0.43520373770346243,7.860038989782334,8.847207724054654,1.4856757047275702,,,,
2062,9.743960990247562e-05,0.10045477075036616,0.016808954489346415,0.0030143997966054787,0.03824849811110956,0.44774897598351043,7.9659710139036175,8.935025147596996,1.4954614371061326,,,,
2063,9.738984746186548e-05,0.09740180840405326,0.013900298796200456,0.003072726874840252,0.03757513224457701,0.44390579909086225,7.862418696284294,8.8586179236571,1.4963987285892169,,,,
2064,9.734008502125531e-05,0.09844850533020993,0.016231696794705968,0.002975511099339201,0.038054412459799396,0.4460666710200409,7.883842727541923,8.862743214766185,1.4836327408750851,,,,
2065,9.729032258064516e-05,0.10021206951544931,0.018077432642109273,0.0029591199006063105,0.03772651438290874,0.4439422641570369,7.95210354924202,8.952621964613597,1.5042433152596155,,,,
2066,9.724056014003502e-05,0.09478063445227841,0.015114538994652834,0.0029625580995949956,0.03774567702397083,0.4425012566770116,7.932315950592359,8.926818984746934,1.4992316703001658,,,,
2067,9.719079769942486e-05,0.0931825197301805,0.01618091790931769,0.0026869454326515553,0.03713627804536372,0.4345172317698598,7.861631332834562,8.770560413599014,1.4547938170532386,,,,
2068,9.71410352588147e-05,0.1009470211652418,0.01550355257157913,0.003146348349764594,0.03768277911003679,0.4446317062402765,7.88555816411972,8.866008387009304,1.5024197032054265,,,,
2069,9.709127281820455e-05,0.10086934696106861,0.015105430618746156,0.002996072606826298,0.038053117350985606,0.44665437275543807,7.981953603029251,8.957554588715235,1.503004003316164,,,,
2070,9.70415103775944e-05,0.10543843402216832,0.02170320837092839,0.003115385185901687,0.03838939349322269,0.44617265708123643,7.930872050921122,8.924349422256151,1.5037747016797463,23.267485268934852,0.6444210925995163,24.11910434226491,0.6782832938171696
2071,9.699174793698426e-05,0.0974086816655472,0.023923486801053533,0.0030022961265482686,0.03688296167723214,0.4362777000137915,7.880837697784106,8.869644832611083,1.5026392205307881,,,,
2072,9.694198549637409e-05,0.09879234776211282,0.020012189178980844,0.003041506684591392,0.03769956582303469,0.43882123585790395,7.866919302940369,8.914142020543416,1.5063284628093243,,,,
2073,9.689222305576394e-05,0.09989358313226451,0.018206761929592565,0.002969966476121044,0.037759411269022776,0.44106740203375616,7.949531843264897,8.960406676928203,1.5012196260193984,,,,
2074,9.68424606151538e-05,0.09653119158465415,0.01588440974827899,0.0029531239100227444,0.0370106183225289,0.42784912660717966,7.832125094532967,8.81391184926033,1.4856224315861861,,,,
2075,9.679269817454363e-05,0.09596835502112905,0.02158767140304493,0.002932512579961137,0.03660151830408722,0.42881465336928765,7.834115064144134,8.824962490797043,1.4820017740130424,,,,
2076,9.674293573393348e-05,0.09407422918981562,0.018523789110078206,0.002754752949840622,0.036428329406771806,0.42693362686162195,7.6922208597262705,8.601399181286494,1.4457712903618813,,,,
2077,9.669317329332334e-05,0.09656331650912761,0.016001055696411578,0.002977386075872346,0.03784912758662055,0.4434088485315442,8.003744163115819,8.921255501111348,1.4864321721096834,,,,
2078,9.664341085271317e-05,0.09917736975476146,0.01581658890791721,0.0031499697666731662,0.03850277660336966,0.45272429324686525,7.958654352029165,8.94861880938212,1.5145681470632553,,,,
2079,9.659364841210302e-05,0.09943315794225782,0.029223255514944313,0.003225311879335398,0.037409293034579606,0.43744695304582515,7.824730555216472,8.818868978818257,1.494497682650884,,,,
2080,9.654388597149288e-05,0.10024639368833353,0.02821123564049349,0.0030123697872719885,0.0382776762979726,0.45275922675306596,8.049587657054266,9.02092204093933,1.518500597278277,23.249347348826316,0.6440291792254962,24.105373906778155,0.6779941983055905
2081,9.649412353088272e-05,0.09766422805842012,0.020041376054918323,0.003091556540130114,0.037963778145300844,0.4447323865878085,7.910952615737915,8.898660069704055,1.5043949343264102,,,,
2082,9.644436109027258e-05,0.09952243394994488,0.022428463265079152,0.002899797886190451,0.03800551905684794,0.4425436956807971,7.965328099330266,8.98949302236239,1.5050561440487702,,,,
2083,9.639459864966243e-05,0.10203919043609251,0.01479672650809268,0.0030891485720227745,0.037645432688683894,0.44339926017758746,7.899966615438461,8.919126853346825,1.503754198551178,,,,
2084,9.634483620905226e-05,0.094419381270806,0.014574477666625955,0.0028211347473491816,0.03686753309642275,0.43179804052536686,7.766621748606364,8.753648189703624,1.4625733494758606,,,,
2085,9.629507376844212e-05,0.09796268403685342,0.018318119926019526,0.002927568826271454,0.03664113574195653,0.43111993980904423,7.827633200089137,8.801164209842682,1.4799132386843363,,,,
2086,9.624531132783197e-05,0.09893931016946832,0.018142378534994563,0.0030061586667822363,0.03784170978081723,0.44630603048329553,7.838215726613998,8.783187251289686,1.482746957242489,,,,
2087,9.61955488872218e-05,0.10117232113455733,0.01799455484607786,0.0030470421374654204,0.03724421503720805,0.43300008655836186,7.811039618651072,8.785117563605308,1.483962136755387,,,,
2088,9.614578644661166e-05,0.10143000604584813,0.018124717047604197,0.002996927716958453,0.037541217104687045,0.4386822485054533,7.839673739671707,8.864967240889866,1.5005505169431368,,,,
2089,9.609602400600149e-05,0.09920869143679738,0.0202154031716587,0.0029195081395907135,0.037634233951879044,0.44187559463704623,7.973467447360357,8.922246938943863,1.4977462952335676,,,,
2090,9.604626156539134e-05,0.09614478774989645,0.015088303653734059,0.0029356035162588037,0.038124940222284444,0.44953621725241344,7.982476055622101,8.99115166068077,1.5053811194996038,23.235292016361374,0.6441873062424369,24.071110412515893,0.6775858000846455
2091,9.59964991247812e-05,0.09828457119874656,0.019252506211802908,0.0031347436987137676,0.038156883137223,0.44867838301385443,8.079134903351466,9.126856090625127,1.537105310956637,,,,
2092,9.594673668417104e-05,0.09835029737247775,0.01976851474785608,0.0030391278181317225,0.03794903975212947,0.4435648009801904,7.901369100809097,8.866445636749267,1.4907416028281053,,,,
2093,9.58969742435609e-05,0.10073255977282922,0.01977439824933788,0.003007873141177697,0.037776544061489406,0.44152322771648567,7.872268824776014,8.888275281588237,1.4939425364136696,,,,
2094,9.584721180295075e-05,0.09961026620585471,0.019373172593014378,0.0029578079182707977,0.03679933496750891,0.4339634450773398,7.807859668135643,8.797322583198547,1.487851411352555,,,,
2095,9.579744936234058e-05,0.10050956578925252,0.01930004977123483,0.002943931901245378,0.037658634700346735,0.4429811864470442,7.99142410159111,8.931953926881155,1.492759097367525,,,,
2096,9.574768692173044e-05,0.09760872915697595,0.019064425427947226,0.0029704181774529085,0.03763937655215462,0.44320730939507486,7.90101169347763,8.818834228316943,1.4925860931475958,,,,
2097,9.56979244811203e-05,0.0971774915776526,0.01846228871354789,0.002923833356241327,0.037631144582216315,0.4435547194133202,7.900929981470108,8.870824058850607,1.492106767743826,,,,
2098,9.564816204051012e-05,0.09954498837857197,0.023182969047472596,0.002959701001843011,0.037057651507590585,0.4334731741808355,7.816893800099691,8.822928436597188,1.4922399419049421,,,,
2099,9.559839959989998e-05,0.09832882568395386,0.017066778546642306,0.003045557719936672,0.037648115889169276,0.43942484923948844,7.8290301581223805,8.830759088198343,1.4874395079910756,,,,
2100,9.554863715928983e-05,0.0905034953262657,0.015189312029122022,0.002874001513979844,0.03724992364489784,0.4399337096139789,7.82024986743927,8.723915968338648,1.4586159373323122,23.23835975400751,0.6441925903135298,24.06444079756492,0.6774127462734523
2101,9.549887471867966e-05,0.10683479815876733,0.01779750462595609,0.003221295338153141,0.03776061844934399,0.4428047650804122,7.88892478744189,8.885029496749242,1.5156908541917802,,,,
2102,9.544911227806952e-05,0.09924912193479637,0.01722203146971874,0.002942153902889307,0.0385465226524199,0.4516082200842599,7.983714194099108,9.00973302523295,1.5128726502259573,,,,
2103,9.539934983745937e-05,0.09917315752245486,0.015523094321973355,0.002921602874691113,0.03682199344038963,0.43099628066023193,7.826944955190023,8.846401562293371,1.4868237612148125,,,,
2104,9.534958739684922e-05,0.10211696785409004,0.020780001086910478,0.0029848974640723706,0.037563573204291364,0.4382290134827296,7.8982275744279224,8.882407126824061,1.504722110182047,,,,
2105,9.529982495623907e-05,0.09487482258894792,0.017582494488145646,0.0029452907117956785,0.03736379688295225,0.4388298694665233,7.900127444664637,8.912358717123668,1.4999612160027027,,,,
2106,9.52500625156289e-05,0.09999255482883503,0.015763539104886228,0.002894249495875556,0.03848060718155466,0.44601189078142245,7.9171947062015535,8.851928738753001,1.4776966807742913,,,,
2107,9.520030007501876e-05,0.09917130044195802,0.017047759870009706,0.002803022091393359,0.03863689820282161,0.4555771744189163,8.01387825012207,8.966060884793599,1.480454953511556,,,,
2108,9.515053763440861e-05,0.10136186707920085,0.018394137332641915,0.002976803187660456,0.03656159876651752,0.43187778210267425,7.81277305483818,8.806507671872774,1.492249821126461,,,,
2109,9.510077519379844e-05,0.09590780213475228,0.019580444807787423,0.0029484291682213854,0.03659030344570056,0.43136049040282765,7.731194641192754,8.726647824048996,1.484479205061992,,,,
2110,9.50510127531883e-05,0.09878152720630169,0.021354633753863143,0.003065132318261021,0.03791695988038555,0.44978833980858324,7.923807799816132,8.954832687973976,1.5114992494384447,23.210921516752755,0.6435504500492152,24.067976394963043,0.6774625708378558
2111,9.500125031257815e-05,0.10071328044869006,0.017190920800182436,0.003132262997435949,0.03822838027651111,0.44860429043571154,7.999896576007207,9.056390754381816,1.525595132013162,,,,
2112,9.495148787196798e-05,0.10214296965083729,0.016180957927771307,0.002961158953561001,0.03782490546970318,0.4424264857235054,7.943446320295334,8.954191177090008,1.5066534871856372,,,,
2113,9.490172543135784e-05,0.10281663099303842,0.020742821257124493,0.0029283165118613396,0.03809037754544988,0.4445485576055944,7.983298787474633,8.992861300706863,1.5098397361735503,,,,
2114,9.48519629907477e-05,0.09602743880047153,0.01622566109241991,0.002960911412568142,0.038482767906195176,0.4536908318599065,7.92017147342364,8.911948049068451,1.489652620255947,,,,
2115,9.480220055013754e-05,0.09793991874127338,0.01799488299811074,0.002999999647848502,0.037682416286164276,0.4438273768251141,7.910405332843463,8.883613036076229,1.4944350856045883,,,,
2116,9.475243810952738e-05,0.09955251155576358,0.0255080485890811,0.003094450532898918,0.03770722093371053,0.44183884306500354,7.84952598909537,8.88472585082054,1.511766372124354,,,,
2117,9.470267566891723e-05,0.10166828301735223,0.01714693199839908,0.0029472677134738962,0.03799892601867517,0.4441400868818164,8.001167159279188,9.01829358736674,1.5048243569831052,,,,
2118,9.465291322830708e-05,0.10057497726908575,0.0187172550091305,0.0030742504208622753,0.0385550814428522,0.4528925556689501,7.997537188728651,9.041906120379766,1.5198422022163869,,,,
2119,9.460315078769693e-05,0.09907583796884864,0.024966708357742316,0.0029887408581998898,0.037623054633149876,0.4386705181871851,7.830458142360052,8.800595945119857,1.4826642625033855,,,,
2120,9.455338834708679e-05,0.09543545582176496,0.023378368016125754,0.0029275956400548844,0.03759688291271838,0.446549219203492,7.945912949244181,8.99501902659734,1.5051591629783312,23.220290149084647,0.6438783299758492,24.084219178923604,0.6776367653003298
2121,9.450362590647662e-05,0.09829861241548012,0.022094842179109266,0.0029248004599139676,0.0382225676982974,0.4476861032967766,7.971302195390066,8.984903204441071,1.5050682986776034,,,,
2122,9.445386346586647e-05,0.09663290528114885,0.019034489036054935,0.00289875771535056,0.03774411133878554,0.4451668305322528,7.903588872154554,8.880479252338409,1.4843675285577773,,,,
2123,9.440410102525633e-05,0.09717065680306405,0.01663300378778656,0.002957930405591469,0.03773657330699886,0.43950278299550216,7.939109647274018,8.907765076557796,1.4905963438252607,,,,
2124,9.435433858464616e-05,0.09745279382914304,0.020382913864293428,0.003060544198342541,0.03776814595330506,0.4465419977903366,7.996045305331548,8.947895361979802,1.508258767426014,,,,
2125,9.430457614403601e-05,0.09406112746025125,0.02274611617061299,0.0028671547244812244,0.037789297639392316,0.44722107173874975,8.024203431606292,8.941947889328002,1.499452525873979,,,,
2126,9.425481370342584e-05,0.09483341008114318,0.021009077149452913,0.0029205115250685292,0.037225264388447005,0.43376517180974283,7.881436669826508,8.858020967245102,1.4895653332273164,,,,
2127,9.42050512628157e-05,0.09978235839710882,0.019098813026567744,0.0030438955959349793,0.03704279727535322,0.4341851190663874,7.814985253413519,8.797183485825856,1.4930953008433183,,,,
2128,9.415528882220555e-05,0.09723400780931116,0.0301637534774148,0.0028827804896233524,0.03776748937865098,0.44570060313368837,7.984793342153231,8.986247197786968,1.5024736716101568,,,,
2129,9.41055263815954e-05,0.09829552037020524,0.015472480512823683,0.002961354660753083,0.03702901387199139,0.4341444286517799,7.840138496955236,8.868992720047633,1.4929056338965894,,,,
2130,9.405576394098525e-05,0.09808848577085882,0.019451282843527387,0.002870036491549399,0.03662360663680981,0.43009784671788415,7.800210401415825,8.800022393465042,1.4864461397131283,23.22549509953269,0.6432860635391813,24.09254511960489,0.6778091837393649
2131,9.400600150037511e-05,0.09767507943324745,0.019522945323245722,0.002884976322942142,0.03804177628286804,0.4427386883025368,8.024146989981334,9.042759956916173,1.5072907231748105,,,,
2132,9.395623905976494e-05,0.09597890691366047,0.016182248364307632,0.00291265317688764,0.037355070448635765,0.4397450886666775,7.9309240728616714,8.913137177626291,1.493812129398187,,,,
2133,9.390647661915479e-05,0.09916824291770657,0.019004169242019427,0.0030384756057780277,0.038169891317375006,0.4499531344510615,8.031473936637243,9.001679358879725,1.5079699459175269,,,,
2134,9.385671417854465e-05,0.09824553606255601,0.018111631042650286,0.0028990605113904167,0.03768291980959475,0.4429596320105096,7.845084132750829,8.814560828606288,1.4790779205660025,,,,
2135,9.380695173793448e-05,0.0931777117230619,0.017345676796879032,0.002748853774149514,0.036706549218312526,0.4310446021457513,7.772849323352178,8.739459943771362,1.464958393573761,,,,
2136,9.375718929732433e-05,0.09904851682949811,0.01687739697408839,0.003112034744359941,0.038146244315430525,0.4479689964093268,7.9757589528958,8.966431272029876,1.5075282037258149,,,,
2137,9.370742685671419e-05,0.09955670880929877,0.020288037324889707,0.002885480292691985,0.037575768132228404,0.43530227535714705,7.933430053790411,8.8694393992424,1.483812009791533,,,,
2138,9.365766441610402e-05,0.09689200811553747,0.015591758841031537,0.003065256511460272,0.03764170933282003,0.4379259408606837,7.816883771618207,8.796703816453617,1.4884550413737694,,,,
2139,9.360790197549387e-05,0.09525086996145546,0.01589333578220877,0.0031091822927919567,0.037545284659912186,0.44260696684941647,7.906876182556152,8.918434079488119,1.50368812084198,,,,
2140,9.355813953488373e-05,0.09984857363936801,0.01994811743631934,0.003011044625327486,0.03799586615835627,0.44633900932967663,7.884494943420092,8.799174878994624,1.4818333968520165,23.22345535552837,0.643183438690075,24.103448281361093,0.6779371251318848
2141,9.350837709427357e-05,0.1038049332642307,0.014320190056982086,0.003290009915842044,0.038256210470960166,0.4496087146612505,8.100468555092812,9.113067617019018,1.5423709432284036,,,,
2142,9.345861465366343e-05,0.09859928246587515,0.01877033292228063,0.003004664966283599,0.03789041958904515,0.4458995660766959,7.963681741555532,9.039097807804744,1.5184831231832505,,,,
2143,9.340885221305328e-05,0.09884370550668488,0.019493591749857053,0.002965670435090336,0.0374726734298747,0.4399923339796563,7.8839849154154455,8.943481808900833,1.5043048390497764,,,,
2144,9.335908977244311e-05,0.10196619361328582,0.018366073907507285,0.0030433815479530796,0.03792105197596053,0.446052246602873,7.9798052151997885,9.05619364976883,1.5258140042424202,,,,
2145,9.330932733183297e-05,0.09726320186940332,0.024553571702724732,0.0029789447064104023,0.037892781688909354,0.4465745267147819,7.958506254355113,8.948569216330846,1.5002306605378786,,,,
2146,9.32595648912228e-05,0.09623935998727878,0.02577541365574258,0.0028456574505980824,0.036802736999622235,0.4308462942019105,7.800384227434794,8.853625025351842,1.4861286347111067,,,,
2147,9.320980245061265e-05,0.10099924444997062,0.01676509107889821,0.00306699812693599,0.037800139316823335,0.44915004167705774,7.914438426494598,8.890833085775375,1.5021051113804182,,,,
2148,9.316004001000251e-05,0.10045452842799325,0.013850735533125451,0.002912497054421692,0.03783847967473169,0.4458821845861773,7.935544900099436,8.9051727861166,1.4967597941557567,,,,
2149,9.311027756939234e-05,0.09728462921145062,0.01545374376849627,0.002992166285730491,0.03757984344071398,0.44381020503739516,7.8774592200915015,8.8169071773688,1.48319279824694,,,,
2150,9.30605151287822e-05,0.10097828614525498,0.022376531251440273,0.0028470089585728906,0.03738699255045504,0.43647910399983325,7.802438215414683,8.791129142045975,1.4805810563266277,23.230706532675743,0.6433299756688516,24.134418260342823,0.6782213167705177
2151,9.301075268817205e-05,0.09531940733237813,0.01812993310041436,0.002896940306648806,0.03836242163864275,0.45265993491436046,7.90111721555392,8.86422827243805,1.4839499106009801,,,,
2152,9.296099024756189e-05,0.09764495793109139,0.016433415431852113,0.0029533656468023156,0.037031975539866833,0.4334714928952356,7.872436133027077,8.93194368481636,1.5108870394527911,,,,
2153,9.291122780695175e-05,0.1024162516153107,0.0183086603704135,0.0030881383412634023,0.038595021585933864,0.4517991886784633,8.000595859686534,9.057836679617564,1.5201415069401265,,,,
2154,9.286146536634159e-05,0.09981406750933577,0.021810037924525478,0.0028827506801462734,0.03688087648867319,0.4331765548946957,7.818636359771093,8.771413296461105,1.4755595547457536,,,,
2155,9.281170292573143e-05,0.09991225060075522,0.023989491782819113,0.003043545658510993,0.03686368276830763,0.43159676079327863,7.758525355656942,8.829730532566707,1.5021078112224737,,,,
2156,9.276194048512129e-05,0.09519280920891712,0.028339208441870798,0.002797237858643105,0.0372129552900636,0.4339474413078278,7.825487010677656,8.81985246837139,1.4796014544864495,,,,
2157,9.271217804451114e-05,0.0962316529204448,0.01647803930325201,0.0027564032610825962,0.03770703405219441,0.44261125729729733,7.851623639464378,8.831903129816055,1.4715497595568499,,,,
2158,9.266241560390097e-05,0.09919346756068989,0.016341437460104007,0.002938394706628363,0.037254857260268184,0.43862982566157976,7.858589216073354,8.910888162255286,1.5018096752464771,,,,
2159,9.261265316329083e-05,0.10153277403054138,0.015491348151591373,0.0029920224924959863,0.03741885827621445,0.4373488505060474,7.882103021939596,8.87012066046397,1.4961215106149515,,,,
2160,9.256289072268068e-05,0.10361918709240854,0.01698759109758322,0.003116699912789045,0.037277664333426705,0.437846475156645,7.872436090310415,8.91774102250735,1.5103340178728104,23.241882759287854,0.6434245660100063,24.13979938718338,0.6784591044862491
2161,9.251312828207051e-05,0.10289549725906302,0.01516123564278186,0.002958845138467344,0.038517716765636575,0.44917667135596273,7.8894532203674315,8.812091539303461,1.480215596407652,,,,
2162,9.246336584146037e-05,0.09575918258633465,0.01973334393043572,0.0028098063126890337,0.036678851880909254,0.4295298213760058,7.802970418334008,8.80949684480826,1.4777885633210341,,,,
2163,9.241360340085021e-05,0.103859056183137,0.017012547525876918,0.002933600354723846,0.037999074677160634,0.4450094667263329,7.872464019060135,8.86336168050766,1.484988128642241,,,,
2164,9.236384096024005e-05,0.09436625555002441,0.011780816798679216,0.00288985724861656,0.03708810889511369,0.43723297289883095,7.710789795716604,8.715685980518659,1.4589599954585235,,,,
2165,9.231407851962991e-05,0.09851932264864445,0.01824294431498356,0.002939342399137483,0.03815839435749998,0.44941200809553267,8.002205818891525,9.049983608722687,1.5105914110938707,,,,
2166,9.226431607901975e-05,0.0954772730357945,0.01785487797965953,0.0029614797413159977,0.03731263526327287,0.437529834980766,7.9286604762077335,8.886460669835408,1.4894273685912292,,,,
2167,9.221455363840961e-05,0.09337703010533005,0.017204638086160292,0.002879264329506744,0.03774467533609519,0.44400375920037427,7.877021340529124,8.874692855278651,1.4911880870660146,,,,
2168,9.216479119779946e-05,0.09281048171687871,0.018819958249480174,0.0028104374251294454,0.03715471290439988,0.4325088719837368,7.797997069358826,8.791073387861251,1.4653902761638165,,,,
2169,9.211502875718929e-05,0.09880072389884541,0.015839053416955254,0.003047697802927966,0.03754119797376916,0.4374713094594578,7.832233117024104,8.857456215222676,1.4992418850461642,,,,
2170,9.206526631657915e-05,0.10065378410896907,0.01750399146186267,0.0028828765762834033,0.03790025911293924,0.4462762547346453,7.945726243654887,8.949550926685333,1.4950432116786638,23.23287047241759,0.6425056609781837,24.12582296516459,0.6783747694202835
2171,9.2015503875969e-05,0.09727286488438645,0.01627932277732249,0.0027261205882192978,0.037305138372660925,0.43363461904227735,7.8088470260302225,8.773315342267354,1.457507358243068,,,,
2172,9.196574143535883e-05,0.09530105074712386,0.013170098350154251,0.0029733121474540287,0.03737996891528989,0.4366080969882508,7.838272960980733,8.825427135825157,1.4820857875049114,,,,
2173,9.191597899474869e-05,0.09968461097838978,0.014736267848191147,0.0029125023802104503,0.03714634588298698,0.4376938011497259,7.814903046687444,8.812626240650813,1.4806339944402376,,,,
2174,9.186621655413854e-05,0.09439817872674515,0.01821223520157044,0.002750272984121693,0.03725719139135132,0.44224841355656586,7.782047075033188,8.79942817290624,1.4669962736467521,,,,
2175,9.181645411352837e-05,0.10274273060883085,0.0191426499529206,0.0030852251982044737,0.03823231294130285,0.4455554739572108,7.963258192936579,8.970066340764363,1.513322508831819,,,,
2176,9.176669167291823e-05,0.09864653351251036,0.015496868509312615,0.002902736893399075,0.03788935162398654,0.4470156553511818,7.958999746044477,8.980655385057132,1.496789347132047,,,,
2177,9.171692923230808e-05,0.09549399321743597,0.0195132495456907,0.0028631976584771717,0.03643751732694606,0.4252395247264455,7.782901584108671,8.751342336336771,1.4781794374187787,,,,
2178,9.166716679169793e-05,0.10055349360530576,0.014516408484942919,0.002964233692424993,0.03819341361134623,0.4474645619280636,7.912646077076594,8.923485622803371,1.4918282287816207,,,,
2179,9.161740435108778e-05,0.09431897512016198,0.016335857143740105,0.00295118651198815,0.03807191948678034,0.4489008272687594,7.930808691183726,8.859556303421657,1.4757622234523295,,,,
2180,9.156764191047764e-05,0.09757737230199079,0.017348638298270113,0.0028268500050520136,0.03726889562094584,0.43420091141015293,7.815440373619397,8.754916761318842,1.4764388305445513,23.24212451858686,0.6432471861926492,24.11052176556836,0.6782413836858823
2181,9.151787946986747e-05,0.09568928956675032,0.013469217956901532,0.002920852130652444,0.03682923907569299,0.43205591465036075,7.799359271923701,8.791857010126114,1.4872765416900318,,,,
2182,9.146811702925732e-05,0.10249223686599483,0.016890085467845317,0.0030498791327166447,0.03858563281634512,0.45267610025281707,8.033923702438672,9.023571761449178,1.5144180305302144,,,,
2183,9.141835458864715e-05,0.09724045595309387,0.01805592272479434,0.002933811635921302,0.03671994421359462,0.43198132975958287,7.779317049185435,8.7589668293794,1.4844993188977242,,,,
2184,9.136859214803701e-05,0.10174819298554212,0.014422754891955636,0.0029245178985850846,0.03768114946627368,0.44184958906844257,7.944518960515658,8.963717813293139,1.5043525477250417,,,,
2185,9.131882970742686e-05,0.0972025408797587,0.02102299267067324,0.002874427029322154,0.037193857222640264,0.43575028305252395,7.787221819162369,8.849713591734568,1.4860464672247569,,,,
2186,9.126906726681669e-05,0.09782754704356193,0.02097376037112652,0.003007190041959499,0.03802036821143702,0.4506707739705841,7.9363057295481365,9.036427615086238,1.5193737809856733,,,,
2187,9.121930482620655e-05,0.09945689400192351,0.014838061216184192,0.003084202780337364,0.037753652637669194,0.445504863653332,7.908990820248921,8.95351221561432,1.5131238919993242,,,,
2188,9.11695423855964e-05,0.10159312948429336,0.018383003834957515,0.0029715314564479436,0.037560840610725184,0.4425916327163577,7.818424040079117,8.837607330083847,1.4989814668893815,,,,
2189,9.111977994498625e-05,0.09988868930377066,0.018127928954853104,0.003106618483070633,0.03746876788403218,0.44077179532808564,7.83315063516299,8.88736114303271,1.5085527556637923,,,,
2190,9.10700175043761e-05,0.09627893736275533,0.01878438908201273,0.002959046892162102,0.03708196052272494,0.4374602445711692,7.790296081701914,8.72907768090566,1.4711347331603368,23.253251325849565,0.6432168763067344,24.1211757503745,0.6783849837681184
2191,9.102025506376596e-05,0.09940721581224352,0.024336351407768426,0.0029272656295385485,0.03705424544750713,0.43425942237178483,7.83907256325086,8.810571119189262,1.4817359606424967,,,,
2192,9.097049262315579e-05,0.09384302312197784,0.018515428946516053,0.0028246467370991015,0.036618917041535796,0.42924868818372486,7.770728051662445,8.755518525838852,1.4802078838149706,,,,
2193,9.092073018254564e-05,0.10133768171072007,0.01866093158783239,0.0029021628016683582,0.03735885452091073,0.439392986955742,7.858451304833094,8.80724521080653,1.4779564092556636,,,,
2194,9.08709677419355e-05,0.09522015789989383,0.01816994098709846,0.0030197440756334496,0.037515557848382744,0.44011924487228193,7.7803734650214516,8.76486008365949,1.4751937359571456,,,,
2195,9.082120530132533e-05,0.09571286445328345,0.015907703072243443,0.00278060969649232,0.03775274367459739,0.4400695857902368,7.797168443600337,8.713845872879029,1.4541659725209077,,,,
2196,9.077144286071518e-05,0.09963457431488981,0.013487322781729224,0.003000808186273692,0.03849005419372891,0.4522631955022613,7.9045678605635965,8.896401113271713,1.4922629490494728,,,,
2197,9.072168042010504e-05,0.09264028524824729,0.016046930122412057,0.00290363841531871,0.03774859784559036,0.4405313854416211,7.862774450580279,8.794081044197082,1.4673250277837118,,,,
2198,9.067191797949487e-05,0.09846400132713219,0.014752861135600526,0.003025463374736622,0.037882614294843124,0.44127501531814534,7.953914662202199,8.969535497824351,1.511451777567466,,,,
2199,9.062215553888472e-05,0.09921187465855232,0.014737628736899981,0.002993494519008285,0.03756240878719837,0.43815872656802335,7.847316870093346,8.882045044501622,1.4942903084059556,,,,
2200,9.057239309827458e-05,0.09387796158747126,0.015921192947104857,0.002988518920877444,0.03727270170735816,0.43966754311695694,7.708605410655339,8.695804812510808,1.4719519806404908,23.261468072412068,0.6432050638037027,24.133639028545893,0.6784707983727016
2201,9.052263065766442e-05,0.09260061245101193,0.017412279398771466,0.0027456197489300394,0.037253834780616064,0.43686363818123936,7.832912105321884,8.780134882529577,1.4654509898275137,,,,
2202,9.047286821705426e-05,0.09928263630717993,0.0164057896106154,0.002949735566471645,0.03704090637814564,0.4327149822687109,7.803861472010612,8.780484359463056,1.4912672573079666,,,,
2203,9.04231057764441e-05,0.0984016102583458,0.022668210481920012,0.0029651226380337905,0.03713978142865623,0.4387334485227863,7.855072585741679,8.876666177312533,1.4951174118866524,,,,
2204,9.037334333583396e-05,0.09894596015413602,0.01963725318660415,0.003104058611218837,0.03788132910461475,0.4476296623547872,7.8628326912721,8.869052817424139,1.4973664405445257,,,,
2205,9.032358089522382e-05,0.09824881521053612,0.019490822582680097,0.0029663733338869255,0.037666781432926656,0.4443189444951713,7.850468568007151,8.807680914799372,1.4759691553811232,,,,
2206,9.027381845461365e-05,0.0968070476859187,0.020639679010055603,0.0029861951686446747,0.03756838621144804,0.4407105909039577,7.890893333156904,8.900898576776187,1.4951232415934403,,,,
2207,9.02240560140035e-05,0.09711144753576567,0.0188325848548948,0.0029180347233705105,0.03609493166829149,0.4217158670537174,7.685252112150192,8.620800814032554,1.455062847584486,,,,
2208,9.017429357339336e-05,0.09429414362336198,0.018854930791780362,0.002944541406395729,0.037947107455693185,0.44829492215067146,7.8625359753767645,8.82767993013064,1.481488719334205,,,,
2209,9.012453113278319e-05,0.0959403791387255,0.021958861452996904,0.0029516086307315465,0.037317331798840316,0.43445668251564107,7.865245846907298,8.808262825012207,1.4816502655545871,,,,
2210,9.007476869217304e-05,0.09607384814880789,0.025190716325638598,0.0030252169253193037,0.03791081303109725,0.44496235319723687,7.867485715945562,8.896724303563436,1.504268607745568,23.24603383214962,0.6430719879826081,24.105607829476604,0.6781026228292615
2211,9.00250062515629e-05,0.09724065400660038,0.019896465589533254,0.0029727882503114717,0.037498184689320625,0.44540954823605716,7.908711184064547,8.986941883961359,1.5171964046855768,,,,
2212,8.997524381095273e-05,0.0953612027845035,0.016796718360284905,0.003064727179723074,0.038218128091345234,0.45076630261416234,7.943608191609383,8.928957251707713,1.4958871088922023,,,,
2213,8.992548137034258e-05,0.09781015840514252,0.017035265144587145,0.002931877466774798,0.03752553015559291,0.4410438065417111,7.958651109536489,8.946405708789825,1.4912141484518846,,,,
2214,8.987571892973244e-05,0.09593122997321188,0.023770268017737094,0.003074998880401836,0.03784714394714683,0.446428449327747,7.872815076510111,8.886565399169921,1.5036755139629046,,,,
2215,8.982595648912228e-05,0.09244872607911626,0.01718219951906669,0.0029848395550895173,0.03811161716779073,0.4505972753899793,7.886831822991371,8.876199663678806,1.488504388431708,,,,
2216,8.977619404851214e-05,0.10288634297903627,0.017701305919106354,0.0030276341207354563,0.03816152001187826,0.4455573850000898,7.920452451705932,8.944404180844625,1.5027677516142528,,,,
2217,8.9726431607902e-05,0.09353839956844846,0.01600887775459855,0.0027957144821508942,0.03705102294528236,0.43742695612212024,7.785311436653137,8.738165108362834,1.4575332174698512,,,,
2218,8.967666916729182e-05,0.09921847719233483,0.014211390501041017,0.002985546359620154,0.03808383776146608,0.4479685549313823,7.882646112640699,8.860775798559189,1.486239976187547,,,,
2219,8.962690672668168e-05,0.09373310878096769,0.014616069288804715,0.0028434816806717817,0.03706651635002345,0.435621132577459,7.814899750550588,8.813629460334777,1.4774973273277283,,,,
2220,8.957714428607151e-05,0.0982137930424263,0.016819818586929772,0.002891000518987615,0.0371386037770814,0.43349849749356506,7.86380277077357,8.903747551639874,1.4948087823887666,23.241521740534235,0.6425043948460435,24.105220009400362,0.678054480913381
2221,8.952738184546136e-05,0.09847996147970359,0.01747402560379587,0.002889945112959443,0.038163808482931924,0.4468950823880732,7.954755289355914,8.962284483512242,1.4938621997833252,,,,
2222,8.947761940485122e-05,0.09699676854070276,0.023902974149862997,0.003039410316099141,0.036893703272410976,0.43038900308310984,7.790467351675034,8.77501120964686,1.4948920411368212,,,,
2223,8.942785696424105e-05,0.09824014158609012,0.023498321118052702,0.0031050777441123502,0.037855425131662436,0.4487219105785092,7.978294958670934,8.977109404404958,1.5185808713237445,,,,
2224,8.93780945236309e-05,0.10250182359013707,0.023484253107781447,0.003015350205441791,0.037455618527019396,0.4388785150678208,7.903741843501726,8.969845900932947,1.5138961331297953,,,,
2225,8.932833208302076e-05,0.09848757925598571,0.020851230700265216,0.0028284242026832846,0.03682082206942141,0.43165156136577326,7.806334790587425,8.780390510956446,1.469197321186463,,,,
2226,8.92785696424106e-05,0.09460107639897615,0.021720173165897035,0.003006990654284891,0.03751884433440864,0.4424902184245487,7.89570693174998,8.868087114890416,1.491565504670143,,,,
2227,8.922880720180046e-05,0.09764294223083804,0.018090546762306956,0.0029079210721344377,0.038178164434308805,0.44492952326933544,7.999048272768657,8.999222485224406,1.5042008998493352,,,,
2228,8.917904476119031e-05,0.0957043020054698,0.015661727441355803,0.0029158000890068553,0.03710612327946971,0.4386886452635129,7.875619081656138,8.846464882294336,1.4859815485775472,,,,
2229,8.912928232058014e-05,0.09499536968457202,0.016143096013110578,0.0030509309137414673,0.03746624709650253,0.4427064853409926,7.846454038222631,8.835149709383646,1.4912468987206617,,,,
2230,8.907951987997e-05,0.09308687269221991,0.026406168693855096,0.0031493041412128755,0.037816884620891264,0.44728647703304886,7.910843342542648,8.942026712497075,1.5148555926978589,23.237841495434807,0.6429663353069558,24.100918056708743,0.6782130471870221
2231,8.902975743935985e-05,0.09992350965427856,0.021355580548851182,0.003010130240181752,0.0379478833754547,0.4433175114293893,7.884259607394537,8.923859030008316,1.4970566019415856,,,,
2232,8.897999499874968e-05,0.0941576914046891,0.016863358697422844,0.002785308758878576,0.03670958115835674,0.43447476262226703,7.858073071638743,8.848171818256379,1.4778617064158122,,,,
2233,8.893023255813954e-05,0.09283523322859158,0.0140374634817789,0.0026972438025647232,0.037517918615291516,0.44220177540555594,7.830505463480949,8.781258271137874,1.4591664823393027,,,,
2234,8.88804701175294e-05,0.0964994822628796,0.017981061622244412,0.0029976584993467743,0.03719066148235773,0.43740479176243147,7.816341675321261,8.850715802113216,1.494849230349064,,,,
2235,8.883070767691922e-05,0.0984743013822784,0.022280651495211915,0.0028852601037215207,0.037897087715100496,0.4456360676015417,7.945077189803124,8.970166786511738,1.5062867477536201,,,,
2236,8.878094523630908e-05,0.0999365866339455,0.018179047975952697,0.0030476759324907714,0.03840710733396312,0.45290416448066634,8.024263354142507,9.023640062411626,1.5156581218043963,,,,
2237,8.873118279569893e-05,0.09282123955587546,0.016567633008065623,0.002790191997458654,0.03702192737449271,0.43482403736561537,7.890716423590978,8.848581043879191,1.4873269900679589,,,,
2238,8.868142035508878e-05,0.09989653026374677,0.017026552978143778,0.002753948711081951,0.03745372798099803,0.43755570080441736,7.900220710039139,8.86603193084399,1.473528798421224,,,,
2239,8.863165791447862e-05,0.10170533149503172,0.017492524433415528,0.0029288195425275867,0.03804469744403226,0.44697819688978296,7.89470912317435,8.890176157156626,1.498776113986969,,,,
2240,8.858189547386846e-05,0.09417860339550922,0.01607214229952856,0.0028933271878486266,0.03776978336585065,0.4369348643658062,7.905759378274282,8.858619820078214,1.4806628259519736,23.2478206464573,0.6427702512926768,24.108383081192635,0.6782301382358467
2241,8.853213303325832e-05,0.09579714640664558,0.02185376431331442,0.003008577826161248,0.03668694193668974,0.4353530709942182,7.775375147660573,8.761754260460537,1.484559516608715,,,,
2242,8.848237059264817e-05,0.09637725217811142,0.02026923784563272,0.0027915256782459134,0.036403483396861704,0.4262645779798428,7.736731178561846,8.727581592400869,1.467319164176782,,,,
2243,8.8432608152038e-05,0.09750090636468182,0.016069588435455036,0.0029691262796404773,0.03773666154205178,0.44746166470771037,7.902489644289017,8.901424677173297,1.50965007742246,,,,
2244,8.838284571142786e-05,0.09223199692399552,0.017115443420231753,0.0028246548617365383,0.036783156951423736,0.4331270062054197,7.76068042020003,8.685017975171407,1.4593066540857156,,,,
2245,8.833308327081771e-05,0.1014010865939781,0.017579006785803427,0.003159861778658524,0.03756288095998268,0.4433518669257561,7.820548885067304,8.814814106623333,1.4951721929013728,,,,
2246,8.828332083020754e-05,0.09809905124517779,0.014914530919150367,0.00294143556105458,0.03772251211339608,0.4438659942088028,7.877509562174479,8.86778862675031,1.4852898510793844,,,,
2247,8.82335583895974e-05,0.09334077006205917,0.017263089327083668,0.002905747934498019,0.03657968641103556,0.4275250037976851,7.763340742389361,8.830838013688723,1.491138989602526,,,,
2248,8.818379594898725e-05,0.09908980414426576,0.0141283104161543,0.002876542960802908,0.036364256641051425,0.4267522057207922,7.6832601974407835,8.697932360569636,1.4751914029320081,,,,
2249,8.813403350837708e-05,0.09363044553125897,0.01712063623849461,0.0027343852601916297,0.036580927204340696,0.42759873898079,7.718707510828972,8.69354044497013,1.449893559763829,,,,
2250,8.808427106776694e-05,0.09755388402069608,0.018306265729903883,0.0030499065931508086,0.037295213834537815,0.4384969542734325,7.911033569773038,8.977030086517335,1.514877188950777,23.24484126165233,0.6429075032697534,24.107657742914505,0.678158129042311
2251,8.80345086271568e-05,0.10165093068499118,0.01511923679513402,0.003126299050624463,0.037540321374156825,0.44380366674934824,7.812859173615774,8.82065607905388,1.5057094722986222,,,,
2252,8.798474618654664e-05,0.09947504428370545,0.01500231620105786,0.0029877045412528484,0.0388066100810344,0.45424524918198583,7.9513052602609,8.923864463965097,1.4842636821170647,,,,
2253,8.793498374593649e-05,0.09322911952622234,0.013955277943270606,0.0029731313218993214,0.03666934887490546,0.4315399538104733,7.7260875304539995,8.746608579158783,1.4835553074876466,,,,
2254,8.788522130532635e-05,0.0996891456268107,0.016793564486135188,0.002917916855161214,0.03700156559352763,0.4326455524501701,7.729510052998861,8.677978887160618,1.4593703677256902,,,,
2255,8.783545886471618e-05,0.09507326330834379,0.015330339731496985,0.0028679170413549097,0.03672406494151801,0.43335354815547666,7.742771422863006,8.734585811694464,1.4764208222428958,,,,
2256,8.778569642410603e-05,0.10448124968291571,0.019427061729408203,0.003070389266000954,0.03822015377227217,0.44828495079030595,7.9292595764001215,8.975786119699478,1.512075604746739,,,,
2257,8.773593398349589e-05,0.10047690777573734,0.016649263888411408,0.0028953076900506856,0.037627709462928274,0.44083573476721843,7.826780001322429,8.844519644975662,1.4818248979747295,,,,
2258,8.768617154288572e-05,0.0871146821960186,0.01798717097068394,0.0025472510202234843,0.036487416600963725,0.42764807684967915,7.6210417668024695,8.54323281645775,1.4109410946567853,,,,
2259,8.763640910227557e-05,0.10063293884353092,0.01926475967051098,0.0030259788645101557,0.037602609116584064,0.44553476994236313,7.888105720281601,8.848799862464269,1.4921148712436358,,,,
2260,8.75866466616654e-05,0.09469197913228224,0.020048833460031723,0.002873289260605816,0.03626122364657931,0.42838954729959366,7.767919193704923,8.734280020991962,1.47506716872255,23.25531171557105,0.6428024126756481,24.112806384611115,0.6782583657733307
2261,8.753688422105526e-05,0.10315873301588,0.016989556138481365,0.003134724887483268,0.03794056022306904,0.44404615300397077,7.926251160105069,8.943880242109298,1.5154479769368967,,,,
2262,8.748712178044511e-05,0.09751392370865991,0.01645652209368761,0.0030329003947675423,0.037620884036490075,0.43847678306822974,7.824609367052714,8.791820830106735,1.4829904109239578,,,,
2263,8.743735933983496e-05,0.09626374156602348,0.014415657074317452,0.0030192224698718443,0.03692510492595223,0.43996491975461444,7.88872050344944,8.922103669246038,1.5122089199721813,,,,
2264,8.738759689922481e-05,0.09507636659933875,0.019768108776235197,0.0027687233638668354,0.03777156256061668,0.4438940732118984,7.931548824906349,8.920412041743596,1.4830706360439458,,,,
2265,8.733783445861467e-05,0.0958134392897288,0.025599313348682914,0.002981046063541726,0.03718333342500652,0.4367829472136994,7.8005191653966905,8.803002067406972,1.4880165956914424,,,,
2266,8.72880720180045e-05,0.09641303533377747,0.02100797378374102,0.0027801357172696347,0.03680769273584398,0.43486127397045493,7.820031281312307,8.751461221774418,1.4683969276646773,,,,
2267,8.723830957739435e-05,0.09712998433969915,0.016088947481302598,0.002800298247166211,0.037252766060798116,0.4346164753039678,7.813574523727099,8.812782462437948,1.471067835142215,,,,
2268,8.718854713678421e-05,0.09825146581667164,0.015092973820464846,0.002879028058911596,0.037356185951891045,0.43742840240399045,7.886780287822088,8.936871335903804,1.5020146057009698,,,,
2269,8.713878469617404e-05,0.09429321642188976,0.015358005294691661,0.002873055047318,0.03774335311803346,0.4417603110118459,7.874005351463953,8.863755710919698,1.483256923655669,,,,
2270,8.70890222555639e-05,0.09854330366943032,0.02296896267436823,0.0031337267751951003,0.0372552005147251,0.43727327544863026,7.803259448210398,8.8745569785436,1.507000395655632,23.24958740053868,0.6430825336410166,24.10156153329088,0.6781725995239719
2271,8.703925981495375e-05,0.09786951565183699,0.020530098840080235,0.0029535571968153816,0.037279698334168644,0.4390431110436718,7.875346953670184,8.854396696885427,1.4865885483721892,,,,
2272,8.698949737434358e-05,0.08997546752604345,0.014711779298028619,0.0028162313204423603,0.03686083493133386,0.4372458674634496,7.784126640359561,8.75279772679011,1.4688452017803988,,,,
2273,8.693973493373343e-05,0.09976183877636989,0.01757186084355243,0.0029951985027461586,0.0375796743358175,0.4405320311275621,7.9029950569073355,8.946519098679225,1.5109255778292814,,,,
2274,8.688997249312329e-05,0.09377830501180143,0.019069330660769702,0.0029222752210444013,0.036848823613642404,0.4320293428997199,7.783012050390243,8.783227264881134,1.4776715437571208,,,,
2275,8.684021005251313e-05,0.09903779125306755,0.016747787441654498,0.0029907401651144026,0.03814070745914554,0.4446651755521695,7.943188261985779,8.978049016992252,1.5100909161070983,,,,
2276,8.679044761190299e-05,0.0933587831677869,0.017515239318461388,0.0028549042294495545,0.03757465974971031,0.443152768475314,7.863117150465647,8.784309418996175,1.4737389760712782,,,,
2277,8.674068517129282e-05,0.10150699598404268,0.0156184558850024,0.003024764930038752,0.0370896011707373,0.43087692266951005,7.76443750957648,8.821980291604996,1.4947785124182702,,,,
2278,8.669092273068267e-05,0.0978996406076476,0.01739149365251382,0.002951518996269442,0.03735353873344138,0.44437826902916033,7.86156163016955,8.859055225054423,1.4934166165689626,,,,
2279,8.664116029007253e-05,0.09902179617589961,0.017035476807635418,0.002977621263138038,0.03740831319591962,0.4373219535375635,7.798027339577675,8.846152841051419,1.4915670537700256,,,,
2280,8.659139784946236e-05,0.0979306493808205,0.015684320036885573,0.0030539860965897486,0.037638206824582694,0.44243874995348353,7.846186782916387,8.921965291102728,1.507067800561587,23.256565500571227,0.6435482689595202,24.093276583777925,0.6781292972989703
2281,8.654163540885221e-05,0.09772720960900187,0.01302828167890479,0.0029117058470850073,0.03776015457697213,0.44052610971654454,7.834117422501246,8.797884104649226,1.47534946128726,,,,
2282,8.649187296824207e-05,0.09545795253943652,0.01685326361225902,0.002886089140883996,0.03786623370833695,0.4461532659828663,7.869033718109131,8.861377692222595,1.4855317175388336,,,,
2283,8.64421105276319e-05,0.09730909906017284,0.021920064855515637,0.002988737173897486,0.037329961995904645,0.4394031536454956,7.8401654650767645,8.839905430873236,1.4885559258361658,,,,
2284,8.639234808702175e-05,0.09625582491668562,0.021862682454152054,0.0028884753672779578,0.03634623558803772,0.4265851324113707,7.720845458904902,8.693922728300095,1.461459316064914,,,,
2285,8.634258564641161e-05,0.10316139713395386,0.01556111116659098,0.003056059358762771,0.03803033665753901,0.44756554467603565,7.882935667037964,8.896291178464889,1.504002788166205,,,,
2286,8.629282320580145e-05,0.0994145038848122,0.018806753450794744,0.0030974939769900325,0.03731649003845329,0.4407023676671088,7.874766623973846,8.93402746717135,1.513908688724041,,,,
2287,8.62430607651913e-05,0.09421721165223668,0.020567331318144668,0.002866624390662764,0.03685803279513493,0.4353000318010648,7.778288836280505,8.741521888971329,1.4737261893848579,,,,
2288,8.619329832458115e-05,0.08991361837058018,0.01728732417622186,0.0029116890557512915,0.03692272685778638,0.4323646244903406,7.786961086591085,8.738018622001013,1.4703361630439757,,,,
2289,8.614353588397099e-05,0.09981852266161392,0.016886139124258442,0.0029204938811138465,0.037821940693538635,0.4402640798439582,7.835011468331019,8.852255443731943,1.487524011482795,,,,
2290,8.609377344336085e-05,0.09665183746255934,0.02275622682521048,0.0030238719529127895,0.03815356877166778,0.45172476215908924,7.91924972931544,8.897749002774557,1.4846406534314156,23.244897804989705,0.64325993304759,24.092042622900404,0.6781097206112213
2291,8.60440110027507e-05,0.09940266457851976,0.01966021751642361,0.002956375965247086,0.03726628860652757,0.43793977863776185,7.7908710499604545,8.799031285444896,1.4808450202147165,,,,
2292,8.599424856214053e-05,0.092210364760831,0.02055426463932951,0.0027385967311298978,0.036290226861213644,0.4250485285495718,7.661844557523727,8.637145259976387,1.4489781270424524,,,,
2293,8.594448612153039e-05,0.09196652548853308,0.014916765939456057,0.002935686081521756,0.037548520237517855,0.4408527204456429,7.838052175442377,8.79958313703537,1.4704552724957467,,,,
2294,8.589472368092024e-05,0.09836413533582042,0.015292240496567662,0.002795667200916796,0.0369319724656331,0.4344234881922603,7.807077691952387,8.775916198889414,1.4702021228770414,,,,
2295,8.584496124031007e-05,0.09789442558928083,0.020835319694390068,0.002994822476345386,0.03719490674945215,0.43677999700109166,7.916569310426712,9.037658989429474,1.5241747143367925,,,,
2296,8.579519879969993e-05,0.09458916575337449,0.01413630485608041,0.0029085026006214322,0.03810972598924612,0.44965538308024405,7.9803963283697765,8.923144739866256,1.4840516823033492,,,,
2297,8.574543635908976e-05,0.09922221259524425,0.01596793172959942,0.0029335573423547126,0.037782773724757135,0.44443868898476163,7.837509817878405,8.877142175038655,1.4963192534943421,,,,
2298,8.569567391847961e-05,0.09490938087304433,0.018090885650549518,0.002862596780869353,0.036788006934026875,0.4297805293928832,7.780930564800898,8.759388218323389,1.4671319775283336,,,,
2299,8.564591147786947e-05,0.1002905829421555,0.015540024990279674,0.0031269584298570406,0.037779081477007516,0.4429311159066856,7.96528754333655,8.985766205191613,1.5127046833435693,,,,
2300,8.559614903725931e-05,0.09376418047274153,0.017842351966720675,0.0028979569081153994,0.03764991544109459,0.4382841915513078,7.821933017174403,8.861225815614064,1.4885947617391746,23.275061083988184,0.6434847117036736,24.111487757989078,0.6784775514965802
2301,8.554638659664917e-05,0.09522187094359348,0.020085297881307973,0.0027892292144315435,0.037376457821422564,0.4374559472004573,7.7804456124703085,8.75880033969879,1.4572767734527587,,,,
2302,8.549662415603902e-05,0.0934430772283425,0.018703707365170234,0.002782161735134044,0.03671465665490056,0.4325582575984299,7.7323355336984,8.655038315057755,1.4439798506597679,,,,
2303,8.544686171542885e-05,0.0997898880780364,0.014142783880766115,0.003018526617051975,0.03692608104320243,0.4304623458534479,7.785907956957817,8.926860721906026,1.5138216187556586,,,,
2304,8.539709927481871e-05,0.09783400651843598,0.016839859165120638,0.003009498070241534,0.03747416525147855,0.4407824916765094,7.870382503668467,8.868861502408981,1.4921924869219463,,,,
2305,8.534733683420856e-05,0.09384709968386838,0.0149723618769813,0.00288260944726062,0.03752660321770236,0.4389962814748287,7.832997646927834,8.816085267066956,1.4736543948451677,,,,
2306,8.529757439359839e-05,0.10118052328471094,0.01659029961449582,0.002904405550301211,0.03759862758064022,0.44263629311074815,7.895080337921779,8.961116041739782,1.500110145409902,,,,
2307,8.524781195298825e-05,0.0978524902369827,0.014820938156910405,0.002922856524431457,0.03722915821708739,0.43784997866799436,7.787090734640757,8.802041068673134,1.482100312411785,,,,
2308,8.51980495123781e-05,0.09458089704470088,0.02102920555331321,0.002928738434972426,0.03669861484668217,0.4319147584338983,7.8041640301545465,8.789984919627507,1.4898920233050983,,,,
2309,8.514828707176793e-05,0.09470268837952366,0.017263524292560343,0.0028601995880914426,0.037674727023113516,0.4378550274297595,7.860493592421213,8.872285030285518,1.4878680092593035,,,,
2310,8.509852463115779e-05,0.09540187907405198,0.015610753625002438,0.002974824908172498,0.03778399833245203,0.44525827566782633,7.890670700867971,8.889154444138208,1.4954295938213666,23.284921247280913,0.6432241121135394,24.127142458229702,0.6786575542662854
2311,8.504876219054764e-05,0.09653953674715013,0.021188936863009347,0.002999643604804684,0.03787036190818374,0.4456528102358182,7.940603400270144,9.002349027991295,1.5086992534498374,,,,
2312,8.499899974993749e-05,0.09138132010897,0.020405658322079183,0.002837931987657309,0.03724943824345246,0.4349702622120579,7.744187595446904,8.711953808863958,1.4540409021079541,,,,
2313,8.494923730932734e-05,0.10008250412841638,0.015298432588019188,0.0030461575784708353,0.038370340305846184,0.4535716771148145,7.976202247540156,8.99612493912379,1.5033737229804198,,,,
2314,8.48994748687172e-05,0.09354876718328645,0.019925099830713222,0.002972070445078619,0.03801306145032868,0.4517296808461348,7.91007314324379,8.91453222632408,1.4963137889901796,,,,
2315,8.484971242810703e-05,0.0968084508785978,0.0172074656482069,0.002868990101463472,0.036731783448097605,0.435327571320037,7.740312998493512,8.731777768333753,1.472829395532608,,,,
2316,8.479994998749688e-05,0.09647884506266564,0.025883781389119804,0.0029944141730084083,0.03716358037587876,0.4363765507936478,7.859777567783992,8.874688023328781,1.4953883456687131,,,,
2317,8.475018754688671e-05,0.09701569532044232,0.01668015301604022,0.002824002003702238,0.03715690187527798,0.43222142327576873,7.8382325331370035,8.896549857656161,1.487719868371884,,,,
2318,8.470042510627657e-05,0.09631420365379502,0.016333510825132673,0.0030005793828119447,0.03751914114691317,0.4394022609417637,7.8295057117938995,8.878039596478144,1.4990630932152271,,,,
2319,8.465066266566642e-05,0.09869493692337225,0.015034312263602967,0.002897446804733287,0.03723694855192055,0.43837130622317394,7.8326040506362915,8.830882275104523,1.4849193607767424,,,,
2320,8.460090022505625e-05,0.09740034222292403,0.01706230079910031,0.002879420043245773,0.03743626472229759,0.4374578814953566,7.842233402530352,8.804516727725664,1.486065755536159,23.276937499977926,0.6430827653951392,24.13908021360268,0.6786782899664731
2321,8.455113778444611e-05,0.0967574104356269,0.020663407430911225,0.0028028677304973828,0.03714091567089781,0.44035089171181124,7.8142439216375355,8.852991123994192,1.4881367690861225,,,,
2322,8.450137534383596e-05,0.09691575708954285,0.018752505567172183,0.0030479261946311452,0.03774258109042421,0.44542720085009935,7.827254820863406,8.830819539229076,1.4940236613154412,,,,
2323,8.44516129032258e-05,0.09667492346682896,0.019077044439936644,0.0030578429489954337,0.037211834317228444,0.4399253281454245,7.857919643322627,8.940296316146851,1.5122687645256518,,,,
2324,8.440185046261566e-05,0.09655137725640088,0.016331533558853934,0.002942516053917643,0.037770082712328686,0.44077566902463633,7.874873321255048,8.873608632882435,1.48693309177955,,,,
2325,8.43520880220055e-05,0.0970393609177942,0.016794104425035882,0.002957580339110185,0.036902650876436384,0.438088519188265,7.776971956094106,8.850373725096384,1.5004735181728999,,,,
2326,8.430232558139535e-05,0.09447770101639132,0.018779510735361438,0.0030712753533710686,0.03782494475599378,0.4460973935201764,7.917098062237104,8.976456077893575,1.5141691726942856,,,,
2327,8.42525631407852e-05,0.10112824875395746,0.016100483471058732,0.0030623424872828764,0.037988657360741244,0.4509663769664864,7.899365770816803,8.986287341515224,1.5095428206026553,,,,
2328,8.420280070017506e-05,0.09776260028593242,0.013068039550060757,0.003087157067117611,0.03728134713601321,0.4374462265521288,7.838725765546163,8.8858769317468,1.5006374552845956,,,,
2329,8.415303825956489e-05,0.09544130177237094,0.02165793406773931,0.003033131585107185,0.03689063609732936,0.4338995806251963,7.794781132539113,8.842281502485275,1.497118013103803,,,,
2330,8.410327581895474e-05,0.10156589006849875,0.020668116476709564,0.0028320026214108413,0.03812039373442531,0.4463496216883262,7.903542749087015,8.865495665868123,1.4715028921763103,23.276664745857584,0.6435259504831372,24.14798797224316,0.6789125586360896
2331,8.40535133783446e-05,0.09660240398564686,0.019650205411993315,0.0029107017310404143,0.03703771138874193,0.4357889497342209,7.70500237941742,8.62455911040306,1.4586089752614497,,,,
2332,8.400375093773443e-05,0.09484978911932558,0.01726520556812862,0.002856364898131384,0.036995585953506334,0.43439098270609977,7.722201660275459,8.716211494803428,1.4650497851272424,,,,
2333,8.395398849712428e-05,0.10274407631562402,0.015835711048098177,0.0028709516306056077,0.037161117691236235,0.43608979949106774,7.786861771345139,8.909380469719569,1.498129708568255,,,,
2334,8.390422605651413e-05,0.09590415604567776,0.014378133821774271,0.002961202268246173,0.038075053497838476,0.44651743437473973,7.914624633391698,8.93347563346227,1.500028866281112,,,,
2335,8.385446361590397e-05,0.08600376293373604,0.014091670150760885,0.0027338109751023393,0.036348594422452155,0.4245458282530308,7.613922236363093,8.582697619994482,1.4379913002252578,,,,
2336,8.380470117529382e-05,0.097764204419218,0.01688989165334247,0.0031397060624537214,0.03691192738090952,0.43369146712745227,7.857857652505239,8.856181933482487,1.5090219962100189,,,,
2337,8.375493873468367e-05,0.09911413699543724,0.01979521933521567,0.003192560091156338,0.037611048629817866,0.4400623649358749,7.873275282979011,8.925687483946483,1.510056352118651,,,,
2338,8.370517629407352e-05,0.09574292385174582,0.02290599812547365,0.003028872053437226,0.03771411151780436,0.44055077427377304,7.92062733968099,8.97838028073311,1.5061669843892256,,,,
2339,8.365541385346338e-05,0.09691526073341568,0.019255417935004536,0.0029646799881447804,0.03723048898779477,0.43422087201227744,7.793208580215772,8.796666860580444,1.4779297749201457,,,,
2340,8.360565141285321e-05,0.09251808932361504,0.016008213423379304,0.0030951706319683582,0.037771865108516066,0.44224306363612415,7.929785900314649,8.948814562956493,1.5034543936451277,23.27769564068416,0.6436135254744447,24.15107399161156,0.6791875129521315
2341,8.355588897224306e-05,0.09526175612894197,0.016867103741097306,0.002873117820248202,0.03793623592937365,0.4450115115692218,7.901682710647583,8.876495615641277,1.4815417883296809,,,,
2342,8.350612653163292e-05,0.0883155103151997,0.016026044707267213,0.002742842041698168,0.03735530041158199,0.43785091092189155,7.740982357660929,8.690225704511006,1.451374063640833,,,,
2343,8.345636409102275e-05,0.1001117940293625,0.02463831856933023,0.0028215060534421354,0.03732545064995065,0.4368036473169923,7.86784224708875,8.881686387459437,1.482765610764424,,,,
2344,8.34066016504126e-05,0.10027581225149333,0.019490133869341206,0.003053649116130449,0.03745059428038076,0.44057390360782545,7.8496682941913605,8.887380108237267,1.5016041164596876,,,,
2345,8.335683920980246e-05,0.09653537510118136,0.01717398907041782,0.0029436121139345536,0.037327677160889534,0.4345539801133176,7.76278323729833,8.740555896361668,1.4714892556269963,,,,
2346,8.330707676919229e-05,0.09799010163017859,0.0162806049791009,0.0027225482423091306,0.03715333202853799,0.43494594233731426,7.7310239434242245,8.686070215702056,1.4511826458076635,,,,
2347,8.325731432858214e-05,0.09924348175991327,0.019098800867756824,0.00306941072740301,0.037101470733371875,0.4347874341222147,7.859504900376002,8.866862537463506,1.503902765363455,,,,
2348,8.3207551887972e-05,0.09244699601549655,0.01583807828564637,0.0028526734739595366,0.03701571481457601,0.43252467218165597,7.820833936333656,8.75440692504247,1.4649272280434766,,,,
2349,8.315778944736184e-05,0.1039498690670977,0.019064582006491283,0.0028898042203460744,0.03725928807786356,0.43366417987272143,7.7979703386624655,8.854056205352148,1.4835382195810476,,,,
2350,8.31080270067517e-05,0.09908242284630736,0.014162249595749838,0.002996626487887018,0.037395058968104425,0.4399871211498976,7.888656214872996,8.954126224915187,1.5017864217360815,23.261077025403157,0.6436243440500636,24.135402829302286,0.6791438402537066
2351,8.305826456614155e-05,0.09174472886758546,0.017377817481641435,0.0027899762364540946,0.03689099486994867,0.4339527726173401,7.726649938027064,8.706253749132156,1.4627160154283048,,,,
2352,8.300850212553138e-05,0.09755379272780071,0.014753492076032144,0.003122732407609874,0.03737046645061734,0.44157522860914467,7.864735557635625,8.901878720521927,1.5113878769179185,,,,
2353,8.295873968492124e-05,0.1024557969144856,0.02071352594974763,0.003086739505912798,0.03820543266289557,0.4472739425487816,7.9397561848163605,8.991065048178037,1.5175179846584796,,,,
2354,8.290897724431107e-05,0.0924348997650668,0.016515971033217447,0.0028584009953798767,0.037605115119367837,0.4394874466583133,7.784045437971751,8.747396830717722,1.4680403051277002,,,,
2355,8.285921480370092e-05,0.09616113067604601,0.01213590824132651,0.0031911658157090035,0.03806313808308914,0.4481876065333684,7.845198459426562,8.920289800564449,1.5054065252343813,,,,
2356,8.280945236309078e-05,0.09671349914278835,0.01834155895819798,0.0028458354142154954,0.03809575282890971,0.4451581592982014,7.9064587414264675,8.823459974924724,1.4690588059524694,,,,
2357,8.275968992248061e-05,0.09591832242440432,0.015849393905865483,0.002851633826746062,0.03792926117506189,0.44728066977113484,7.880799472332001,8.896423868338267,1.4883880351980527,,,,
2358,8.270992748187046e-05,0.09459803736923883,0.014804761135480326,0.002708199240502533,0.03714361178766315,0.4376274393250545,7.844444209337235,8.870711793502172,1.4734115419288476,,,,
2359,8.266016504126032e-05,0.09553681793622673,0.020613416201705433,0.003013007763668914,0.037484861871538065,0.4379523904683689,7.822579593459765,8.810255716244379,1.4826978700856368,,,,
2360,8.261040260065016e-05,0.09838211412231128,0.014775898844692792,0.0029107488803977806,0.03754701348952949,0.4419392446366449,7.790096875031789,8.690597601731618,1.453883162389199,23.247506442190026,0.6438155859136289,24.11939369034434,0.679062783738384
2361,8.256064016004002e-05,0.0936995631083846,0.01592750290963926,0.0028747875740615806,0.037350862046393256,0.44214458984012406,7.792312343915303,8.81009923418363,1.4798579581081868,,,,
2362,8.251087771942987e-05,0.09650022064646085,0.018115894602400838,0.0029618700692177905,0.037187057880995175,0.4363924347174664,7.784290474653244,8.754364595810573,1.4724548367162547,,,,
2363,8.24611152788197e-05,0.09977051330109438,0.014182704900312378,0.002961174254778598,0.03811109064845368,0.44637410920113324,7.905159332354864,8.964671369393667,1.5028716755410036,,,,
2364,8.241135283820956e-05,0.09303827543432514,0.01563717051929876,0.002813282742014659,0.03706380847143009,0.4340232339687645,7.824509696165721,8.789211240410804,1.471160822858413,,,,
2365,8.236159039759941e-05,0.0976533923104095,0.019453437336600564,0.002921939693836369,0.037024430204958964,0.43608184025312463,7.852278165022532,8.793415038784344,1.4799200708667437,,,,
2366,8.231182795698924e-05,0.09669237283524126,0.01525985462113327,0.003138688092136969,0.037839343895514806,0.44312810882305104,7.923291613658269,8.978053180376689,1.5111476838588715,,,,
2367,8.22620655163791e-05,0.10267903262283654,0.0314372941251845,0.003084554772673679,0.03806853637797758,0.4482537635602057,7.926338362693786,8.919620434443155,1.5029475890100001,,,,
2368,8.221230307576895e-05,0.09042807524092496,0.021607248813799985,0.0029257918722578324,0.035931987637498726,0.4230862514736752,7.584174754222234,8.568543642759323,1.4498758922020594,,,,
2369,8.216254063515878e-05,0.09110072246597459,0.016597849486910298,0.002779566871170876,0.037276309464747706,0.4390579626895487,7.7054562677939735,8.653421640396118,1.4432215236127377,,,,
2370,8.211277819454864e-05,0.09836897365748883,0.013346582384375812,0.0029740732947175275,0.036915352932798365,0.42851630235090854,7.774622442324956,8.780059304833411,1.4789141803979873,23.25178925474317,0.6439053628926534,24.12536347517765,0.6791064124954063
2371,8.20630157539385e-05,0.09287397272419184,0.020161396572748364,0.002834742222573065,0.037124823600364225,0.43614018531516197,7.848351754744848,8.818750983476638,1.4777370067934195,,,,
2372,8.201325331332834e-05,0.10225994672315816,0.0162050867545909,0.0028665812144026857,0.038470565675136945,0.44803002377351125,7.913995802402496,8.928750862677893,1.4973342329263688,,,,
2373,8.196349087271818e-05,0.09612254135621091,0.012421987133058547,0.003001240310186404,0.0376133404012459,0.4458636627842983,7.903007900714874,8.98452607790629,1.5121932583550612,,,,
2374,8.191372843210802e-05,0.09723762391755979,0.017680052846839,0.0029174374537736486,0.0382038107374683,0.45045697341362634,7.914244677623113,8.948684428135554,1.4967885094384352,,,,
2375,8.186396599149788e-05,0.10406232703632365,0.016602854517467267,0.0028990737979256664,0.03805602966846588,0.44434087723493576,7.969246889154117,8.987932705879212,1.498824377109607,,,,
2376,8.181420355088773e-05,0.0992436631117016,0.015389446563566445,0.0029591351449198555,0.037237580101160954,0.4356813732534647,7.782462067405382,8.830252921581268,1.4909729356567065,,,,
2377,8.176444111027756e-05,0.0942500255148237,0.01767844698100275,0.002847894835091817,0.03681855724814038,0.4327376129105687,7.724827186266581,8.730517176787059,1.4653491554160913,,,,
2378,8.171467866966742e-05,0.09596719891609003,0.01670763294010004,0.0028963752472918715,0.03728052830168357,0.4371288507555922,7.769840193788211,8.720970509449641,1.4668117073674998,,,,
2379,8.166491622905727e-05,0.09540485199540853,0.017830882118704643,0.002966447267802626,0.037497496550592285,0.44096205395956833,7.828494664033254,8.848543139298757,1.486997728794813,,,,
2380,8.16151537884471e-05,0.09888422919126848,0.019502925342816488,0.0031729642558881704,0.036999175264888134,0.4359706796395282,7.775466833511988,8.82925741970539,1.503713170439005,23.231213294577636,0.6435744621807199,24.096930755729662,0.6788595136113798
2381,8.156539134783696e-05,0.09213978909732153,0.02073267626232768,0.002814830481838726,0.03685374495883783,0.43343141159663595,7.732441051801046,8.67248356640339,1.4549897412459056,,,,
2382,8.151562890722681e-05,0.09767642598599195,0.014619175626187886,0.0029774106720045286,0.037468068049444504,0.4413667309718827,7.950044786930084,9.006374929348627,1.5136651004354158,,,,
2383,8.146586646661664e-05,0.10163950510323047,0.01701550119115387,0.00295365138760341,0.03849293122572514,0.4459868259727955,7.919906391700109,8.927618716160456,1.4938864775002003,,,,
2384,8.14161040260065e-05,0.08759313977789134,0.02040228571376484,0.0028354878678025367,0.036090114844652514,0.426309314245979,7.678892304499944,8.58660933872064,1.4487559159596761,,,,
2385,8.136634158539635e-05,0.09403059017689278,0.014745002151282213,0.0028734319993115303,0.036891414135849725,0.4351597764529288,7.712608166535696,8.730417360862097,1.4772911300261815,,,,
2386,8.13165791447862e-05,0.09596372609181951,0.031505954920284115,0.0030834719022702,0.03848509700619616,0.4532852138082186,7.94644485215346,8.955153174201648,1.498469881961743,,,,
2387,8.126681670417605e-05,0.09601857214001938,0.01804043221722485,0.0028273958133771277,0.03696300759329461,0.43222305066883565,7.830638915300369,8.83073432246844,1.4821232189734777,,,,
2388,8.121705426356591e-05,0.09757113176553199,0.015533633483176216,0.0028026848211690474,0.037349935194166996,0.4360603669968744,7.87780024309953,8.935998151699701,1.4883868326743444,,,,
2389,8.116729182295574e-05,0.09064970329248657,0.013982808106921889,0.00273818210674411,0.036651587404776365,0.4305627086820702,7.7109864264726635,8.62553880016009,1.4372642062604428,,,,
2390,8.11175293823456e-05,0.0918538388175269,0.021925316086654423,0.002808414703152569,0.03714525831552843,0.435872110662361,7.824040404955546,8.826601336399714,1.477941268434127,23.212452216135294,0.6432855848440565,24.07746907034072,0.6787654905312771
2391,8.106776694173542e-05,0.09775871291446189,0.018965032385972337,0.0027997782114349925,0.03661377430350209,0.42655184141670666,7.653150494893392,8.630001533031464,1.443040920048952,,,,
2392,8.101800450112528e-05,0.09848825848506143,0.021053582453047722,0.0029366744221382152,0.037458252146219215,0.43898681563635666,7.755428036053975,8.742551656564077,1.4680087238550186,,,,
2393,8.096824206051513e-05,0.09471067956959207,0.02532313920887551,0.0028630449867705467,0.03798123771363559,0.447133443535616,7.91465024749438,8.938109515110652,1.4964309674998124,,,,
2394,8.091847961990496e-05,0.09657861572535088,0.02057899987180522,0.0027634771334608863,0.037480923308370016,0.4332041673051814,7.896286555131277,8.915103379885355,1.4818556283911068,,,,
2395,8.086871717929482e-05,0.09289634306139002,0.015373384420643827,0.0028231987164569245,0.03668582868607094,0.4329160967841744,7.6366762787103655,8.620653384923935,1.4553920800487201,,,,
2396,8.081895473868467e-05,0.09491016964117686,0.016975199098020994,0.0029406996748245246,0.03750001192868998,0.4388668452699979,7.85497739315033,8.896261072158813,1.4896534172197182,,,,
2397,8.076919229807452e-05,0.09545209793529162,0.01429443766394307,0.002936894861886685,0.03741118567995727,0.4393343293418487,7.8752277135849,8.901569227377573,1.4845819726586342,,,,
2398,8.071942985746437e-05,0.09971710348812242,0.018562385914987815,0.0029383382992212623,0.037430957733886314,0.43498802329413594,7.850487657388052,8.9271054794391,1.4886562794446945,,,,
2399,8.066966741685423e-05,0.09754548736382276,0.019460422284859204,0.003056365058364463,0.0373863949207589,0.4406721042158703,7.808821076154709,8.8450296998024,1.4921161818007629,,,,
2400,8.061990497624406e-05,0.09423215062512706,0.014831829157244266,0.002742168793398984,0.03711831176963945,0.4382079932528237,7.75565978984038,8.752263685067495,1.4560680329799651,23.196856829376483,0.6429470099956298,24.07569170443819,0.6787236644620606
2401,8.057014253563391e-05,0.09517402396692584,0.01692406756311553,0.0028788739259046755,0.037434157775714995,0.43974187672138215,7.727163856228192,8.73253442744414,1.4688439757873615,,,,
2402,8.052038009502377e-05,0.09523650156334043,0.014934314115177916,0.002836627791718153,0.037439460136617225,0.440554551469783,7.84383029739062,8.841793475548426,1.4796074112256368,,,,
2403,8.04706176544136e-05,0.10060704497930904,0.015273338813587604,0.0028317661349622843,0.03696890707748632,0.43271931273241837,7.760822008053462,8.735576397180557,1.46257855022947,,,,
2404,8.042085521380345e-05,0.08988461905779938,0.014061608332961854,0.002781552548185573,0.036242343058499195,0.42514298210541407,7.649419103066126,8.651880804697672,1.4462328205506008,,,,
2405,8.037109277319331e-05,0.09429882103577256,0.014381463306347738,0.0028428930601270015,0.03754252313713854,0.4413020039908588,7.8338139017423,8.800719220439593,1.470349166293939,,,,
2406,8.032133033258314e-05,0.10310157614294439,0.015670985269523353,0.00304787716249848,0.03865750116140892,0.4551331174559891,7.978098940849304,9.074859672784806,1.5272922297318776,,,,
2407,8.0271567891973e-05,0.10296867340803147,0.016962267804364,0.0030760211474747242,0.03738618862892811,0.43700736748675506,7.783789726098378,8.835826589663823,1.5019008614122868,,,,
2408,8.022180545136285e-05,0.10085135431339344,0.014537928241040395,0.0029515519979516586,0.03727177249190087,0.43332593347877263,7.844712898135185,8.900820061564445,1.5011159213880698,,,,
2409,8.017204301075269e-05,0.09784901750584443,0.014978616989625297,0.003124749920182997,0.03682041186451291,0.434388306705902,7.8189208745956424,8.851363631089528,1.4987580140431722,,,,
2410,8.012228057014255e-05,0.0967852671087409,0.022751992981986078,0.0028992352449980292,0.03697561116035407,0.4322905288388332,7.740437633792559,8.732770558198293,1.468219304829836,23.23094663014843,0.6434484808831892,24.10760027688353,0.6789351116228893
2411,8.007251812953238e-05,0.09558069620591898,0.022752893531941994,0.0029687041370076864,0.0372705409109282,0.44123997042576474,7.837189974387487,8.88951645096143,1.494294078896443,,,,
2412,8.002275568892223e-05,0.09489300458226353,0.014623699661718585,0.0027663327778403375,0.037031359209989505,0.43733206220592064,7.768735970060031,8.846831858158112,1.4720108886559804,,,,
2413,7.997299324831209e-05,0.0946070236309121,0.01751499567129322,0.0028342697965247983,0.037153290883482744,0.4378820064788063,7.8046968181928,8.779353662331898,1.4670491692920526,,,,
2414,7.992323080770192e-05,0.08865646393969655,0.015010564810143972,0.002709067349921194,0.03599587742549678,0.4230341670413812,7.6341208974520365,8.593725220362346,1.4396779887378215,,,,
2415,7.987346836709177e-05,0.09461266992924114,0.01521290510858518,0.0027991124585848106,0.03725327284773812,0.43859476322929064,7.87335185011228,8.908700370788575,1.48558566570282,,,,
2416,7.982370592648163e-05,0.09601544043204437,0.022253371630247838,0.0029917004284773915,0.03814024520882716,0.4512658790064355,7.884081854422887,8.940148929754892,1.4988815275331338,,,,
2417,7.977394348587146e-05,0.09323435966701557,0.016556625178001043,0.002797333855536029,0.037294030177872625,0.4424878232181072,7.809310966730118,8.83700126806895,1.4839946612715722,,,,
2418,7.972418104526131e-05,0.09014216499247898,0.015868570880454947,0.0027775238323859714,0.03764821286701287,0.4447655720636249,7.79356062511603,8.73713623682658,1.4540257362027964,,,,
2419,7.967441860465117e-05,0.09574274135908732,0.015091390151703458,0.0030593775315840804,0.037556547997519375,0.4431463458575308,7.813731524348259,8.815164063374201,1.4870567791163922,,,,
2420,7.962465616404101e-05,0.10198611523956061,0.014153811046908634,0.002957364603662427,0.03782017240882851,0.4433408004231751,7.902358796199163,8.948176894585291,1.4992922563105822,23.236162611393606,0.6435928480186158,24.115340750935285,0.6790027657932678
2421,7.957489372343085e-05,0.09329437195944289,0.016929942148395626,0.0028605534239128853,0.03693030434272562,0.433450473099947,7.702487667401631,8.79073026974996,1.4710556757946809,,,,
2422,7.952513128282071e-05,0.09213724538373451,0.016530936336298534,0.0028006986816762947,0.03626560357709726,0.4249515387540062,7.691804363330205,8.677630194028218,1.4505572609603405,,,,
2423,7.947536884221055e-05,0.10185907077975571,0.024972342803329182,0.0030673488773269733,0.03786164434471478,0.4407902661400537,7.912341039379438,9.027429727713267,1.5287164290746054,,,,
2424,7.942560640160041e-05,0.09734012463595718,0.018845217795485307,0.0029258217494619507,0.03759257875693341,0.4430599487076203,7.870350172122319,8.895855061213176,1.4901538982987403,,,,
2425,7.937584396099026e-05,0.09797748186004658,0.01476998703568618,0.0029535681484048836,0.03661046730509649,0.4276003142508368,7.711017737785975,8.734495675563812,1.4801054812967778,,,,
2426,7.932608152038009e-05,0.09626365158862124,0.016400314246644263,0.0029540148067705254,0.0370542943982097,0.4326832588451604,7.798856912056605,8.840490554769834,1.4870478222767511,,,,
2427,7.927631907976995e-05,0.09306137880388027,0.015932785605873922,0.0029371649429473716,0.037840954590744026,0.4404616789581875,7.892116864522298,8.881803200642269,1.4801531230409941,,,,
2428,7.92265566391598e-05,0.09823290181035797,0.018466931352872487,0.0029436186653280555,0.03807952527228432,0.44896855351204673,7.882056075334549,8.851585668325423,1.4799817308783532,,,,
2429,7.917679419854963e-05,0.0935927162412554,0.015321031628480716,0.0027375282888897345,0.03740694011406352,0.43921580649912356,7.803472713629405,8.789994082848231,1.4621936957041421,,,,
2430,7.912703175793949e-05,0.09876075440552086,0.016247776177210477,0.0031238173026698255,0.03740050956839695,0.4419885899871588,7.782462753852209,8.832275066773096,1.5008735197285812,23.238875396149584,0.6436562938999166,24.114773259625437,0.6789009104484757
2431,7.907726931732932e-05,0.09215859795998162,0.016977420133600787,0.002920791716648334,0.03705535312571252,0.4377484148368239,7.782996001839638,8.800764099756877,1.48372889260451,,,,
2432,7.902750687671917e-05,0.0972021580984195,0.015637373783828293,0.0029029005223492276,0.03817705351781721,0.4470802037976682,7.937118252118428,8.948798249165216,1.4960536514719327,,,,
2433,7.897774443610903e-05,0.09440164808960011,0.015379712224261984,0.0029344395576117676,0.03757958558465665,0.44409153011317054,7.872809716065725,8.875401584307353,1.4797469610969225,,,,
2434,7.892798199549887e-05,0.09541854287963361,0.016748959291551676,0.002920712060464818,0.03754667970739926,0.4425836664934953,7.849413477381071,8.869931928316753,1.4947579075892767,,,,
2435,7.887821955488873e-05,0.09717824852559716,0.019349843981445198,0.00290597543274392,0.037936335902971526,0.4461124032114943,7.930234504739444,8.923071575164794,1.4932126797735692,,,,
2436,7.882845711427858e-05,0.09287148362491279,0.01453023878280284,0.0028454230357965573,0.03671301869132246,0.42825459837913515,7.757256336013476,8.844279360771178,1.4833841708799202,,,,
2437,7.877869467366841e-05,0.09828954672751328,0.014618058606686479,0.003050930948666064,0.03745481000902752,0.4408753641570608,7.856953608989715,8.919387205441792,1.5045420008401076,,,,
2438,7.872893223305827e-05,0.09620986994511137,0.01402060889644033,0.0031025445644142263,0.038052911916747686,0.4444792441402872,7.91108048359553,8.891736880938213,1.4897344201803207,,,,
2439,7.867916979244812e-05,0.09790034977874408,0.012597451144806945,0.0030492668902297737,0.03813460592258101,0.44494572300463914,7.8952510237693785,8.84814518292745,1.4855024250845115,,,,
2440,7.862940735183795e-05,0.09766535150508086,0.016722814546082827,0.0028539161722316445,0.037743820700173576,0.4401710274939736,7.8618924736976625,8.85960484544436,1.4769430706898372,23.26156456181307,0.6437195560892666,24.125368449428212,0.6788572488420316
2441,7.857964491122781e-05,0.09642427003321548,0.016121381166812564,0.002953522874668124,0.03652345449275648,0.43437012219801546,7.742390382289886,8.770931375026702,1.4831750576694807,,,,
2442,7.852988247061766e-05,0.09190430703262488,0.01617580406573153,0.0027412153662832377,0.036749518515231706,0.4313329938488702,7.75185115536054,8.740739518404007,1.4625267937779427,,,,
2443,7.848012003000749e-05,0.10007775602862239,0.014290444668900075,0.002973530732560903,0.038144754517513015,0.4505711025868853,7.906813742717107,9.042159416278203,1.5155129899581274,,,,
2444,7.843035758939735e-05,0.09808342851853619,0.01850749886063448,0.002906157978698805,0.037233441226029146,0.4343174636984865,7.81395917336146,8.832051561276119,1.4782536829511324,,,,
2445,7.83805951487872e-05,0.09803241794773689,0.017050530925175198,0.0027728234188543867,0.036496874581401544,0.42748759627963107,7.719470503926277,8.72288246154785,1.467445968836546,,,,
2446,7.833083270817705e-05,0.09963707540882752,0.023687868422605292,0.003064581731875175,0.03807435394070732,0.4451049987847606,7.869382856289546,8.891122649113337,1.499197363977631,,,,
2447,7.82810702675669e-05,0.09594756019456933,0.015381001781200106,0.0029217175414790594,0.03708074342963907,0.4376374611320595,7.686290021737417,8.721389537056288,1.4645409549276034,,,,
2448,7.823130782695676e-05,0.09582153169127802,0.018667684740105748,0.0028225124305511903,0.03649837458506226,0.42911458866049845,7.739439541101456,8.724456620216369,1.46404689848423,,,,
2449,7.818154538634659e-05,0.09532143192676207,0.01830361855645363,0.0029445860628281176,0.03712902570647809,0.4372992073496183,7.811308181285858,8.880485725402831,1.4919002612431844,,,,
2450,7.813178294573644e-05,0.09746020557358862,0.01870641936407565,0.002909204207814279,0.03731194061692804,0.43909575063735246,7.88188982407252,8.978162695964178,1.505151945600907,23.260748806270236,0.643945645650947,24.123070702799144,0.6787680604394695
2451,7.808202050512627e-05,0.10021474151872098,0.01875329048524922,0.002790132404091613,0.0368869010397854,0.42789123604695,7.738592628637949,8.736690906683604,1.464372925957044,,,,
2452,7.803225806451613e-05,0.09632035560595492,0.017854850195710315,0.0028705401436430597,0.03800850314825463,0.44953961555535593,7.917647681633631,8.899419043461481,1.4945709851880868,,,,
2453,7.798249562390598e-05,0.08949353422503918,0.014320098423673796,0.0027409309150849973,0.03641287401551381,0.42839369596913457,7.677696190277735,8.621732201178869,1.4370737525324027,,,,
2454,7.793273318329581e-05,0.09366487993393094,0.02325795606491402,0.002940263771840061,0.0376073359628208,0.4432388624486824,7.782797241210938,8.834531038999557,1.4861172452569007,,,,
2455,7.788297074268568e-05,0.09500285614437114,0.018556820866476333,0.0028338290880734955,0.03730812860109533,0.43913629294062656,7.794854221741359,8.779403016964595,1.471102729688088,,,,
2456,7.783320830207554e-05,0.0939603328704834,0.015318311305171303,0.0028815105475587187,0.038180073730958004,0.447205917413036,7.943128099044164,8.932609482606251,1.4874574854969977,,,,
2457,7.778344586146537e-05,0.09640376798342913,0.013389798589319863,0.0028647908302446012,0.036894483278350286,0.4326821757170061,7.763792098561923,8.813698454697926,1.4769578042129676,,,,
2458,7.773368342085522e-05,0.0976600732964774,0.013812728655584338,0.0028106466341644896,0.03708631865059336,0.43220182742613056,7.728341777125994,8.803666157523791,1.4756896669665973,,,,
2459,7.768392098024508e-05,0.09134436657186598,0.015780891041083725,0.002745285347676448,0.037210575976253796,0.4362009384979804,7.875959293047587,8.869991592566173,1.4689894437789917,,,,
2460,7.763415853963491e-05,0.09489894191889713,0.014640264543076898,0.002878248684464779,0.03752898576979836,0.4394186481833458,7.842431022723516,8.785388469696045,1.4740357026457787,23.24509434035624,0.6434962515563558,24.115528530904733,0.6787304752542916
2461,7.758439609902476e-05,0.09694407995945463,0.015203033131552912,0.0028434974144147416,0.03789883441058919,0.44279163622607787,7.881397442022959,8.829370019833247,1.4685433926681677,,,,
2462,7.753463365841462e-05,0.09772883504629135,0.015481992812916616,0.002973771137233901,0.037864609151923405,0.4455998316717645,7.930025070905685,9.003990473349889,1.5095695515473684,,,,
2463,7.748487121780445e-05,0.09547828221693636,0.01584315201504847,0.002885553021163408,0.03742676701707145,0.44280170851076645,7.86001366575559,8.864210677146911,1.484070861339569,,,,
2464,7.74351087771943e-05,0.09357653444943329,0.01564418928489266,0.0029428927628032397,0.036830204407063624,0.4326139935913185,7.798324491580328,8.809309146801631,1.4793067030608653,,,,
2465,7.738534633658416e-05,0.0927649937880536,0.01467683783644927,0.002848923556181641,0.03711716123313333,0.4362866132520139,7.769332673152288,8.765935027599335,1.469285754362742,,,,
2466,7.733558389597399e-05,0.09858848241468271,0.013336367409783523,0.003021298524587716,0.03788305222988129,0.4484030577664574,7.872051913539568,8.906885331869125,1.5028882299860318,,,,
2467,7.728582145536384e-05,0.09811272981654232,0.01649784502736562,0.002969262416809215,0.037118185903333746,0.43283987138420343,7.831194003423055,8.826710553963979,1.4824533589184283,,,,
2468,7.723605901475367e-05,0.09780629054487994,0.014314468394483405,0.002970579087408017,0.03696971231062586,0.4368581589932243,7.705098799864451,8.693430725733439,1.4732595625023046,,,,
2469,7.718629657414353e-05,0.09758280767903973,0.015845579258451804,0.002989576219745989,0.03743372335253904,0.43983134093383947,7.836467067400615,8.824354421099027,1.484332719941934,,,,
2470,7.713653413353338e-05,0.0961144539139544,0.021287291780015257,0.0029715801355147658,0.037698303640354425,0.44357271067177256,7.861955320835113,8.859677177667617,1.491319910933574,23.25042863342759,0.6429964549742985,24.10904324810558,0.6786575448407483
2471,7.708677169292321e-05,0.09283334958987931,0.013297994042782691,0.0028282019573453,0.037153784236094604,0.4392127892002463,7.728002776702245,8.683091582854589,1.4519466879467169,,,,
2472,7.703700925231307e-05,0.0961227235229065,0.014843245112467833,0.002894394593082931,0.03768238474925359,0.44583560299749175,7.812388000885646,8.877871590852738,1.4904459595680237,,,,
2473,7.698724681170292e-05,0.0958355877858897,0.015594658614110557,0.003118025112780742,0.037807832087855785,0.4482756628965338,7.883528591195742,8.974064467350642,1.5214390640457471,,,,
2474,7.693748437109275e-05,0.09746125504219284,0.019618203383408205,0.0030229851592594057,0.037295518126726775,0.43345377122362455,7.847439942757289,8.896432207028072,1.509405710051457,,,,
2475,7.688772193048261e-05,0.09792726752348244,0.013343688517910538,0.0029284793400923565,0.037170041195349765,0.43621064505229395,7.80964525838693,8.859048833449682,1.4874719480673473,,,,
2476,7.683795948987247e-05,0.09683109234708051,0.01843406566623506,0.0027729818561056164,0.03621720742473068,0.42600488499738276,7.742548161745072,8.790570585926373,1.470972249408563,,,,
2477,7.678819704926232e-05,0.09990151969250291,0.012546468888030555,0.0029965298976700676,0.03811305691100036,0.44652333989118537,7.9514333019653956,8.99338840842247,1.506522359699011,,,,
2478,7.673843460865218e-05,0.09034890891828885,0.01195254160473292,0.002725091836752351,0.03626828069100156,0.43004464559877914,7.705564246575038,8.678802249828975,1.4518747359514237,,,,
2479,7.668867216804203e-05,0.09319629655219615,0.015583286770556508,0.0029522051804936685,0.037484484546196954,0.4369705490147074,7.769482098023096,8.837751307090123,1.4862954032917817,,,,
2480,7.663890972743186e-05,0.09696666565723717,0.014011509788623814,0.0028665100759553753,0.03763590528008839,0.4413535029006501,7.815326549609503,8.850431974728902,1.4730472311377525,23.234524730518892,0.642627469869689,24.111478051433988,0.6787646444244034
2481,7.658914728682172e-05,0.09486467907360445,0.018289260587441625,0.0029595475417712198,0.03734236664022319,0.43799752832079925,7.8353908608357115,8.888003093004226,1.4954480521380902,,,,
2482,7.653938484621157e-05,0.09860294711931299,0.017898895372825147,0.0029157182170213977,0.03666987375278647,0.4327369510817031,7.765665465593338,8.756449667612712,1.4763193103174368,,,,
2483,7.64896224056014e-05,0.09627429790173968,0.01732651073827814,0.003000489926519852,0.03747670476247246,0.44276877778271834,7.818958258628845,8.861513251066208,1.488089629014333,,,,
2484,7.643985996499126e-05,0.09353236873478939,0.016125344389749923,0.0027744226112796848,0.03619439432707926,0.42559374139333767,7.683752344051997,8.712118764718374,1.4640922295550505,,,,
2485,7.639009752438111e-05,0.09276271766672532,0.014294649651395708,0.002942368627069906,0.03728664609758804,0.4414095470060905,7.87634012500445,8.887272793054581,1.4897952787578106,,,,
2486,7.634033508377094e-05,0.09269594192349663,0.01664941172902023,0.0028651360281704303,0.03683694046145926,0.4321132332397004,7.730880137284597,8.72298902074496,1.4586995735764503,,,,
2487,7.62905726431608e-05,0.0916699712475141,0.017575054833791535,0.00289088811162704,0.036797932923461,0.42972306671241917,7.720319338639578,8.746350783109666,1.460354352245728,,,,
2488,7.624081020255063e-05,0.08857845601936182,0.013303846832445447,0.002792864765918542,0.036820790738177796,0.43337097972010574,7.747639670968056,8.773608839511871,1.4722674362361432,,,,
2489,7.619104776194048e-05,0.09399026700605949,0.013627074117337271,0.002930588745039131,0.03724784360189612,0.4369860440182189,7.779400543371836,8.792396708329518,1.4737643544872603,,,,
2490,7.614128532133034e-05,0.10198514773510396,0.01626954411993246,0.002969083901856114,0.03696782233115906,0.4404248455539346,7.765177104870478,8.758834087848664,1.4803792116542658,23.234539842252776,0.6431421755925885,24.11673779622354,0.6789355991852593
2491,7.609152288072017e-05,0.0967773827491328,0.013622645068315202,0.0029723248590016738,0.03743806498047585,0.4392559815198183,7.855052857597669,8.901922114690144,1.4903225081662337,,,,
2492,7.604176044011002e-05,0.10162055537415048,0.018492927350228266,0.002785850229065545,0.037285306646178164,0.4327571036294103,7.84555214047432,8.921227876345316,1.4890416527787844,,,,
2493,7.599199799949988e-05,0.09931685365736484,0.014701654378292977,0.0029294736455995007,0.037621382674357544,0.44338108152151107,7.870570017894109,8.926366480191549,1.491350139429172,,,,
2494,7.594223555888971e-05,0.09496700222759197,0.020139128367969168,0.0029743750988927785,0.03710494280094281,0.4376481911788384,7.785934708515803,8.788899968067804,1.4816692548493544,,,,
2495,7.589247311827956e-05,0.09407606571136663,0.015119978621512715,0.003121239364494007,0.03690615056548267,0.43596174639339247,7.791998866200447,8.865193782250087,1.5066717433432737,,,,
2496,7.584271067766942e-05,0.09171033354165653,0.014908971656225449,0.002710946492031023,0.03672182366329556,0.4338434066002568,7.657045529286067,8.6354960501194,1.4372692830860614,,,,
2497,7.579294823705925e-05,0.09720262781096002,0.016781514843307407,0.0028824901764285945,0.03754816643971329,0.443328938819468,7.881992574532827,8.875593201319377,1.4864678179224333,,,,
2498,7.57431857964491e-05,0.09975907769209395,0.016838309112447637,0.00303914639158999,0.0369001422310248,0.43135182845095793,7.740638664364814,8.773296991984049,1.486115067328016,,,,
2499,7.569342335583896e-05,0.09959436160667488,0.01440814603431398,0.0028020386119957646,0.03713775407910968,0.43452371791936456,7.749271350105603,8.750311728318533,1.461594820767641,,,,
2500,7.564366091522882e-05,0.09522579357338448,0.013892597278767483,0.0029959301637063618,0.03812067077184717,0.4490234381829699,7.842816493908564,8.886359896262487,1.489489665130774,23.22607805108118,0.6426756388863536,24.11859485388215,0.6791489255141148
2501,7.559389847461867e-05,0.09556461453903467,0.013644849535267057,0.0030453574319532586,0.03709384904941544,0.4314820173351715,7.778843358159065,8.785262120763461,1.490702218314012,,,,
2502,7.55441360340085e-05,0.09775010772670309,0.013665372057750425,0.002874520924342505,0.037264798818311344,0.4402789874623219,7.775688978036245,8.752588760852813,1.463012593984604,,,,
2503,7.549437359339836e-05,0.09716427212891479,0.015447220317282651,0.003085268851706739,0.03837787401086341,0.45165892920146383,7.881619282563528,8.900156337022782,1.4967724566658338,,,,
2504,7.544461115278821e-05,0.0998955099688222,0.016864433509007258,0.002901861849143946,0.03784635215221594,0.43717961938430866,7.869147829214731,8.905803579092026,1.4881650246679783,,,,
2505,7.539484871217807e-05,0.09406459618670245,0.02221456452305044,0.0028298869338262496,0.03684634788660333,0.4346488903897504,7.760556054115296,8.699875605106353,1.4519720350702603,,,,
2506,7.53450862715679e-05,0.08899169327535977,0.023545620288023154,0.002771697707430576,0.036864253191743045,0.4334185757674277,7.779693958163262,8.823174399137496,1.468080264578263,,,,
2507,7.529532383095775e-05,0.09260213466671606,0.017026814287751286,0.002826851624195115,0.03729627071491753,0.4387228592298925,7.75619155963262,8.763107344508171,1.4673846282064915,,,,
2508,7.524556139034758e-05,0.09874150986627986,0.013858823093916329,0.002817142560040035,0.03696214354713447,0.4358921844822665,7.690542864799499,8.701691883802415,1.456180175145467,,,,
2509,7.519579894973744e-05,0.09623926555116971,0.017209557125336842,0.0029147958171506618,0.037474260502494874,0.44395918721954025,7.876354567209879,8.888150849938393,1.4914792413512865,,,,
2510,7.51460365091273e-05,0.09519701076981922,0.01942800462286005,0.0028965251494507053,0.03787890310244014,0.44978019638607897,7.871499215563138,8.880985435843467,1.488471739490827,23.23648602994179,0.642641827556276,24.12460009334129,0.6792900441979116
2511,7.509627406851712e-05,0.09264258698094636,0.013959562383638869,0.0028581255666116096,0.03734459320936973,0.44123430366938315,7.7740463495254515,8.78081732193629,1.4706425602237383,,,,
2512,7.504651162790698e-05,0.0954253925786664,0.0164103651985725,0.0028975267831204596,0.036805155611364174,0.4347315959011515,7.777236193418503,8.76974010070165,1.480466940999031,,,,
2513,7.499674918729683e-05,0.09878238017360369,0.013880759743435256,0.0029061014800390696,0.036307651968672874,0.4274179511082669,7.604243565599123,8.635786386330922,1.4626692411800226,,,,
2514,7.494698674668666e-05,0.09376143501528228,0.01455261354136607,0.0028458168728927075,0.03712065484529982,0.4346321334441503,7.768726811806361,8.770061471064885,1.4747205066184204,,,,
2515,7.489722430607652e-05,0.0933922732481733,0.017491633532052506,0.0028261966080511533,0.037052990224522846,0.4358840775986513,7.788945717612902,8.806983794768652,1.4755232887963454,,,,
2516,7.484746186546637e-05,0.09667061566530416,0.016571121354345915,0.0028539035038799435,0.03706354201616099,0.43436426520347593,7.72909667690595,8.709033791224162,1.4569213926792144,,,,
2517,7.47976994248562e-05,0.09359116177850714,0.01764388967352149,0.002930707887086707,0.03716747788906408,0.4369684761700531,7.8102438151836395,8.764986323316892,1.4678951645890872,,,,
2518,7.474793698424606e-05,0.09001171671164533,0.013155832413018964,0.002690505305993914,0.03597540705620001,0.4226693776125709,7.67700305879116,8.681856179237366,1.4404787957668304,,,,
2519,7.469817454363591e-05,0.10036833664247145,0.015890795477344226,0.0028729514557805183,0.03783929726729791,0.4447180373594165,7.945780660708746,9.002080931266148,1.4995136857032776,,,,
2520,7.464841210302574e-05,0.09391541845009972,0.018398393931036757,0.002767415732068912,0.036854906764347106,0.4302259023611744,7.686855443318685,8.661117415626844,1.4428248622765143,23.233823208826568,0.6424676745803851,24.114659440956306,0.679199607137009
2521,7.45986496624156e-05,0.09226586805501331,0.013738378173900239,0.0029270250896540045,0.037094328705764686,0.4381362480421861,7.80215949912866,8.792352523406347,1.4780969793597858,,,,
2522,7.454888722180546e-05,0.098790283780545,0.017927261172065615,0.003082211638078055,0.03791880742258703,0.44171101236715915,7.90517323811849,8.963660538196564,1.5104928888380527,,,,
2523,7.449912478119528e-05,0.09292018174892291,0.015533354287888735,0.002863903275283519,0.03630066870246083,0.4278840664153298,7.721856438120207,8.768375480175019,1.4774819272259871,,,,
2524,7.444936234058514e-05,0.09400624587821464,0.02062625569462814,0.0029153370981475748,0.037314798430694886,0.43873406760394573,7.803228032588959,8.846522424618403,1.4893079981207848,,,,
2525,7.4399599899975e-05,0.09220646702839683,0.01463338588649581,0.0026801795199692907,0.036272728055094676,0.42526773692419134,7.666461604833603,8.6903793156147,1.4517798428734143,,,,
2526,7.434983745936485e-05,0.09624636378915359,0.01643273424904598,0.0030369155054359,0.03679858564476793,0.4335633199972411,7.724714035789172,8.79803089996179,1.4889249528447788,,,,
2527,7.430007501875471e-05,0.0944821736154457,0.016288029335288945,0.00277507014470757,0.03800850888947025,0.44713231871525444,7.905081117153168,8.902257364988326,1.481573980798324,,,,
2528,7.425031257814454e-05,0.09422570003662259,0.012323453291339704,0.0027790951197251466,0.03725388874687875,0.43794146940733,7.8101520081361135,8.896059473355612,1.4822812030712764,,,,
2529,7.420055013753439e-05,0.09302991194029649,0.01723621938157862,0.0029783023287260828,0.03686655853913787,0.43124792507539195,7.724370268980662,8.720703701178232,1.4669022791087627,,,,
2530,7.415078769692425e-05,0.09360379446297884,0.019864366520096186,0.002917340809532713,0.03718203140500312,0.4362539258475105,7.816716048121452,8.871907120943069,1.4910619815190633,23.21335008995499,0.6424982373955465,24.108692453270354,0.6792105674875513
2531,7.410102525631408e-05,0.09599045050951342,0.023514385235594185,0.002850908721605568,0.03738931866440301,0.43584582628682256,7.861466556787491,8.836131200194359,1.47407177289327,,,,
2532,7.405126281570393e-05,0.09666306280220548,0.018395597350878035,0.0028472154127181662,0.03674251715807865,0.43251055870205163,7.805339717864991,8.91150038043658,1.4880818637708824,,,,
2533,7.400150037509379e-05,0.09524207317736,0.016084897551476417,0.0028125836951706637,0.03656118200160563,0.4264828929056724,7.798616662621498,8.819222964843114,1.4735940240323544,,,,
2534,7.395173793448362e-05,0.09824981323132913,0.01702519418721288,0.002951852011816906,0.037683106365147975,0.44363491162657737,7.848848376671473,8.909210587541262,1.488238874077797,,,,
2535,7.390197549387347e-05,0.09468425769203653,0.015167953909317074,0.0029183147844378254,0.03685263273849462,0.43446924071758986,7.753741331895193,8.765080424149831,1.4765162338813147,,,,
2536,7.385221305326333e-05,0.09902139272696028,0.015652500485212346,0.0029249389162941952,0.03810504877280133,0.4470493821116785,7.958103919029236,8.926366398731867,1.489442520091931,,,,
2537,7.380245061265316e-05,0.09624995191891988,0.018549875802632756,0.0027114063697202557,0.03692253037976722,0.43241242235526445,7.680793104569117,8.652598400910696,1.4439589748779933,,,,
2538,7.375268817204301e-05,0.09914574498931567,0.019395737055936408,0.0028944598840704807,0.038304579871085785,0.4454459480320414,7.967911295096079,8.926948110262552,1.482608076930046,,,,
2539,7.370292573143287e-05,0.09409099588325869,0.018200899263896394,0.002851038832462412,0.03737596890811498,0.44258415079675617,7.859504163265228,8.82892688413461,1.481643345206976,,,,
2540,7.36531632908227e-05,0.09307412520671884,0.013504395761605788,0.0028479781978603567,0.03733506096759811,0.4430076613711814,7.8312201221783955,8.864083089431126,1.4844970079759756,23.19294274372931,0.6426100981396646,24.09657121379883,0.6791740725179711
2541,7.360340085021255e-05,0.09839203127970299,0.017501641336818544,0.0028901100629809664,0.037694741420758265,0.4405994783466061,7.808927130699158,8.87496349811554,1.4875091356535752,,,,
2542,7.355363840960241e-05,0.09672200980906685,0.01689270369444372,0.002793049695598408,0.03634987426145623,0.4255545524259408,7.68006808757782,8.765070915222168,1.4700367180009684,,,,
2543,7.350387596899224e-05,0.09493469527612129,0.016120019853256153,0.002961260027980946,0.037419278302695605,0.44155987901613114,7.8509323537349704,8.908004728953044,1.4972141561408838,,,,
2544,7.34541135283821e-05,0.10066663591035953,0.014877366161846222,0.0031765963194629876,0.037721730791963635,0.44353786495824654,7.896260918180148,8.910878631472588,1.5102099684377512,,,,
2545,7.340435108777192e-05,0.10038937731490781,0.015100351142011862,0.0029404174353354997,0.037621776876039806,0.4401461233074466,7.786840484539668,8.832119216521582,1.4973566790421804,,,,
2546,7.335458864716178e-05,0.08889109985902906,0.018971296542024903,0.0026629910331394057,0.0366363712780488,0.43229480646550655,7.726172534624736,8.672746886809668,1.44771846656998,,,,
2547,7.330482620655163e-05,0.09928172215974579,0.018110739288378763,0.0030454322527172432,0.037844398823411514,0.4474480508826673,7.8672224958737695,8.948436484734218,1.5036151736974717,,,,
2548,7.325506376594149e-05,0.09973386395722628,0.015286558933671538,0.0029161283947663225,0.03778423535404727,0.4428795797750354,7.831808234254519,8.874348485469818,1.4833653944234053,,,,
2549,7.320530132533135e-05,0.09325337202753872,0.017768563079737978,0.0027840368247780134,0.03699497485067695,0.43730015978217124,7.752627354860306,8.691507027546566,1.446525655935208,,,,
2550,7.315553888472118e-05,0.09815378991576533,0.017451332728788307,0.002893005729614136,0.038291980815120044,0.4493190134254595,7.9599410156408945,8.978031567732494,1.498109004398187,23.208110190661028,0.6423355686538368,24.097847499340865,0.6791801994528207
2551,7.310577644411103e-05,0.09822610931781431,0.01531279378486629,0.0030377831288205927,0.037930020651159184,0.44223289101695024,7.914114076892535,8.952622282505036,1.5003884814679622,,,,
2552,7.305601400350089e-05,0.09940744725366434,0.016490533804533934,0.002951210624996747,0.038215692539233716,0.4483028395101428,7.883802636464437,8.904249451557796,1.4887288329501946,,,,
2553,7.300625156289074e-05,0.09491735321935266,0.015649285544003435,0.002901412989134163,0.03737573558464646,0.43718295777216554,7.910375798741977,8.989911578098933,1.4961655229330062,,,,
2554,7.295648912228057e-05,0.09178352104499936,0.014731315551518602,0.002859857083179425,0.03756937622092664,0.4386035438006123,7.746280618508657,8.705397830406826,1.4571127625803153,,,,
2555,7.290672668167043e-05,0.093363890509742,0.0198551145315367,0.002929744751478817,0.037253786359603205,0.4418255630880594,7.765783354640007,8.780847438176473,1.4806555787722269,,,,
2556,7.285696424106028e-05,0.0955375089077279,0.022242284073363018,0.0028632314433707506,0.03682618261276124,0.42894698126862446,7.725442773103714,8.792412867148718,1.4737206086516381,,,,
2557,7.280720180045011e-05,0.09810766959562897,0.01717354669177711,0.0029098722712054344,0.03718585876049474,0.44001913322135805,7.763452460368474,8.823592627048493,1.4791015786429247,,,,
2558,7.275743935983997e-05,0.0953094483896469,0.015937561001025915,0.0029540077259298412,0.03745954072025294,0.4437886924482882,7.886147537827492,8.938130821784338,1.5136023280521234,,,,
2559,7.270767691922982e-05,0.0968221589534854,0.012461436161919111,0.002760379297584829,0.03664901844458655,0.4297628358006477,7.719011878967285,8.75836527645588,1.4656952659289042,,,,
2560,7.265791447861965e-05,0.09757485881758234,0.019109510797486816,0.003032594500109553,0.03730963908601552,0.43655832748239237,7.846073890725772,8.914421520630519,1.5017147411902745,23.205028841006463,0.6420051945774736,24.095057901839027,0.6789857370791771
2561,7.260815203800951e-05,0.09526919540561114,0.014779894861200956,0.002863520133663163,0.03694553847502296,0.4353690026638409,7.799224233627319,8.846701228618622,1.4883981021742025,,,,
2562,7.255838959739936e-05,0.09879054060826699,0.014297585271183655,0.0027829030839560194,0.037627221300499517,0.44433131131033105,7.938901659846306,8.981792547305425,1.4947990180303654,,,,
2563,7.250862715678919e-05,0.09703022522541384,0.015549369306416741,0.002928654073305855,0.03748682745499536,0.4415053614725669,7.8756530771652855,8.973654594024023,1.5064583361148833,,,,
2564,7.245886471617905e-05,0.09972319138081123,0.013112284029835145,0.0028592824842538296,0.03697905418618272,0.4313267046275238,7.770922235647837,8.816033079226811,1.481582306822141,,,,
2565,7.240910227556888e-05,0.09658920525883635,0.01764983354111059,0.0031299842749528276,0.03729047953772048,0.4391856100410223,7.7693711141745245,8.792085568110148,1.487850663314263,,,,
2566,7.235933983495873e-05,0.09456565118550013,0.015702653028615877,0.002876967433500492,0.03749163573763023,0.4457983920350671,7.804940269390742,8.830282586812974,1.4727906515200933,,,,
2567,7.230957739434859e-05,0.09552574575257798,0.02071118131203994,0.0029283253898029216,0.036912791151553395,0.43388629124189415,7.718807047605514,8.748674535751343,1.469771291812261,,,,
2568,7.225981495373842e-05,0.09129452837320666,0.01622093380799529,0.002851883930755624,0.036014505735753724,0.4230842062582572,7.683107375105222,8.693132709463438,1.4672070605059464,,,,
2569,7.221005251312827e-05,0.09603710512941083,0.012910347908753502,0.0030277507977492252,0.0366552242776379,0.4316615059350928,7.690693811575572,8.726555468638738,1.4777181506156922,,,,
2570,7.216029007251813e-05,0.0927670961090674,0.020721814935397286,0.0028693826046340596,0.03622453968467501,0.4207859169691801,7.620794246594111,8.608525590101879,1.4510800532996655,23.18784765319168,0.6419115668758224,24.092343384773297,0.6789355747936037
2571,7.211052763190796e-05,0.10044841036821404,0.016103333232079877,0.002873609554747721,0.03754393324488774,0.44085981252913675,7.742014624675115,8.819519199927647,1.4802481117347877,,,,
2572,7.206076519129781e-05,0.09639095624443143,0.01428112726296084,0.002877816717955284,0.03710547571536153,0.43616897999309,7.649845824639002,8.619466804464658,1.4386680126190186,,,,
2573,7.201100275068767e-05,0.0980016354471445,0.013329225053928884,0.002815127488581008,0.037267080523694554,0.43944910786425073,7.790336147944132,8.829007355372111,1.4706286877393722,,,,
2574,7.196124031007753e-05,0.09531476978833477,0.013965696714767054,0.003117173459334784,0.037660035855757695,0.44498166829968494,7.8615719417730965,8.892750485738118,1.5077155515551568,,,,
2575,7.191147786946738e-05,0.09317879768398901,0.015709756913791492,0.002907201571300296,0.03751648965214069,0.4397981089539826,7.8536851118008295,8.833065257469814,1.4766751614709694,,,,
2576,7.186171542885724e-05,0.0953231035809343,0.013270560215475442,0.002762151970091509,0.037570352770853785,0.4392745040667554,7.827316711346309,8.741088765859605,1.452320789794127,,,,
2577,7.181195298824707e-05,0.09842693990406891,0.015937879023399402,0.0029676364126013746,0.03655703209030132,0.4294061499958237,7.7237600157658255,8.837097045779227,1.4961000926792623,,,,
2578,7.176219054763692e-05,0.09728251168659578,0.015424892402465806,0.002998096780356718,0.03731336072087288,0.44154228245218596,7.807246718804041,8.853524233897527,1.4861519212524097,,,,
2579,7.171242810702678e-05,0.0958927286012719,0.012799015395812822,0.002889683719574047,0.03663047888937096,0.4285524256216983,7.72730881969134,8.761923593282699,1.4760172521074613,,,,
2580,7.166266566641661e-05,0.10032569887116552,0.014066015356783772,0.0028214104553626385,0.03731983236308831,0.4347148337711891,7.695302853981654,8.740516369541487,1.468819186091423,23.22143155682355,0.6426157623437361,24.090200982654828,0.6789042020707614
2581,7.161290322580646e-05,0.09639274074385563,0.021398841137814643,0.0027727821723601666,0.036875202279770744,0.4307236121967435,7.822850189606348,8.856511364380518,1.4732379756867886,,,,
2582,7.156314078519629e-05,0.09351669145592799,0.02270927876303984,0.0028504076956475427,0.03723990619570638,0.44042204606036345,7.830761138598124,8.87695329785347,1.4762390124301115,,,,
2583,7.151337834458615e-05,0.09333461249091973,0.014255536383714802,0.0029611409114901712,0.03745587391701217,0.43971441698571045,7.8231380979220075,8.829870078961054,1.4850818944474062,,,,
2584,7.1463615903976e-05,0.09790063394854466,0.01794791909479582,0.0029862002777008454,0.037787960473603256,0.4439699711278081,7.9269257148106895,8.944832354784012,1.5025898133714994,,,,
2585,7.141385346336583e-05,0.10094917424333592,0.019785205716528687,0.0029842806435529685,0.03766743620314325,0.44474645719553035,7.949282777309418,9.011186573902766,1.5010402448475362,,,,
2586,7.136409102275569e-05,0.09370004213415087,0.016885901934131538,0.00305970615396897,0.03701397122737641,0.43786005570242803,7.7886084367831545,8.801696838935216,1.4878080906967321,,,,
2587,7.131432858214554e-05,0.09845362426713108,0.014778026826524116,0.0028174015812207167,0.03750551403112089,0.4365409292901556,7.814780673384666,8.813244833548863,1.4719948115448156,,,,
2588,7.126456614153537e-05,0.09681325304942827,0.01668043025850407,0.002962879834437141,0.03836403735525285,0.45130483877534666,7.936539251605669,8.988088683287303,1.5078912449379762,,,,
2589,7.121480370092523e-05,0.09789232447122534,0.015468934507788183,0.0030455708291507715,0.037156420511504015,0.4399291898434361,7.7680786947409315,8.838044838110607,1.497528004894654,,,,
2590,7.116504126031508e-05,0.09851954676366101,0.013288267596526415,0.002832167856468004,0.03725139876672377,0.4358431834727526,7.86207676033179,8.88709005912145,1.4893675953149796,23.224423721239777,0.6429123288241378,24.08769856502454,0.6789122157881259
2591,7.111527881970491e-05,0.10133222062916805,0.02313168105155272,0.0030810773334451367,0.03734195307673265,0.43999537266790867,7.787371731797854,8.81773938635985,1.4979284442961216,,,,
2592,7.106551637909477e-05,0.09546331749297679,0.018180322555751232,0.0028967498652491485,0.03749622759836105,0.4395916966255754,7.849539880951245,8.912251337369282,1.4988543223589659,,,,
2593,7.101575393848462e-05,0.09926902966108173,0.018331948516982794,0.0029068961085916573,0.03757000142165149,0.44078176546220976,7.831903686126073,8.918994057178498,1.491486582532525,,,,
2594,7.096599149787445e-05,0.09526573546075573,0.017293673665452404,0.003011107331318878,0.03693999255386492,0.4358659820010265,7.799650674064954,8.891617413361868,1.4966800848642985,,,,
2595,7.091622905726431e-05,0.09416808281869939,0.018392601107626274,0.0026790180841392915,0.03653184724971652,0.42711659918228784,7.667649728059769,8.678759022553761,1.4461452094217142,,,,
2596,7.086646661665417e-05,0.09535987076039115,0.017202085954431054,0.0028480140844597676,0.035873845875418434,0.42069259587054453,7.594525677959124,8.584777134656907,1.44930035546422,,,,
2597,7.081670417604402e-05,0.09123028394921372,0.01722728533345368,0.002815038417490238,0.03714223522498893,0.4350942911580205,7.80862959822019,8.771085713307063,1.4655994000534216,,,,
2598,7.076694173543385e-05,0.09332656365974495,0.01592957346452412,0.0027709987397732524,0.03734059802178914,0.43659146757175527,7.836389931042989,8.857102068265279,1.467728140950203,,,,
2599,7.07171792948237e-05,0.09336096630431712,0.013749952728514892,0.0028997889109935687,0.03669713975978084,0.43001429705570143,7.66441779534022,8.607112230857213,1.4460258103907109,,,,
2600,7.066741685421356e-05,0.09863117516506463,0.01298063150196945,0.003073928088633693,0.03761320500634611,0.4399570321974655,7.8291782965262735,8.83254321217537,1.4774615248044332,23.208105759920898,0.6425166353815388,24.079925360394537,0.6788500763583113
2601,7.061765441360342e-05,0.09907115466582278,0.012755768318373424,0.0029009302120660625,0.03868645249943559,0.4554505066014826,7.896741076310476,8.906979602575301,1.485777164498965,,,,
2602,7.056789197299325e-05,0.09107025169456999,0.014618447618450192,0.0027602022915743873,0.03698787469184026,0.43451189032445353,7.8563856214284895,8.859740807612736,1.4745802442232767,,,,
2603,7.05181295323831e-05,0.09792186216606448,0.014624249790025145,0.002859685344568182,0.036835116733952115,0.4344308186322451,7.776025315125783,8.844511075814564,1.4844854270418486,,,,
2604,7.046836709177296e-05,0.0961732238686333,0.01659172575930586,0.002954033519775597,0.03743591894938921,0.44216429560134807,7.814351935187975,8.865760799249014,1.4934514457980792,,,,
2605,7.041860465116279e-05,0.10386801469915857,0.02404783321656699,0.003153752205920076,0.03807207490511549,0.44371033975233637,7.92391896545887,9.02917500336965,1.529190224657456,,,,
2606,7.036884221055264e-05,0.09088034736147771,0.013550337350022179,0.0028075809124857186,0.03725489686476067,0.4432471313824256,7.733468006054561,8.738646655281384,1.4628682985901833,,,,
2607,7.03190797699425e-05,0.0972326353735601,0.014066716858581237,0.0029275499480718283,0.036991314101032916,0.4396999143995345,7.835104658206304,8.930503845214844,1.500931446502606,,,,
2608,7.026931732933233e-05,0.09762909635901451,0.01264667180653456,0.00283608061902972,0.036935409061455475,0.434890851068,7.770593218008677,8.77538564602534,1.4766918379813432,,,,
2609,7.021955488872218e-05,0.095752879162319,0.014008106464696827,0.002976703713951186,0.037590965069830416,0.4387116746045649,7.819615854819616,8.81166893641154,1.480106396228075,,,,
2610,7.016979244811204e-05,0.0986134440987371,0.015240146754352205,0.0028284603998448197,0.03714008912987386,0.4332658971659839,7.71685583293438,8.773604015509287,1.476124684760968,23.23651745415434,0.6426261529044638,24.099659322992366,0.678997053082911
2611,7.012003000750187e-05,0.09357237205064545,0.018553731955574547,0.0026820233316054024,0.0372475240767623,0.4329387024665872,7.806024726231893,8.703644863764445,1.4416610079507033,,,,
2612,7.007026756689172e-05,0.09836875043498973,0.019418699901593416,0.003139925813957234,0.038302607434646536,0.45128813236951826,7.92947968741258,8.917543268203735,1.50546637053291,,,,
2613,7.002050512628158e-05,0.09884246603275339,0.01570459595908081,0.002940918654591466,0.037425119953695685,0.44323057420551776,7.807786915699641,8.9144019027551,1.4950727333625158,,,,
2614,6.997074268567141e-05,0.09043357199989259,0.013986732425733466,0.0027202267486245548,0.037264336932760975,0.43709991686046124,7.7750670373439785,8.764204500118892,1.4616282634437083,,,,
2615,6.992098024506126e-05,0.09573806745465845,0.014948324043830574,0.0028396959577852007,0.03746155232268696,0.441201965448757,7.905565706888835,8.926938569545745,1.487108487635851,,,,
2616,6.987121780445112e-05,0.09299178989604115,0.016883143939239058,0.0028380308831401635,0.03689991311597017,0.43360676110411683,7.760574903090795,8.742630845308303,1.4665942817926407,,,,
2617,6.982145536384095e-05,0.0948895712227871,0.013138928418943537,0.002904879938735879,0.03719913248787634,0.44274186848973235,7.777288102110227,8.837630728880564,1.4818470125397047,,,,
2618,6.97716929232308e-05,0.09720333509612829,0.017877466356244046,0.002867985697472856,0.0379231355987334,0.44502257176985344,7.823202725251516,8.839483201503754,1.473328689734141,,,,
2619,6.972193048262066e-05,0.09664038938159744,0.016882903683882143,0.0029994875798972013,0.03835146365842471,0.45243579111993315,7.938463107744853,8.986474961042404,1.5014897493024668,,,,
2620,6.967216804201049e-05,0.09261967689575007,0.015364129252203259,0.0027774326346237405,0.03639845282887109,0.4279877438209951,7.731630181272824,8.802812882264455,1.4817272208631038,23.242886942306107,0.6426704020837869,24.107384744352867,0.6791824203369557
2621,6.962240560140034e-05,0.09841430806554854,0.01531382404729964,0.002761814267432783,0.03703866721674179,0.434444479085505,7.795243428150813,8.816608313719431,1.4698534734547137,,,,
2622,6.95726431607902e-05,0.09563486215192825,0.013329220010759401,0.0030451555127001483,0.03690088669924686,0.4336244474165142,7.724056329329809,8.726643534501394,1.4705500004192193,,,,
2623,6.952288072018006e-05,0.0917228180449456,0.013882291710891007,0.002788681082589998,0.036992374611630414,0.4369325058845182,7.668754784266154,8.623228851954142,1.4441507505873838,,,,
2624,6.947311827956991e-05,0.09125437160643439,0.013071668190374256,0.0028153703621076904,0.03673404189369952,0.4332807680591941,7.731103785832723,8.733260524272918,1.4677346741159758,,,,
2625,6.942335583895974e-05,0.0914646012786155,0.015460758414061507,0.0028881146805360912,0.0378778674833787,0.4481904479985436,7.89524452984333,8.886865754922232,1.4834921956062317,,,,
2626,6.93735933983496e-05,0.09775601475654791,0.015245323334740787,0.0029475019579573805,0.03704008591982225,0.43480275869369506,7.840470403432846,8.924857457478842,1.5008255337675414,,,,
2627,6.932383095773945e-05,0.09255764331901446,0.014778055270939205,0.0028065211949069636,0.03739473133658369,0.4399379184780022,7.861533739169439,8.83945874273777,1.4774126894772053,,,,
2628,6.927406851712928e-05,0.09036709906843801,0.015126566052445223,0.002797730636545263,0.03766175337368623,0.445273009625574,7.849982512990634,8.885096176465352,1.4682684789101283,,,,
2629,6.922430607651914e-05,0.09459721130939822,0.015252187306263402,0.0029463572693202876,0.03738129271271949,0.4402067607268691,7.797184206048647,8.744348736604055,1.468850644181172,,,,
2630,6.9174543635909e-05,0.0945673681407546,0.019859934312738626,0.0029770280695326314,0.03717705742067968,0.4404591009641687,7.756311241785685,8.79128991762797,1.4810068428516387,23.243027050303663,0.642393492625785,24.11002166222846,0.6793510422827373
2631,6.912478119529882e-05,0.09262158971590301,0.012646572988905473,0.0028008100834995275,0.03659071540071939,0.4296695795531074,7.629426325360934,8.608783334493637,1.4474172698954741,,,,
2632,6.907501875468868e-05,0.09422255288809538,0.012634646432420411,0.002858049360656878,0.03638246940099634,0.42727331034839156,7.768011909723282,8.80404154062271,1.4786560222506524,,,,
2633,6.902525631407853e-05,0.09713615165092052,0.014374994247091034,0.003000121031254821,0.03709794864213715,0.435193269358327,7.821733994285266,8.86919774611791,1.4886590542892615,,,,
2634,6.897549387346836e-05,0.08881116058522215,0.013059670514329635,0.0026720665310373684,0.03657549034105614,0.4346755898557603,7.652696927388509,8.583677382270496,1.430954292913278,,,,
2635,6.892573143285822e-05,0.09284989462078859,0.016913101103666065,0.0028468041111409546,0.03719940289544563,0.4388408692398419,7.7836653610070545,8.78529956638813,1.4769784810642401,,,,
2636,6.887596899224807e-05,0.0923367702945446,0.019955881571051024,0.0028445458499239368,0.0376860086262847,0.43814614601433277,7.773022063573202,8.707888845602671,1.453919945905606,,,,
2637,6.88262065516379e-05,0.09929683671022455,0.01615605936687418,0.002942419361079374,0.03763863237885137,0.44047185967986785,7.783382664124171,8.80031233827273,1.4709364898502826,,,,
2638,6.877644411102776e-05,0.0943583409457157,0.015232372847735435,0.0029706702819870165,0.03774080589452448,0.4445389609473447,7.83916465540727,8.89265421529611,1.4913205824792386,,,,
2639,6.872668167041759e-05,0.10048462949926033,0.014679935410739139,0.002997220754211109,0.037740985090689114,0.4437107846761743,7.7952809194723764,8.8033571879069,1.4770130964616934,,,,
2640,6.867691922980744e-05,0.09664157958856473,0.020927712061136045,0.0028927695977472466,0.036989829526282846,0.4317728677454094,7.755988786617915,8.85152125954628,1.4912480441232523,23.262471405874784,0.6432980753249863,24.117528259587836,0.679331380471935
2641,6.86271567891973e-05,0.09705890563782305,0.02424291165700779,0.0028814723137656983,0.03776931275303165,0.4443507933989167,7.829642133911451,8.884778743982315,1.4871787165602048,,,,
2642,6.857739434858713e-05,0.09503637986102452,0.015410535651791617,0.002730544190550669,0.03717523843127613,0.4384549339922766,7.762671920657158,8.738374546170235,1.4492461760838826,,,,
2643,6.852763190797698e-05,0.09725067529361694,0.014956982161594023,0.0029264712846876744,0.03668819245649502,0.43288679557542004,7.690935789545377,8.735040009021759,1.4808685036997,,,,
2644,6.847786946736684e-05,0.09504171119381984,0.014439980094038529,0.002769428894983624,0.03661140312712329,0.4314908639838298,7.772531233231226,8.820412518580754,1.4750545064608256,,,,
2645,6.84281070267567e-05,0.09542857573833316,0.01436983172642828,0.0029321556351836384,0.03785266791237518,0.44452781282986203,7.846961365143458,8.861956950028738,1.4756346454222997,,,,
2646,6.837834458614652e-05,0.09406015530694276,0.017358068098117012,0.002933595930365603,0.03671794219796235,0.4311571082721154,7.746187760432561,8.833645317951838,1.486636646836996,,,,
2647,6.832858214553638e-05,0.09248300691445668,0.014212101797685832,0.0028596552894972166,0.03759072690736502,0.4439150346753498,7.898397145668666,8.912646649281184,1.4903324569265048,,,,
2648,6.827881970492624e-05,0.09619183063041419,0.016631964914733864,0.0029208102518775074,0.03695355725164215,0.4345838208372394,7.755544281005859,8.772066764036815,1.469758222748836,,,,
2649,6.822905726431609e-05,0.09432241891045123,0.01846736962419743,0.002912737802156092,0.03715615238761529,0.43413821486756204,7.76556411087513,8.719490404923757,1.46508741825819,,,,
2650,6.817929482370595e-05,0.09001924940384924,0.016734418242305853,0.002764079551464723,0.03638342045984852,0.42777104964479806,7.640318911274274,8.686794017752012,1.4469657599925996,23.23196332863965,0.6426222560764094,24.107484367667002,0.679211742266909
2651,6.812953238309578e-05,0.09292057376199712,0.01534211569072464,0.003082972730832504,0.037189230730291456,0.43751267020901047,7.675267232457797,8.6640547255675,1.462658321360747,,,,
2652,6.807976994248563e-05,0.09947473927556226,0.014473907348357044,0.003014113510410728,0.037484365433920176,0.43307565143331883,7.770779863993327,8.865081231792768,1.4966985285282135,,,,
2653,6.803000750187549e-05,0.09328543388983235,0.016025298858081512,0.002806113281379415,0.03735882989130914,0.4373862089278797,7.811805021762848,8.856602355837822,1.4762866300841173,,,,
2654,6.798024506126532e-05,0.09951376781488458,0.014897890260431416,0.0029270849990098214,0.0371653185536464,0.4381574809551239,7.755707677205404,8.772227719426155,1.4737973223129908,,,,
2655,6.793048262065517e-05,0.09899084821032982,0.015500080554816236,0.0028549459979331005,0.037767892625803746,0.4427241509159406,7.822848270336787,8.844832648833593,1.4728883097569148,,,,
2656,6.788072018004503e-05,0.0954294738243334,0.0136050528965324,0.0029509488706025875,0.03793045774800703,0.44397746957838535,7.851310371359189,8.901110810041427,1.4898389279842377,,,,
2657,6.783095773943486e-05,0.09557786296742658,0.015725202536658472,0.0029367592759323696,0.03751724180959475,0.4431284321472049,7.787149119377136,8.812045926849047,1.4813054352998734,,,,
2658,6.778119529882471e-05,0.09796922892952958,0.017636026965586284,0.003011674782950043,0.03711491597350687,0.4326290275280674,7.72907937169075,8.755032654603323,1.4848447188735008,,,,
2659,6.773143285821454e-05,0.09824341960872213,0.013526801738135141,0.0029941686828351523,0.03701606737643791,0.43569905969003836,7.7782060752312345,8.78489156762759,1.4777316900591055,,,,
2660,6.76816704176044e-05,0.09285552776418626,0.015141300961765877,0.0027039109208393105,0.03740461493531863,0.4412306439441939,7.8554298877716064,8.860101612408956,1.4710666495064895,23.242579457850887,0.6427646929819925,24.10594352391927,0.6791653140456783
2661,6.763190797699425e-05,0.09696439151496937,0.018009722252301182,0.002977891825654903,0.037665573705453426,0.4435496595688164,7.848563724756241,8.868136683106423,1.479645856221517,,,,
2662,6.758214553638408e-05,0.09684055112302303,0.016001702216864457,0.0029773058518912875,0.037228322956555836,0.4400920298571388,7.735270390907924,8.773422648509344,1.4794270741442839,,,,
2663,6.753238309577394e-05,0.0970516643797358,0.01691048180289121,0.0028125061090274054,0.03748941570908452,0.4431183370451132,7.779035135110219,8.823637642463048,1.475260741263628,,,,
2664,6.74826206551638e-05,0.09618203257365773,0.013979252590453791,0.0029104664163241978,0.03747923431219533,0.4402533725524942,7.788745473821958,8.834806619087855,1.4893856910367806,,,,
2665,6.743285821455362e-05,0.0898471180582419,0.01464761954493626,0.0027324659964051536,0.03661904679999376,0.43257663225134213,7.600389271974564,8.552727021773656,1.4368076005329689,,,,
2666,6.738309577394348e-05,0.09214377609702448,0.01535160575466333,0.0027832693541313346,0.03695663764374331,0.4364220182100932,7.74315966963768,8.785051983594894,1.4650962069630622,,,,
2667,6.733333333333333e-05,0.09298982938441137,0.018140134446629475,0.003007939332140571,0.03696028202151259,0.43600390137483674,7.730168139934539,8.749180580178896,1.4722180937727292,,,,
2668,6.728357089272316e-05,0.09988015636336059,0.01644408674218892,0.0029931150456832256,0.03669880278563748,0.4308060470037162,7.71198679904143,8.749540742238363,1.474378851801157,,,,
2669,6.723380845211302e-05,0.096448267204687,0.012875786970135857,0.0028500752148829635,0.0366929192484046,0.429124398312221,7.6942934910456335,8.695048348108928,1.4606174031893413,,,,
2670,6.718404601150288e-05,0.09010763536207378,0.014310977074081237,0.002738647968726582,0.036385358311235905,0.42914881873875854,7.689883208274841,8.653700731197993,1.4386834032833575,23.230735806920723,0.6427448130607254,24.11127531649389,0.6790950519400688
2671,6.713428357089273e-05,0.09521609130315482,0.011496024761074083,0.002839129706383877,0.03692949900481229,0.4350846502929926,7.63265947898229,8.681912797689439,1.4583987928926945,,,,
2672,6.708452113028259e-05,0.0971537699146817,0.018991086635082984,0.002728913770867318,0.03792136054641257,0.44323082476233444,7.860424619913101,8.845913702249527,1.4622910911838214,,,,
2673,6.703475868967242e-05,0.09641944243727872,0.01852190907675544,0.0029038553200128564,0.03842706098803319,0.4486294268320004,7.89150356054306,8.90631626645724,1.4837282282610735,,,,
2674,6.698499624906227e-05,0.09377713394351303,0.012577162866340592,0.002939932675265785,0.0372659725525106,0.44277656748890876,7.768047604958216,8.825936961174012,1.4819783978164196,,,,
2675,6.693523380845213e-05,0.09573015892722954,0.013822782792110126,0.0028942659023111143,0.03681487480450111,0.4294254889711738,7.696596969167391,8.769822917381923,1.4783776268362998,,,,
2676,6.688547136784198e-05,0.09164710690577825,0.014095552020090895,0.002929126697032795,0.03638448464528968,0.42843708138292036,7.588132732113203,8.609604648749034,1.4457059549788633,,,,
2677,6.683570892723181e-05,0.09618142719846219,0.014161666766466026,0.0027806165475946425,0.03699319371177504,0.4323073348340889,7.705890693267187,8.744320018092791,1.4600537610550721,,,,
2678,6.678594648662167e-05,0.09470370877534151,0.016546758560140547,0.002820495080626036,0.03720471781368057,0.43134490214288235,7.759427473942439,8.74089770714442,1.4591228847702344,,,,
2679,6.67361840460115e-05,0.09035424396085243,0.015194905947579091,0.002869237938890971,0.037017395719885826,0.4380228564143181,7.835657828052839,8.847948599855105,1.4861250971754392,,,,
2680,6.668642160540135e-05,0.09141555602351824,0.0129113241189368,0.002946118619183835,0.037276249250862745,0.44231175171832243,7.787598708271981,8.815658074617385,1.4815925958255927,23.227349081422762,0.6429555067502555,24.110121040828044,0.6790215219124652
2681,6.663665916479121e-05,0.09355730353078494,0.017180188189080174,0.002880584572994849,0.036747793294489385,0.43280386027569573,7.713662976026535,8.706935055057208,1.4615213048954805,,,,
2682,6.658689672418104e-05,0.09108577843289822,0.015365300774938185,0.0028429922105715376,0.036396526696626096,0.42863811791564027,7.632686253388723,8.568077846368153,1.4494489081203938,,,,
2683,6.653713428357089e-05,0.09454066296263287,0.015087992649499494,0.0026993530455608076,0.036378792038885874,0.4271188576705754,7.6556969801584875,8.682757620016734,1.4532716993242503,,,,
2684,6.648737184296075e-05,0.09695958377172549,0.01736220436016184,0.0029759174682112643,0.03711957812774926,0.4371623773748676,7.775143404801686,8.800866025686265,1.4770870372653007,,,,
2685,6.643760940235058e-05,0.09754182232233385,0.016877488071126094,0.002883145061059622,0.036759134733195725,0.43011105386540294,7.700608744223913,8.768758030732473,1.4762166234354177,,,,
2686,6.638784696174043e-05,0.09838274614109348,0.012834411042769818,0.0029249547852183847,0.038139400534176575,0.4506610819138587,7.88793386220932,8.8951285302639,1.4833689883351326,,,,
2687,6.633808452113029e-05,0.0943271735139812,0.014307353915748881,0.0027666006033541636,0.037305561815931775,0.43504701418181263,7.713942058881124,8.720595041910807,1.4640380966166655,,,,
2688,6.628832208052012e-05,0.09429325431895753,0.013272156619078457,0.0028165722095460904,0.03778451362547154,0.448019872388492,7.778776248296102,8.774992974599202,1.460702429463466,,,,
2689,6.623855963990997e-05,0.09746356430308273,0.01630340440048587,0.002920105721326157,0.03732121860375628,0.4371738291035096,7.89301680624485,8.936612995465596,1.491827406734228,,,,
2690,6.618879719929983e-05,0.09308413309821238,0.01336887820172734,0.002755569124807759,0.037455782379644614,0.4411826923489571,7.8249008069435755,8.845102487007777,1.4678494222462177,23.227513436856444,0.6428902476685983,24.11063941938359,0.6791588625895771
2691,6.613903475868966e-05,0.10090534895813713,0.013080459202715758,0.0029417005671348306,0.03744543809055661,0.43651618460814157,7.840072185794512,8.884316456317901,1.481828626493613,,,,
2692,6.608927231807951e-05,0.0940072575545249,0.015308951834398584,0.002912592342424129,0.03738096087472513,0.44540107004965346,7.8916473915179575,8.892053655783336,1.484136604020993,,,,
2693,6.603950987746937e-05,0.09403159484888117,0.01585684565022869,0.0028057132394678774,0.037195180697987475,0.4383292276101808,7.767124751210213,8.80703298250834,1.4775249088803928,,,,
2694,6.59897474368592e-05,0.09855582516174763,0.015864009780484783,0.002731027765488155,0.03709583774131412,0.4304493345475445,7.7600238710641865,8.794579515854517,1.4655582231779893,,,,
2695,6.593998499624905e-05,0.09716681899347653,0.01574213787818423,0.0029983049720613054,0.03691466418094933,0.4294486444753905,7.678875604271889,8.7117285490036,1.4701787024736404,,,,
2696,6.589022255563891e-05,0.0930137854302302,0.015651775209730236,0.0027951344311835176,0.03754606993946557,0.4430812735420962,7.823456982771556,8.844963653882344,1.4737852742274602,,,,
2697,6.584046011502877e-05,0.09345858734256278,0.015582072007205976,0.002754865337252947,0.03689888876397163,0.43417836623266337,7.780271596709887,8.807063339153926,1.4654060252010823,,,,
2698,6.579069767441862e-05,0.09392077312804759,0.0155052733568266,0.0028164087888095917,0.03714983354245002,0.43484535105526445,7.801805014411609,8.752801420291265,1.4628653153777122,,,,
2699,6.574093523380845e-05,0.09114837940627088,0.015213915725351631,0.0030010444914296388,0.03762159914088746,0.4446292832493782,7.777065141002337,8.825210018952687,1.4869583949446679,,,,
2700,6.569117279319831e-05,0.09406748649974664,0.018160155627717126,0.0028510810298030265,0.03721061512672653,0.43719089732815825,7.830154675245285,8.875081646442414,1.4812606796622276,23.21221773221357,0.6432215946016232,24.10510393155637,0.6792707454442618
2701,6.564141035258816e-05,0.09373567231620351,0.018263475359166045,0.0030583309877935485,0.0382681873627007,0.45272931658352417,7.8707830846309665,8.904349476099014,1.484854203959306,,,,
2702,6.559164791197799e-05,0.09618596894045671,0.015696097762655133,0.002764273415778007,0.03646873971447349,0.4275607370150586,7.698235328992208,8.774672053257625,1.4700167203942935,,,,
2703,6.554188547136785e-05,0.09411233537830413,0.024761787232380074,0.0027809332984058224,0.03661192749859765,0.42983119674026965,7.707368910312653,8.708172032237053,1.4479881599545479,,,,
2704,6.54921230307577e-05,0.09811358781686673,0.01682276527640184,0.002792280826846157,0.03751743975444697,0.43962271890292565,7.82100109954675,8.918165253599485,1.485538593431314,,,,
2705,6.544236059014753e-05,0.09997746235846232,0.013685795196322485,0.0029960275821091877,0.038043414029137544,0.4443725970884164,7.799252965052923,8.80595170458158,1.4794272144635519,,,,
2706,6.539259814953739e-05,0.09279700002322594,0.011978865017583828,0.002842466612037242,0.03689475592497426,0.4327733752472947,7.682952642440796,8.676232233643532,1.4540074933320284,,,,
2707,6.534283570892724e-05,0.0887656012084335,0.01615556922740667,0.002845615631607264,0.03666522772594665,0.4300443172454834,7.674940703312556,8.699022964636486,1.4647288866341115,,,,
2708,6.529307326831707e-05,0.09501657898848255,0.01288082149521695,0.002836552947216357,0.037058853342508274,0.43460953161120414,7.781395820776622,8.866095113754273,1.480302409827709,,,,
2709,6.524331082770693e-05,0.09270351991678277,0.0164911852780491,0.002780091392681546,0.037262598130231105,0.4369756462673346,7.700561765829722,8.694506373008092,1.4435183440645536,,,,
2710,6.519354838709678e-05,0.095818661696588,0.017172904869664496,0.002947283773270707,0.037601765353853504,0.44182634269818666,7.767334934075674,8.742276646693547,1.4702480897307395,23.193479361401486,0.6426302051657505,24.091740876326096,0.6791011202999587
2711,6.514378594648661e-05,0.09982479987666011,0.016402116983737804,0.002842491658460252,0.03767887299569945,0.44093880193928875,7.799895658095678,8.875581941008567,1.47819116016229,,,,
2712,6.509402350587647e-05,0.09579309117204199,0.013686517846666125,0.002943048554455648,0.0370860410000508,0.4361166392453015,7.878517121076584,8.964871033032734,1.502347260216872,,,,
2713,6.504426106526632e-05,0.09262394319133212,0.01624250019886366,0.00282489831733983,0.03638148209817397,0.4283775333936016,7.655566865205765,8.656081938743592,1.4507630738119284,,,,
2714,6.499449862465615e-05,0.10090326940796028,0.016004074447797906,0.0031126288440039692,0.037542373890755695,0.44199765132119256,7.8559716016054155,8.978716739018758,1.5298801456888518,,,,
2715,6.494473618404601e-05,0.09147283582327266,0.01349693706205913,0.002811219355862704,0.03722095588843028,0.4393765028876563,7.779739914337794,8.756211074193319,1.464174555738767,,,,
2716,6.489497374343584e-05,0.09417106926751634,0.01174581142595812,0.0028385933563792303,0.037342998550351086,0.43676301594823597,7.813046650091807,8.789707795778911,1.4636237541834514,,,,
2717,6.48452113028257e-05,0.09565720526346316,0.015464661992488082,0.002948762194015823,0.03739998689464604,0.44154651515806714,7.773200039068858,8.8191146949927,1.4816074577470622,,,,
2718,6.479544886221555e-05,0.09353961307400217,0.015373871801928595,0.002969449884039932,0.03695821178844198,0.43568352603664,7.788210983077685,8.768443427483241,1.4811734390755495,,,,
2719,6.47456864216054e-05,0.09834065842442215,0.013604666743450223,0.0028773319198080573,0.037281439065312345,0.43602571779241167,7.8238930881023405,8.865867278973262,1.480263787508011,,,,
2720,6.469592398099526e-05,0.09286524944473058,0.016141206230158644,0.002888602674950865,0.03709422178023184,0.4351473610537748,7.769411885738373,8.792505941788356,1.4785640214880307,23.206645863639803,0.6424987587251564,24.081252182875478,0.6789329797556936
2721,6.464616154038509e-05,0.09788519787446906,0.01723686208556634,0.002874623371705335,0.037113730341661724,0.4364880678554376,7.758097357551256,8.835170894861221,1.4880028220514456,,,,
2722,6.459639909977495e-05,0.0966989579067255,0.01826900446907571,0.002948876723348803,0.03775533054722473,0.44569518382971485,7.894985020160675,8.918274437387785,1.4920304053773483,,,,
2723,6.45466366591648e-05,0.09211244831094519,0.016893176066032956,0.002658196509704188,0.03661604710311318,0.42867617833738525,7.681882412234942,8.599995948870976,1.426621029774348,,,,
2724,6.449687421855466e-05,0.09502785368046412,0.01892246027727745,0.0027750576576484796,0.03706268802440415,0.43529451933378976,7.738662580649058,8.751866881052653,1.4640497835973898,,,,
2725,6.444711177794449e-05,0.09288753678556531,0.01484558199648318,0.002975450384110445,0.03742166912804047,0.43917790011813246,7.790489802757899,8.773955458402634,1.4712838311990102,,,,
2726,6.439734933733434e-05,0.09441679629186789,0.014863355754998538,0.0028949708984024863,0.037575661484152076,0.4390750877248744,7.797340645392736,8.784538261095683,1.4710493465264638,,,,
2727,6.43475868967242e-05,0.0980234405801942,0.01561175182101445,0.0028953804935251052,0.03765032892503465,0.4392359249604245,7.832384783029556,8.869610081116358,1.4862010846535365,,,,
2728,6.429782445611403e-05,0.090795130119659,0.014812266333797123,0.002807132891454482,0.03675439077390668,0.4327197760033111,7.673089334368706,8.704217006762823,1.455081289509932,,,,
2729,6.424806201550388e-05,0.09591748720655839,0.014164936206744283,0.0027662156403190845,0.03708746499226739,0.43265771691997845,7.774974198142687,8.720098584890366,1.454293352862199,,,,
2730,6.419829957489374e-05,0.09295835903224846,0.015532338904063536,0.0026746782411767827,0.03649914675431016,0.42214756103542944,7.698816209038099,8.699190793434779,1.4511745899915696,23.189922067718065,0.6421305618328004,24.078766964671736,0.678799896183713
2731,6.414853713428357e-05,0.09713218685549994,0.012733713526876134,0.0028948449608530305,0.0373432005988434,0.4423973868911465,7.86614512403806,8.926602391401927,1.4901230953633786,,,,
2732,6.409877469367342e-05,0.0948981107911095,0.016904006004902737,0.0028644052880432962,0.03773136601860946,0.4428371514814595,7.810138436158498,8.870941566427549,1.4804586082696916,,,,
2733,6.404901225306328e-05,0.09079562141560019,0.016187755951184282,0.002754496355980033,0.03661023473056654,0.4302898813659946,7.675365178783735,8.634887421131134,1.4413621619343757,,,,
2734,6.399924981245311e-05,0.09834807835674535,0.02031950661075248,0.0029151024104066892,0.03751710562889154,0.4364770816328625,7.788619220256805,8.864332102735837,1.4867805664738019,,,,
2735,6.394948737184296e-05,0.09141371957181642,0.014403532288964538,0.0028922624137824944,0.03776009439025074,0.44886122839525344,7.861813819408416,8.889582190910975,1.4815672591328621,,,,
2736,6.389972493123279e-05,0.09206008797045798,0.013460008979799109,0.002826197306906882,0.03699739857111126,0.43747183196246625,7.803075156609217,8.84695361852646,1.4738479952017467,,,,
2737,6.384996249062265e-05,0.0958533945105349,0.012898939651766517,0.0031270681246799844,0.03786844013569256,0.4460118191627165,7.869114383061727,8.9160560409228,1.494961287577947,,,,
2738,6.38002000500125e-05,0.09697284721769392,0.015512349176067334,0.002965456515994447,0.036741874386401224,0.43395744417794047,7.7179201145966845,8.738655561208725,1.4753247248629728,,,,
2739,6.375043760940233e-05,0.09380124874102573,0.015163164137050367,0.0028984290711529565,0.03612747196069298,0.4270084814478954,7.608843740820885,8.683153315385182,1.4686970156927903,,,,
2740,6.370067516879219e-05,0.09442801759578287,0.016290871448784886,0.0028932124299899443,0.03650859523331747,0.4267313675023615,7.647885922590891,8.631144179900486,1.4608511321246624,23.19638904984188,0.6425809168613775,24.08697094398123,0.6790870933237796
2741,6.365091272818204e-05,0.09488207056031873,0.014157520027658185,0.0030303235306443337,0.03788522134030548,0.4489210981565217,7.878457657496134,8.964661064743996,1.5032496196528276,,,,
2742,6.360115028757187e-05,0.09617121020952861,0.016213651751400084,0.0028657291217314197,0.03747441579665368,0.4393910076158742,7.879175033171972,8.949664477507273,1.4971827688316504,,,,
2743,6.355138784696173e-05,0.0894997019553557,0.013591696437523736,0.002824105432894915,0.037090558620790644,0.43613323631385964,7.7104213039080305,8.693420775731404,1.453649459282557,,,,
2744,6.350162540635159e-05,0.0948179055005312,0.013617167396005714,0.0027973864343342333,0.03704571924948444,0.43463213291640085,7.7221614440282185,8.761817261576653,1.4644817138711612,,,,
2745,6.345186296574144e-05,0.09613917538275321,0.013739085120163115,0.0028325912769408506,0.03626182597363368,0.42600083897511165,7.733162546157837,8.777279162406922,1.4678904714683692,,,,
2746,6.34021005251313e-05,0.0954629332292825,0.013238732209150261,0.0030387879287445685,0.03713625478946293,0.4388710911696156,7.726685774326325,8.789016423622767,1.483433198928833,,,,
2747,6.335233808452115e-05,0.08603464035162081,0.017231488802941865,0.00271107419339387,0.036311695713084194,0.4297706296046575,7.625570919116338,8.602486086885134,1.4397520408034326,,,,
2748,6.330257564391098e-05,0.09302650218208632,0.01948196192116436,0.002896044934580762,0.03710311997759466,0.43821611866975824,7.753916417558988,8.78905242284139,1.4733634794751802,,,,
2749,6.325281320330084e-05,0.09084957094552616,0.019926959286383255,0.002766744665495935,0.03703968190432837,0.4359977515103916,7.752838921546936,8.732103298107782,1.4485973715782166,,,,
2750,6.320305076269069e-05,0.09194364000189428,0.013574669482007539,0.002777743773761661,0.03676468074360552,0.43006978469590346,7.633601713180542,8.603513951102892,1.4338935246070226,23.19546660901199,0.6423230685747925,24.099923193792414,0.6792553181970847
2751,6.315328832208052e-05,0.09177632875119647,0.016272436496637194,0.0028018136794950503,0.036924936160600434,0.4372528780562182,7.6820375720659895,8.732583224773407,1.4661197264989216,,,,
2752,6.310352588147038e-05,0.09597499918503066,0.011838423837444653,0.002876443846556261,0.037722474846911304,0.44386603431776167,7.849279311299324,8.857584657271703,1.4729036336143813,,,,
2753,6.30537634408602e-05,0.0956511773324261,0.01583993492038116,0.0029932397650554777,0.037613309890730307,0.4387786994377772,7.808304744958877,8.813623297214509,1.4822816339631875,,,,
2754,6.300400100025006e-05,0.0942742126605784,0.015430267210149307,0.003021709209739735,0.03713245495067288,0.4377505734562874,7.77695464293162,8.863185477256774,1.4972050778567791,,,,
2755,6.295423855963992e-05,0.09781810953281819,0.020555226769134106,0.0030014931958551945,0.037822019452384364,0.445978450961411,7.876018838087718,8.94731638431549,1.4995765840013822,,,,
2756,6.290447611902975e-05,0.09261657765600831,0.01585846827849195,0.0029622558620152023,0.037915448239073155,0.447492934918652,7.777713147799174,8.876627816756566,1.4877649245162805,,,,
2757,6.28547136784196e-05,0.09674040963097165,0.012647212410450963,0.0028455012919948786,0.03688867586121584,0.43515877552951376,7.670841908454895,8.693069744110108,1.4661021505792935,,,,
2758,6.280495123780946e-05,0.09513979787006974,0.020198611992049843,0.0028090061225763447,0.03667542717885226,0.4326620824635029,7.726458172003428,8.769586529334386,1.4756369955837727,,,,
2759,6.275518879719929e-05,0.09718928160921982,0.014101744601439552,0.0030112585681005537,0.03711668731023868,0.44028411942223705,7.741836657126744,8.782579175631206,1.4822325905164082,,,,
2760,6.270542635658914e-05,0.09510747217573226,0.018639717173332897,0.002813675003017124,0.036723352770786734,0.4330328954383731,7.7825727462768555,8.790532573064167,1.4704164589444797,23.202920242252087,0.6422744767348567,24.093097140423676,0.6791878616753405
2761,6.2655663915979e-05,0.09498571985556434,0.01793961920518526,0.0028779596358920875,0.036935734828390805,0.4350248908468833,7.735283601284027,8.780302093426387,1.4766295462846757,,,,
2762,6.260590147536883e-05,0.09478351809084415,0.015564888900399747,0.002896347326228958,0.03756817309185863,0.4441650803821782,7.864739690224329,8.897023238738377,1.4894794404506684,,,,
2763,6.255613903475868e-05,0.09112265744091322,0.017814729675624728,0.0029132790019502862,0.036990630723691235,0.43782809904466075,7.746455440918605,8.754333062966664,1.4822679676115513,,,,
2764,6.250637659414854e-05,0.09877166429844995,0.01319661514453246,0.002825251496809263,0.03723869160749018,0.43930063573643563,7.8055757482846575,8.843988953034083,1.474746319403251,,,,
2765,6.245661415353837e-05,0.09816526197828353,0.017482997413139065,0.0028875262244279537,0.037338766548782584,0.43944339817389844,7.758535392085711,8.78537014623483,1.4649869166314602,,,,
2766,6.240685171292822e-05,0.09428097698837519,0.011567018564634823,0.0029748227535189168,0.037684076733421536,0.4410337860385577,7.7831297516822815,8.834070658683777,1.4763703383505344,,,,
2767,6.235708927231808e-05,0.09254113290226088,0.014912231868858023,0.0028560529731597247,0.03675484814254257,0.4356652941554785,7.737135205666224,8.729253339767457,1.4663845293223858,,,,
2768,6.230732683170794e-05,0.08983114486715446,0.01530033902064538,0.0028991895570167495,0.03723410127762084,0.44074207233885926,7.7815903703371685,8.79829465051492,1.476532685259978,,,,
2769,6.225756439109776e-05,0.08966542673297226,0.016074018253683243,0.00271947770791788,0.03607366981450468,0.42371448992441096,7.568642090757688,8.622297394275666,1.4403386518359185,,,,
2770,6.220780195048762e-05,0.09282471851135293,0.013775369262037684,0.0027010195684548915,0.03568301146733575,0.4179591237101704,7.647705753644307,8.648252646128336,1.4483194887638091,23.209920162399097,0.642969044304177,24.09933669830302,0.679149670730643
2771,6.215803950987748e-05,0.09692043555745235,0.016460749037982447,0.0029738662187810405,0.03763605421797062,0.44280538385113083,7.844159720341365,8.868929012616475,1.4848476501802603,,,,
2772,6.210827706926733e-05,0.09740197671732555,0.01398329678420273,0.0029426332462511103,0.0374890813875633,0.4398697489562134,7.7710294683774315,8.843906587362289,1.4855612933635711,,,,
2773,6.205851462865716e-05,0.09561716353831191,0.014552194531047257,0.0030170998181347384,0.03711775973206386,0.44348517041653396,7.763730839888255,8.834445550044377,1.4915872429807981,,,,
2774,6.200875218804702e-05,0.09522756320269157,0.01770435625173711,0.002911916738958098,0.03779758693417534,0.4475947591786583,7.821980320413908,8.806413567066192,1.4669864316781362,,,,
2775,6.195898974743687e-05,0.095857590646483,0.015608369807458895,0.002871484279573148,0.03686410855928746,0.43476991144319377,7.761889725923538,8.74226673344771,1.4723420241226752,,,,
2776,6.19092273068267e-05,0.0981043623217071,0.016044980880945355,0.002914795464372825,0.03802914870902896,0.44937981367111207,7.960351715485255,9.071550786495209,1.5169296575089295,,,,
2777,6.185946486621656e-05,0.09708925540714214,0.015167738766129002,0.002885675423264426,0.037492848199326544,0.4409385366365314,7.7546761761109035,8.852522788445155,1.484111494322618,,,,
2778,6.180970242560641e-05,0.0944427940955696,0.01729771978153633,0.0029744972232947477,0.03805396924726665,0.4487209945296248,7.877301157514254,8.869601449370384,1.4850795812904836,,,,
2779,6.175993998499624e-05,0.09503041507365803,0.017688074285253697,0.002987723655072235,0.037184595349632824,0.4392152081554135,7.746627809604009,8.799936105807623,1.4953334798415503,,,,
2780,6.17101775443861e-05,0.09911273942173769,0.016681642193820644,0.002835712728059055,0.03751051539632802,0.43989125002796453,7.858012168606122,8.952804269393285,1.4925115237633386,23.208007609426367,0.6434097813986738,24.108293963890347,0.6791670468364023
2781,6.166041510377595e-05,0.09715054715828349,0.013189420464041524,0.003004854041804113,0.03805720498785377,0.44821878873432675,7.8976790825525915,8.98795791665713,1.5064561771849792,,,,
2782,6.161065266316578e-05,0.09788941741765787,0.013821722751117623,0.0028226788169680122,0.036493900220375505,0.4320126772237321,7.63690764506658,8.655819454789162,1.4610027781377235,,,,
2783,6.156089022255564e-05,0.09785883130971343,0.015216048398414107,0.002944618217346336,0.037151211604941635,0.4337975453895827,7.750265763203303,8.853743455807368,1.489418434848388,,,,
2784,6.15111277819455e-05,0.09322901249397546,0.01695210466692088,0.002636851166668445,0.03701124085346237,0.43220006544142964,7.7086591809988025,8.697513862450917,1.4459223719934622,,,,
2785,6.146136534133532e-05,0.09519586122284333,0.013340195995020758,0.002914316693628886,0.03705281069657455,0.4357123623912533,7.799879837036133,8.907611207167308,1.4870653669039409,,,,
2786,6.141160290072518e-05,0.09522891379116724,0.017504528694691768,0.0028571491483792974,0.03726245073291163,0.4369408769843479,7.76150585214297,8.781137069066366,1.4725621414681276,,,,
2787,6.136184046011503e-05,0.09690493770564595,0.012924025379673658,0.002968305534886895,0.037162443743242575,0.44041491352642576,7.719077284137408,8.819420731067657,1.4862112956742446,,,,
2788,6.131207801950486e-05,0.09246739485145856,0.01539183746352116,0.0025928813502105186,0.036319087612597896,0.4278450855053961,7.626989202698072,8.62988610068957,1.4342896550893784,,,,
2789,6.126231557889472e-05,0.09221578412689269,0.01437164890155301,0.0028894584211229812,0.03744973392458632,0.4412031014449894,7.763248558839162,8.821615833044053,1.477996086080869,,,,
2790,6.121255313828458e-05,0.09635271050501615,0.010771939900479236,0.0028803804550686135,0.03747528935782611,0.4433021667413414,7.786605279644331,8.820780030886333,1.4815696279207866,23.240313798319683,0.6433566900518678,24.12637593493204,0.679225165835663
2791,6.11627906976744e-05,0.08971586656601478,0.014734567069257546,0.002999975882994477,0.03721317371043066,0.43662368164708215,7.760694197813669,8.785245847702026,1.4748715917269388,,,,
2792,6.111302825706426e-05,0.09231410089414567,0.01692642343379996,0.002902893446935195,0.03631645266432315,0.427147073764354,7.645435220996538,8.71076529622078,1.4661810725927353,,,,
2793,6.106326581645412e-05,0.09275654844629268,0.014512661731997353,0.0028737350559216186,0.036804799374658616,0.4347584134588639,7.750811039408048,8.746288351217906,1.4680760870377223,,,,
2794,6.101350337584397e-05,0.09321729375127082,0.012905203388939811,0.0029322354842709806,0.0365330660638089,0.4254583237847934,7.589656367897987,8.620720141132672,1.4572375987966855,,,,
2795,6.096374093523383e-05,0.09549465853100021,0.013298047297989009,0.0028863048456817825,0.03813357691590984,0.4502101268619299,7.840662302573522,8.864944198727608,1.481993265201648,,,,
2796,6.0913978494623656e-05,0.09260488462944826,0.015532404083947604,0.0028028498255783536,0.037707461323589084,0.44396939873695374,7.801925336321195,8.792438368002573,1.4586210906505586,,,,
2797,6.086421605401351e-05,0.09128036725645264,0.0144575641083327,0.002740186788105348,0.03686389626236632,0.43454662847022213,7.696957896153132,8.724218847354253,1.4588675687710444,,,,
2798,6.081445361340337e-05,0.08783245958232631,0.016976256418163915,0.0028411186901090937,0.03641891716591393,0.4298560988157988,7.689552700519561,8.69638582666715,1.4571563246349493,,,,
2799,6.0764691172793196e-05,0.09231473988232514,0.013134581342048434,0.0028257541738033374,0.036804528245314334,0.4304470096714795,7.659340979655584,8.74106213549773,1.4734391884257396,,,,
2800,6.071492873218305e-05,0.09507556047756224,0.014924348009444784,0.0028787071463739267,0.03701606859297802,0.43620187727113563,7.766392504175504,8.76960622270902,1.472458806137244,23.231349902233106,0.6424447283894545,24.135711185631884,0.6793819996222509
2801,6.066516629157291e-05,0.09511032434335599,0.013676191198872726,0.002831767227326054,0.03656449381960556,0.4310418080538511,7.741952791810036,8.793669019142786,1.4761405969659487,,,,
2802,6.061540385096274e-05,0.09308840568798284,0.014634593468195012,0.0027467496333580736,0.036648584180511534,0.43048116052523255,7.689498446385065,8.737183219194412,1.4597334841887155,,,,
2803,6.056564141035259e-05,0.09236158994026482,0.01689474452228706,0.002968437975323468,0.03700465098566686,0.43348392912497125,7.6872193098068236,8.824118443330129,1.4828122874101004,,,,
2804,6.051587896974245e-05,0.09752006611476342,0.010702283925267049,0.002817069801434021,0.036654724735611426,0.4299662648079296,7.681952276825905,8.772537539402643,1.469693060219288,,,,
2805,6.046611652913228e-05,0.09598758479114622,0.013444971783741828,0.0029377945292556737,0.036790342233143744,0.43144388276462753,7.710043730338414,8.773439431190491,1.4713342952231565,,,,
2806,6.041635408852213e-05,0.09391706807849308,0.013351451845676899,0.002840075164567679,0.03705108254992714,0.43350790394470096,7.765757006406784,8.829589062929154,1.471563753237327,,,,
2807,6.036659164791199e-05,0.09879343830204258,0.01411047286857668,0.0029710880229079826,0.03792578550443674,0.4484954223347207,7.916398326555888,8.920253854990005,1.4955731918414434,,,,
2808,6.031682920730182e-05,0.0935586370062083,0.011935951092314582,0.0029070183441035624,0.03764243064215407,0.4407116344819466,7.760452427466711,8.768370415767034,1.4640169978141784,,,,
2809,6.0267066766691674e-05,0.09655808164582898,0.017252509035091425,0.0029167680267164543,0.03698605041136034,0.4371070288432141,7.819720794757207,8.88671928346157,1.4956605983277163,,,,
2810,6.02173043260815e-05,0.09482579911127687,0.01730696519514474,0.002867567685704368,0.03663751859761154,0.4326776233191291,7.802272325754165,8.832568556070328,1.4833701796829701,23.256270917164997,0.6424919453196558,24.148773921693866,0.6793699481587032
2811,6.016754188547136e-05,0.09069563017692417,0.017626389801405597,0.00273249702143706,0.03701307206647471,0.43649053387343884,7.7737935304641725,8.773494174083075,1.465376395235459,,,,
2812,6.0117779444861214e-05,0.09745482730989655,0.018662483144883644,0.0029940985557307914,0.03800909238634631,0.4506388006731868,7.82831207215786,8.877887534101804,1.4992146961390973,,,,
2813,6.006801700425104e-05,0.0938050313697507,0.014643965347762359,0.0026871200861933175,0.03616872438772892,0.42520875946308173,7.643628041942915,8.656550799806913,1.4499484345316886,,,,
2814,6.00182545636409e-05,0.10004391012092431,0.013866079189437504,0.002871486233561882,0.037862128616931535,0.4445825420940916,7.8592419217030205,8.920070521036784,1.4832902155816554,,,,
2815,5.9968492123030755e-05,0.10218532568930337,0.01475678842956758,0.00292894996079364,0.03715322172890107,0.43220779796441394,7.788112966219584,8.87715631723404,1.4897876260181269,,,,
2816,5.991872968242061e-05,0.09050342061479265,0.0151173260242686,0.0026999349122585653,0.03691503683027501,0.4342874323638777,7.756080746650696,8.786195363601049,1.4568902626633644,,,,
2817,5.986896724181044e-05,0.09557822540712853,0.012013700437064364,0.0028177752285652486,0.03772723288663352,0.4375903863459826,7.826281183958054,8.831206578016282,1.4642463356256485,,,,
2818,5.9819204801200295e-05,0.09154563271440566,0.011357389196126545,0.0027544540031764577,0.03674828212630624,0.43085462333013613,7.6397064328193665,8.652689170837402,1.4417887064317862,,,,
2819,5.976944236059015e-05,0.09852744305195908,0.01591044320861908,0.0029586156047116674,0.03815048702332812,0.44404192368189493,7.88340665102005,8.924289798736572,1.4842444310585658,,,,
2820,5.971967991998001e-05,0.0907092561479658,0.01832053514430503,0.0028342871001465634,0.0371777535105745,0.44315217742696406,7.7701803257068,8.771649356683096,1.466101196904977,23.26627882163886,0.6428868681304628,24.163057677552306,0.679537109282938
2821,5.966991747936986e-05,0.09503213334440565,0.015773352695608776,0.0028792157373724574,0.03746857799512024,0.4397111483849585,7.809690870841345,8.81437274813652,1.4700477746625742,,,,
2822,5.962015503875969e-05,0.0863275041958938,0.015188714351599186,0.0027993914974407137,0.035755454597529025,0.4206699849106371,7.636005615194638,8.6322649816672,1.4513132460415363,,,,
2823,5.957039259814955e-05,0.09574566384156545,0.01530555746480186,0.0027917406963145672,0.03675274828371281,0.4317672695964575,7.720786149303119,8.71681041518847,1.4530273512005807,,,,
2824,5.95206301575394e-05,0.09352846708303938,0.012594658131239033,0.0028148505620871826,0.03688912647776306,0.4393947754055262,7.747590096791585,8.74848982890447,1.4625558073321978,,,,
2825,5.947086771692923e-05,0.09363911048664401,0.013945700273722926,0.0028202269867809568,0.03656153339737405,0.43078219223146635,7.748791845639547,8.824382561445237,1.479743420581023,,,,
2826,5.942110527631909e-05,0.0934589558513835,0.014556443863000796,0.0027264111828723494,0.036637147193929805,0.42860207725316285,7.5983016908168795,8.580210369825362,1.429397877305746,,,,
2827,5.9371342835708944e-05,0.09251151730616887,0.015366190027812055,0.0028243974070088977,0.03650001631467603,0.4282078688343366,7.705567586421966,8.716439494490624,1.4642435997724532,,,,
2828,5.932158039509877e-05,0.09334011666942388,0.013600592353606784,0.003013540806690192,0.037463017956664166,0.4429269243342181,7.753453342119853,8.769317497809729,1.4749018939832845,,,,
2829,5.927181795448863e-05,0.0993705452963089,0.01533409318384229,0.0029961799332644053,0.03697610841675972,0.4318206895142794,7.742267299691836,8.776823669672012,1.482410188515981,,,,
2830,5.922205551387846e-05,0.08965913407349338,0.015463866600407364,0.0026495510622832324,0.035786931216716764,0.42068902642155687,7.5620636959870655,8.507805931568146,1.4201310259600481,23.264501084539646,0.6424231217694145,24.175632916646407,0.6795591758389279
2831,5.917229307326831e-05,0.09723219047300517,0.013012172213726398,0.0028197183433500564,0.03784584651778763,0.4461018904733161,7.8403625905513765,8.887077353398006,1.484957082817952,,,,
2832,5.912253063265817e-05,0.09316257865090544,0.021190628214112803,0.002655928115230684,0.03694762254793507,0.4307436790317297,7.682069458564123,8.592716596523921,1.4259351861973604,,,,
2833,5.9072768192048e-05,0.0966511428821832,0.02638010198027822,0.0028828794723267494,0.036824035854078827,0.4316524631654223,7.616798475384712,8.613286040226619,1.4530474650363128,,,,
2834,5.902300575143785e-05,0.09188675288654242,0.018641658174411404,0.002721823141352312,0.036476927339875446,0.43144089489554366,7.713627854983012,8.737458447615305,1.4591266927619775,,,,
2835,5.897324331082771e-05,0.09992683711461722,0.014189038332140936,0.0029337815355271837,0.037277746010416495,0.4343705336252848,7.755047377943993,8.8123262912035,1.4875377801557381,,,,
2836,5.892348087021754e-05,0.0988675520910571,0.014378946633075,0.0028623281487549926,0.03761462529655546,0.44624601999918617,7.802108989159266,8.837817261616388,1.483077342559894,,,,
2837,5.8873718429607394e-05,0.09529722954612226,0.01659793244133044,0.0027817328036083685,0.03694027354552721,0.4364680557201306,7.717574139436086,8.7186629931132,1.455792451898257,,,,
2838,5.882395598899725e-05,0.09774896405870095,0.013902658094608326,0.0028465808207935577,0.03781045484938659,0.44785583565632503,7.775646424293518,8.819846642017364,1.469599819307526,,,,
2839,5.877419354838708e-05,0.09517150624499966,0.01531414699002654,0.002892127186411623,0.036900473517986636,0.43475382461523016,7.733612709244093,8.79601219991843,1.4780558918913205,,,,
2840,5.8724431107776934e-05,0.08719030609354377,0.0114560771706256,0.00277124592742742,0.036240890664824596,0.42692235792055727,7.585825800895691,8.567927761872609,1.4398578502237798,23.234671488123634,0.641845400777584,24.151686285618172,0.6793806163083386
2841,5.867466866716679e-05,0.09120765462672958,0.015977914450347235,0.0026728855121594584,0.03659507991590848,0.43157833845665056,7.687157640854518,8.674766308069229,1.4488895257314047,,,,
2842,5.8624906226556646e-05,0.0907669030673181,0.012569594942054696,0.0028438510792208643,0.03700613816423962,0.4313083410573502,7.804822135965029,8.814060602585474,1.473850844055414,,,,
2843,5.85751437859465e-05,0.09437911295875286,0.011515258857545386,0.002875977837751028,0.03717902409067998,0.43966955146752296,7.724783680836359,8.788106093804041,1.4701973364998897,,,,
2844,5.852538134533636e-05,0.09830795793483654,0.019531880414997684,0.0029535858311646734,0.037184820192245144,0.4397994535975158,7.717247916261355,8.86441140373548,1.4965639653305212,,,,
2845,5.8475618904726186e-05,0.09292302236426622,0.015909476347766308,0.002746762861958511,0.036817820374077805,0.4286117377690971,7.683271759748459,8.708994459112485,1.4587279340873163,,,,
2846,5.842585646411604e-05,0.0933337845451509,0.01410372626026446,0.002845546721558397,0.03702856934978627,0.4367447966399292,7.790452234943708,8.798451671997706,1.4683780138691267,,,,
2847,5.83760940235059e-05,0.09301374515828988,0.01857600937184004,0.0030543266640961518,0.03675119566808765,0.4346636115573347,7.697464388608933,8.75210002263387,1.4871250862876575,,,,
2848,5.832633158289573e-05,0.08697870445127288,0.0195239829616916,0.0026890550659421325,0.03586512910745417,0.42254589330404996,7.629125910997391,8.6491858959198,1.4436207798620064,,,,
2849,5.827656914228558e-05,0.09322857378671566,0.015549392774096645,0.0028293853221233196,0.03626470765836227,0.4258706297414998,7.64791836241881,8.647095636526744,1.4485068100194136,,,,
2850,5.822680670167541e-05,0.09151841973265012,0.012082861826050569,0.0028077391269107467,0.03697810055067142,0.43155943378806116,7.714065348108609,8.685590053598085,1.4461808616916338,23.243088330554485,0.6419003391365429,24.149358715585436,0.6791069478852912
2851,5.817704426106527e-05,0.08929743615444749,0.019232304034182236,0.00270712110338233,0.035969339693353204,0.42426392938941715,7.558330617348353,8.574381540218988,1.4384488311906656,,,,
2852,5.812728182045512e-05,0.09318429637545099,0.013062812582193661,0.002737719776147666,0.03717081454815343,0.4390212242801984,7.784845278660456,8.858981996774673,1.4770616829395293,,,,
2853,5.807751937984495e-05,0.09512596544033537,0.013606867651185883,0.002849861864342529,0.03697550174159308,0.43236225567137204,7.761884852250417,8.840501381953557,1.4795097681383291,,,,
2854,5.802775693923481e-05,0.096562039727966,0.017732350903775482,0.002917924398116156,0.03824739937360088,0.44721389658128224,7.917080674568812,8.9485302845637,1.4896865611275036,,,,
2855,5.7977994498624664e-05,0.09594878293573857,0.012012855670374379,0.0027963132008153478,0.036176567373331636,0.42740055797621607,7.649325365821521,8.708305450280507,1.4635392693181832,,,,
2856,5.792823205801449e-05,0.09764824849553407,0.017884456627963362,0.0030495231795309033,0.036652269478266435,0.43443364308526117,7.780685965220133,8.846191831429799,1.4923191634317239,,,,
2857,5.787846961740435e-05,0.09181656295744081,0.015447470727372292,0.002782487843675578,0.03784480018463607,0.4460329206349949,7.850571526090304,8.831053897738457,1.4613998040556908,,,,
2858,5.7828707176794204e-05,0.09592603467560062,0.013808453364498163,0.0031005072241290085,0.03783074264647439,0.44609857878337306,7.8476458092530565,8.889519174893698,1.503647568821907,,,,
2859,5.777894473618403e-05,0.09704967391832421,0.014284147125279145,0.003006437030550539,0.038076143870906284,0.44876853888854384,7.890799101193746,8.92365113099416,1.5005741032461326,,,,
2860,5.772918229557389e-05,0.09334779963828624,0.014385514175250838,0.0028126203848538958,0.037326844052101175,0.4350543664768338,7.687967257698377,8.77898887793223,1.4599240499238173,23.22956794493293,0.6414426496266491,24.12603343975308,0.6789629008261006
2861,5.7679419854963745e-05,0.09686467483018836,0.014714712735963508,0.0030312705515825656,0.03735668073253085,0.44183293587217726,7.792737902204196,8.801333636045456,1.4831036233653625,,,,
2862,5.762965741435357e-05,0.09409791242020825,0.013492616025371855,0.0028063861132371433,0.036632044050687304,0.43111355463042855,7.675457553068797,8.69148029088974,1.4552280028661093,,,,
2863,5.757989497374343e-05,0.09371471676665048,0.013536319259902263,0.0027360495954174744,0.03743396654026583,0.4361000503258159,7.788289960225423,8.806773702303568,1.4587576378136873,,,,
2864,5.7530132533133285e-05,0.09314561656210571,0.014897229020394705,0.0028152545559350984,0.03678150686513012,0.4335735081384579,7.719835925102234,8.745766646663348,1.467819738139709,,,,
2865,5.7480370092523114e-05,0.09631103981131067,0.013359775926840782,0.0028565875171504256,0.03681204449773456,0.43678653935591377,7.726512356599172,8.742445255319277,1.4680315924187501,,,,
2866,5.743060765191297e-05,0.0935719994828105,0.013506957105520079,0.0027844339831062824,0.03697928605445971,0.4354708455192546,7.7062629729509355,8.708269268274307,1.4582070847352346,,,,
2867,5.7380845211302825e-05,0.09498712169006467,0.012306191593280636,0.0028166176912539716,0.03713284407664711,0.4390996123974522,7.739811261494954,8.79409050544103,1.4728046715259553,,,,
2868,5.733108277069268e-05,0.09246612275019288,0.012446755948168079,0.0029402430560973394,0.03689356225465114,0.4376370497668783,7.759228530526161,8.854325183232625,1.4952936592201391,,,,
2869,5.728132033008254e-05,0.09582306899440786,0.014339323435934522,0.002879520105307165,0.0365298433500963,0.42994473601380984,7.6778233716885245,8.707684294382732,1.4634856544435024,,,,
2870,5.7231557889472366e-05,0.09317200734900931,0.0198382960321001,0.0027411643265926005,0.03620569721097126,0.4254444391777118,7.643325978517533,8.647339097658794,1.4483141439656417,23.196329189976474,0.6415078901426813,24.10219826092558,0.6789902786532527
2871,5.718179544886222e-05,0.09177713377090792,0.01538752999278706,0.0027615477909421317,0.037173705813863006,0.43643873759234947,7.735990916689237,8.67378778855006,1.4493989631533624,,,,
2872,5.713203300825208e-05,0.0944565562531352,0.01357222753632404,0.002825350478421266,0.037131118184576435,0.440387465711683,7.833047944307327,8.891514386733373,1.4826761571069558,,,,
2873,5.7082270567641906e-05,0.09499356336891651,0.012435276384015618,0.002925334544913009,0.036888280904774244,0.4330132730926077,7.772567887107531,8.828262670834858,1.4789606188734372,,,,
2874,5.703250812703176e-05,0.09291617278940975,0.014886680098432,0.0029985544436688847,0.03649118732816229,0.4317992020708819,7.752049172918002,8.80259883205096,1.4891141799588998,,,,
2875,5.698274568642162e-05,0.091025117408329,0.015784171605330934,0.0026694747070602413,0.03639082281539838,0.4262733947485685,7.661542008320491,8.687248269716898,1.4415678277611732,,,,
2876,5.693298324581145e-05,0.09437678268101687,0.014489096867595563,0.002898130134387126,0.03673029741815602,0.43463790888587633,7.72758020957311,8.804835518201193,1.4782055236399174,,,,
2877,5.68832208052013e-05,0.09685622101339202,0.016486575205350743,0.003133763384115203,0.037976646493189034,0.44621549335618815,7.851646558443705,8.96671149333318,1.5194757888714472,,,,
2878,5.683345836459116e-05,0.09333668987577161,0.017485003056881665,0.0027929867090279005,0.03687908728218948,0.43501054427276054,7.657882271210353,8.654400877157848,1.4552904610832533,,,,
2879,5.678369592398099e-05,0.09148693925235421,0.013854192771033532,0.00285766660669348,0.03692548895099511,0.43319482943043114,7.6177150746186575,8.671175613005955,1.456286788980166,,,,
2880,5.673393348337084e-05,0.09791027325360725,0.014417420793308188,0.0029671169001934078,0.03742894135648385,0.4428643697872758,7.807923156023025,8.894457731644312,1.499275128543377,23.196187273560927,0.641956248088771,24.10185098429412,0.679104587117661
2881,5.66841710427607e-05,0.09434118568897247,0.015676743720874374,0.002839782213292589,0.03706213843931134,0.4330027027055621,7.662237648169199,8.673459418614705,1.4554652921855449,,,,
2882,5.663440860215053e-05,0.09181585742626339,0.0166242462529299,0.002836538301441275,0.036247363542982684,0.42914712003742655,7.5637420574824015,8.560424800713857,1.4508732120196024,,,,
2883,5.6584646161540384e-05,0.09760417737998069,0.01258671250874852,0.0030424751097295182,0.03842987108121936,0.4551043868685762,7.912201617161433,8.925938139359156,1.4987954628964266,,,,
2884,5.653488372093024e-05,0.08880511665871987,0.01369783911764723,0.0026504546150742194,0.03632002922822721,0.4283878890176614,7.535144583384196,8.494041060407957,1.4167697990934054,,,,
2885,5.648512128032007e-05,0.09254923285140346,0.012900361692141838,0.0027939088033235747,0.037079737021122126,0.43690756587311624,7.73306232492129,8.745718093713124,1.455475174387296,,,,
2886,5.6435358839709924e-05,0.0943139013911908,0.015160311026814876,0.002844687881952268,0.036993876875688635,0.43583821387340627,7.79709559182326,8.82431938648224,1.4716909917692342,,,,
2887,5.638559639909975e-05,0.0953188431992506,0.01655906870373641,0.0029956380719947146,0.036817212951912856,0.4356102063010136,7.769845714171727,8.78112589418888,1.4822542527069649,,,,
2888,5.633583395848961e-05,0.0962669992276157,0.01591911609652771,0.0028347664501173616,0.03697115357305544,0.4352333631366491,7.682508637507756,8.712926561633745,1.468434244642655,,,,
2889,5.6286071517879465e-05,0.0949537351882706,0.015421933906369109,0.0028949930356551097,0.03744558482042824,0.440236114213864,7.755843677123388,8.76171057621638,1.4734620561202367,,,,
2890,5.623630907726932e-05,0.0920089025128012,0.013451411014232247,0.0027004735963297812,0.035348205520616224,0.4152968041909238,7.4304255167643225,8.526200580596925,1.4391494592030842,23.204908126265547,0.6414245508491668,24.114083451981816,0.6791910596967934
2891,5.6186546636659176e-05,0.09528347572001318,0.01716390853639315,0.002869748209316943,0.037760183467374496,0.4452570372881989,7.817742071549097,8.831488651037215,1.4754225984215736,,,,
2892,5.613678419604903e-05,0.09324232061238338,0.015158409300118336,0.002870897307426882,0.03704561676131561,0.43873270026718575,7.71471381187439,8.681569735209147,1.4557307807107767,,,,
2893,5.608702175543886e-05,0.09740023258297394,0.014520132264256984,0.002856780026013439,0.03741706841004391,0.4370538271342715,7.835589931408564,8.927807646989823,1.4900560239950815,,,,
2894,5.603725931482872e-05,0.09876759448088705,0.018148999284897143,0.002890387254107433,0.03709345495638748,0.43931313740710415,7.757218756278356,8.798020390669505,1.47885948518912,,,,
2895,5.598749687421857e-05,0.08898854866468658,0.019019580012041213,0.0026967771202786634,0.03734675333835184,0.437424207230409,7.778168509403865,8.745412755012513,1.4516650709013144,,,,
2896,5.59377344336084e-05,0.09099372123988966,0.01212209362458109,0.002957644699442123,0.03731905935176959,0.4409977873787284,7.777345607678096,8.78951810201009,1.4738194979727268,,,,
2897,5.588797199299826e-05,0.0934651598567143,0.0144019773457608,0.0028843284329923336,0.03655003052360068,0.4297601809104284,7.704401822884877,8.797801393270493,1.4840884275734425,,,,
2898,5.583820955238811e-05,0.09143614982410024,0.013345501769907956,0.002963170575427891,0.03692208005425831,0.4380402331240475,7.733927614490191,8.748768782615661,1.4755728776256243,,,,
2899,5.578844711177794e-05,0.09154581419813136,0.017481085046027012,0.0027643041911990926,0.036679451652647306,0.4316409630080064,7.747389866908391,8.785833326975505,1.4666587948799132,,,,
2900,5.57386846711678e-05,0.09549165833741427,0.016526357219034667,0.002828969178456949,0.03675524585802729,0.4302504789084196,7.708274989326795,8.775269132852554,1.4688232712447644,23.222183702965115,0.6417562170234526,24.131331573140006,0.6792612085045426
2901,5.5688922230557654e-05,0.09715917382854969,0.01710834476230322,0.0030938599186508026,0.03738205735183631,0.43871800415217876,7.726107510924339,8.756057035923003,1.4815966402490934,,,,
2902,5.563915978994748e-05,0.09459036176558584,0.012208831824081064,0.0029847317775420377,0.03761808503574381,0.4439185244962573,7.803667294979095,8.8423701663812,1.4855149092773596,,,,
2903,5.558939734933734e-05,0.09990797774711004,0.013384288718146323,0.003065547790538403,0.037964719456310074,0.44731904144088425,7.831433367729187,8.91659020582835,1.5115854238470396,,,,
2904,5.5539634908727194e-05,0.09604344769225766,0.013594695801619473,0.0028550801153566377,0.03703503345022909,0.43865986904129384,7.690035858750344,8.66729014714559,1.4574236527085305,,,,
2905,5.548987246811702e-05,0.09415138967645666,0.0152618253634807,0.002715537796939316,0.037053582289566594,0.43597488701343534,7.641336689392726,8.634176109234492,1.4431122007469337,,,,
2906,5.544011002750688e-05,0.09580291434346387,0.011874081301396614,0.0029713570750876292,0.03694899581799594,0.43570185291270414,7.765064972639084,8.816004761060078,1.4848162956535815,,,,
2907,5.539034758689671e-05,0.0956466132386898,0.011998528113621098,0.002727968404178682,0.037479328294284645,0.4389608017168939,7.7883236626784,8.747286291917165,1.4471602330605189,,,,
2908,5.534058514628656e-05,0.09573377668081472,0.016212233897934882,0.0030035618032949666,0.03681399485018725,0.42842903124789394,7.62938728928566,8.669276163975399,1.4721520637472472,,,,
2909,5.529082270567642e-05,0.09923687089855472,0.013599216947197427,0.002790701795978142,0.037522606384785225,0.4404627497618397,7.776582682132721,8.821598639090857,1.4671206270654997,,,,
2910,5.524106026506625e-05,0.09593853764235974,0.012642199077407075,0.0028898739370864252,0.03725366819029053,0.4355784576696654,7.741363535324733,8.824262855450312,1.4734768775602183,23.235813622005036,0.6422379573729199,24.13855409342681,0.67912108281497
2911,5.5191297824456104e-05,0.09083126555973044,0.012773750851913538,0.0028041439736171013,0.03668677903478965,0.4339293801691383,7.750160955389341,8.77856533229351,1.4656002358843883,,,,
2912,5.514153538384596e-05,0.09620943506403516,0.013207689353562195,0.0028553330511082702,0.03667491472248609,0.42874383109932146,7.705127928654353,8.797323989868165,1.4830857411026954,,,,
2913,5.509177294323579e-05,0.09142547759693116,0.01770856475350319,0.0027793730247746375,0.03739650959614664,0.43697268373022474,7.76815405189991,8.774695365627606,1.4498489369948706,,,,
2914,5.5042010502625644e-05,0.09614492834856113,0.014690741658460819,0.0029247870400164783,0.03649850204237737,0.43353442223742605,7.709198272228241,8.785101260741552,1.4835927409430345,,,,
2915,5.49922480620155e-05,0.0904971712307694,0.013106097754468063,0.0026255199328564533,0.035745152260642496,0.4156219906794528,7.5977115044991175,8.627304861942926,1.4368491823474565,,,,
2916,5.4942485621405356e-05,0.09513336794916541,0.013676592621226764,0.002944916151742897,0.03754094095202163,0.44177715259914596,7.815371732910474,8.909350313742955,1.5063336610794067,,,,
2917,5.489272318079521e-05,0.09476283844560385,0.015605043502713004,0.0028070183122205585,0.03616351643965269,0.4262554432575901,7.622408825159073,8.643661588430405,1.460946900397539,,,,
2918,5.484296074018507e-05,0.09864198961295187,0.013976074146553042,0.002769793410152488,0.03724994385847822,0.4338228972939154,7.759401116768519,8.825260170300801,1.4658390226463476,,,,
2919,5.4793198299574896e-05,0.09153763914946467,0.011734416296125438,0.0027458414022476065,0.03668609229692568,0.43032058496028186,7.609214417139689,8.636786974469821,1.4383071328202883,,,,
2920,5.474343585896475e-05,0.09749291270660858,0.014475769092184043,0.00301068974804366,0.03805333090713248,0.44532867254068453,7.89363390703996,8.92828181385994,1.4966663412749768,23.237134968090622,0.6421438654531391,24.133642264103646,0.6792126347304464
2921,5.469367341835461e-05,0.09892824733008941,0.01463148990609268,0.002834184702684676,0.03644859166427826,0.42765670143999157,7.681285732984543,8.688756427168846,1.462363568196694,,,,
2922,5.464391097774444e-05,0.09774310857368013,0.013964583847996282,0.0028541537328540772,0.036850301411080484,0.4357594455592334,7.77997245589892,8.86849740644296,1.4912047624588012,,,,
2923,5.459414853713429e-05,0.09219110551445435,0.012435487308851526,0.002800121329831503,0.03677034834399819,0.4353408199734986,7.690822127461433,8.700678379336994,1.4566785529255868,,,,
2924,5.454438609652415e-05,0.09398848881634574,0.012758565276843773,0.002938962176085624,0.03698683245650803,0.43613748367254934,7.697746608654658,8.775647298494976,1.4707441866397857,,,,
2925,5.449462365591398e-05,0.1002406153207024,0.011493401111542097,0.0031658411400258047,0.037170465659194935,0.43727948668723304,7.727311400572459,8.844613279898962,1.4993396557867527,,,,
2926,5.444486121530383e-05,0.09154405140628417,0.014301777480927862,0.0027915305146962053,0.036339476576540616,0.4283875082309047,7.6060422539711,8.608390281597773,1.4375934188564619,,,,
2927,5.439509877469366e-05,0.09921743629189829,0.012173251907951998,0.002901934361458795,0.03867637422711899,0.45884779645130036,7.964694265524546,9.089789791901906,1.5094825183351834,,,,
2928,5.434533633408352e-05,0.09016559983137995,0.012767282616601205,0.002832813833204758,0.037494709455252934,0.44280752188836536,7.741569381952286,8.739312402407329,1.4596885415414969,,,,
2929,5.4295573893473374e-05,0.09296749176767966,0.014954773521316763,0.0028958450699671325,0.037682599857604755,0.43711856516698994,7.826957968870799,8.905279002587001,1.4917646070321402,,,,
2930,5.42458114528632e-05,0.09567534581292421,0.01406681369311218,0.0030346228569518036,0.03757964243025829,0.44633440660933654,7.79496077299118,8.87880636850993,1.4943350305159886,23.211068161118217,0.6418831024954701,24.130558365241043,0.6793124011168411
2931,5.419604901225306e-05,0.09301504593652983,0.01662506350309014,0.0026864120108560504,0.03645008479943499,0.4277839102782309,7.692202321688334,8.682224561770758,1.4540522530674935,,,,
2932,5.4146286571642914e-05,0.09364481622663637,0.010914479014288946,0.002807043095829916,0.03684422554797493,0.4378994000454744,7.746831122040748,8.727374889453252,1.464201028396686,,,,
2933,5.409652413103274e-05,0.09614210751994202,0.01574870678735923,0.002903143176930219,0.036807622271589936,0.4344891095223526,7.727550502618154,8.783452266454697,1.474632023026546,,,,
2934,5.40467616904226e-05,0.09103045461233705,0.01389116605435877,0.002839881272969554,0.03655329619068652,0.42986878271525103,7.657730233669281,8.66109465956688,1.4507806529601415,,,,
2935,5.3996999249812455e-05,0.08990385460201651,0.017171763664128446,0.002747462575825921,0.03634563576585303,0.4305567211471498,7.698362751801809,8.726165457566578,1.4560305304825305,,,,
2936,5.394723680920228e-05,0.09361842183861882,0.019899607527327178,0.0028182090964340508,0.036912601247119405,0.4335107836251458,7.647423698504766,8.752680088082949,1.4711057995756467,,,,
2937,5.389747436859214e-05,0.08868566529514889,0.013126378949587162,0.0027342250415131274,0.03648528499761596,0.4264475288800895,7.679357667764028,8.693414626518885,1.445120948801438,,,,
2938,5.3847711927981995e-05,0.09356101528586198,0.01604069188543959,0.0028354582786050742,0.03727026658404308,0.439761535047243,7.765334718426069,8.735757770140966,1.4580995798110963,,,,
2939,5.379794948737185e-05,0.09489522963607062,0.014164764742361943,0.002785438415958197,0.03769962172567223,0.4425553983077407,7.778535815080007,8.79738319714864,1.470173442363739,,,,
2940,5.374818704676171e-05,0.09258356739301235,0.016080234529271164,0.0027954399887979283,0.037092163561222455,0.43897417436043423,7.719650668899218,8.778119537234307,1.4623986487587293,23.236901959329057,0.6416423944858853,24.133826899084788,0.679408524760688
2941,5.3698424606151535e-05,0.0877261667434747,0.013478989220644581,0.002760173368733376,0.036960969225037846,0.43378968064983686,7.744018945097923,8.747480708360673,1.450310875972112,,,,
2942,5.364866216554139e-05,0.09477677080625048,0.01292205280514517,0.0029729239346731142,0.03746617028179268,0.44099798556417225,7.780546838045121,8.843649061520894,1.4853934238354365,,,,
2943,5.359889972493125e-05,0.09206708265313258,0.01328146214185919,0.0029212330801177207,0.03715398315883552,0.43598539183537166,7.673696990807851,8.727079705397289,1.473858081549406,,,,
2944,5.3549137284321076e-05,0.09249313909870883,0.01538401984513412,0.002783258581469757,0.03661797290745502,0.43267048684259257,7.6711365958054865,8.670866614580154,1.4582168805102507,,,,
2945,5.349937484371093e-05,0.09423481354024262,0.012441117412267284,0.0027439573447433454,0.03724103867619609,0.43736217021942136,7.757297179102897,8.832925364375114,1.4718428427974384,,,,
2946,5.344961240310079e-05,0.09333795133667687,0.014384641700211231,0.0028421042237217384,0.03699760351252432,0.43522329268356164,7.765815747777621,8.812711485226949,1.4702241207162539,,,,
2947,5.3399849962490616e-05,0.09114386315923184,0.013857655622219559,0.0030073844816797647,0.037741021039740495,0.44624506824960314,7.781845087806384,8.784563847382863,1.4757117696106434,,,,
2948,5.335008752188047e-05,0.09088013945147395,0.016256738018045894,0.002742203077589996,0.03607058116273644,0.4252464946980278,7.657071767250697,8.707185154159864,1.4593571238219738,,,,
2949,5.330032508127033e-05,0.09356033555231988,0.013600007343634394,0.0027986314195610853,0.036491434345953165,0.43075438185284537,7.639239964882533,8.70780580242475,1.4558162659406662,,,,
2950,5.325056264066016e-05,0.096813653029191,0.014910451143556571,0.003025551932842063,0.03731662584468722,0.44032307658344505,7.7352656602859495,8.82566663424174,1.4849652002255123,23.218915694738925,0.641901188571911,24.126731634635508,0.6794086868760382
2951,5.320080020005001e-05,0.09286769092626249,0.013965537345880607,0.0028811792773315876,0.037533976828369,0.4419021880254149,7.7837689896424616,8.799547241131465,1.466506788879633,,,,
2952,5.315103775943987e-05,0.09649789767960708,0.013374585585474545,0.0028162897887038223,0.03781552525858085,0.4416417997951309,7.813877292474111,8.844182813167572,1.4705486960709095,,,,
2953,5.31012753188297e-05,0.09294180667493493,0.012435708402926796,0.002914908265847771,0.0374497141650257,0.4408742110555371,7.830290008584658,8.951164140303929,1.5038204424083232,,,,
2954,5.305151287821955e-05,0.09366790500159065,0.012571984011000044,0.0029519549452137047,0.03745162307750434,0.4384679607426127,7.791134662429491,8.918102552493414,1.4932553224265575,,,,
2955,5.300175043760941e-05,0.09458459219895303,0.01572481696019885,0.0027649754436424702,0.037024838706323254,0.43319170009344815,7.765500782926877,8.777309240897496,1.470613453288873,,,,
2956,5.295198799699924e-05,0.09233590279861043,0.01522016340188841,0.0028596792462849407,0.03643515381263569,0.4293484189237157,7.713579368591309,8.810697023073832,1.477743105838696,,,,
2957,5.2902225556389094e-05,0.0973422447219491,0.021274756844370937,0.002969400572904609,0.037349236162845044,0.44066178326805433,7.783878773450851,8.818108590443929,1.481055274605751,,,,
2958,5.285246311577895e-05,0.09398786677823713,0.014599198818801347,0.002951483779058132,0.03711465788073838,0.44133873789881667,7.776737310489019,8.88830535610517,1.4988965752224128,,,,
2959,5.280270067516878e-05,0.09217010296415537,0.012468930562269165,0.0029011788185016483,0.03797057925645883,0.44828699609885614,7.793551808595657,8.876774510741233,1.4853893779218197,,,,
2960,5.2752938234558634e-05,0.09165205557364971,0.012069585097414227,0.0028150182037279593,0.03633207390472914,0.42879456921170156,7.677629784742991,8.778373229503632,1.471824473142624,23.20349555423176,0.6413697551832924,24.13245930736425,0.6794977600637903
2961,5.270317579394849e-05,0.08941678315556298,0.013600755980538863,0.002846045034796892,0.03685819589300081,0.43346294968699417,7.678861886262894,8.699613824486732,1.4589910844961802,,,,
2962,5.265341335333832e-05,0.10024192441099634,0.011889919187257828,0.0029529852480360812,0.03743656790077997,0.4419593433228632,7.764092584451039,8.809948647022248,1.4689388051629066,,,,
2963,5.2603650912728175e-05,0.09335595676675439,0.01695910028417215,0.002683120193311576,0.03754557167024662,0.44061952171226343,7.7222117702166235,8.725781815250715,1.4522463689247767,,,,
2964,5.255388847211803e-05,0.09155655667806666,0.015001801059109887,0.002775485402404835,0.036180845857597885,0.42388216123605765,7.619117123881976,8.590061930815379,1.4424480666716895,,,,
2965,5.2504126031507886e-05,0.10109041939334323,0.017187913769674858,0.00292420251492634,0.03760663703045187,0.44160215836018324,7.86951077679793,9.040369820594787,1.5110279018680255,,,,
2966,5.245436359089774e-05,0.09826615397663166,0.013439100416481952,0.0029706920989459227,0.03786407285952009,0.44266836531460285,7.810289512077968,8.876954755187034,1.4840519905090332,,,,
2967,5.240460115028757e-05,0.09504015562900653,0.014504970266127959,0.0028206265466299858,0.036808555689640345,0.4368913107862075,7.702506318688393,8.752631203333538,1.4637015474339325,,,,
2968,5.235483870967743e-05,0.09607315152728309,0.01596470955379674,0.0028731556443441757,0.036940402370722346,0.43665890692112347,7.699959445993105,8.726337440808614,1.4603764727711677,,,,
2969,5.230507626906728e-05,0.09212777666592349,0.012338465729796829,0.002768692049176025,0.0369559257136037,0.439287019520998,7.75866797765096,8.769224466880162,1.4592569241921107,,,,
2970,5.225531382845711e-05,0.09158177386658888,0.01457297909254356,0.0026943174172629368,0.03759578069827209,0.44139648843556645,7.756642786661784,8.714974448084831,1.4401824379960695,23.226306896487298,0.6417083920488235,24.12748655817737,0.6793934698571901
2971,5.220555138784697e-05,0.09666576796056082,0.012124081746721782,0.002825626142293913,0.03697235074359924,0.4347359084834655,7.621690458059311,8.67844926317533,1.4612245817979177,,,,
2972,5.215578894723682e-05,0.09111538243790468,0.012912366173808998,0.0027564644096855773,0.03739210220519453,0.44160849768668414,7.790793756643931,8.809520228703816,1.4647441220780213,,,,
2973,5.210602650662665e-05,0.09324686229228973,0.012463088846115215,0.0027252125536506356,0.036849999846890566,0.43275507148355247,7.716997262835503,8.796774005889892,1.4661155564089616,,,,
2974,5.205626406601651e-05,0.09254536841375133,0.01268439127682511,0.0027957980524054922,0.036973329408404726,0.4361586194174985,7.659053522348404,8.729494386911393,1.460638453811407,,,,
2975,5.2006501625406364e-05,0.09438073444956292,0.012894226382178024,0.0029348147616777473,0.03691114004468545,0.43415653267875315,7.734788205226263,8.82109576066335,1.4813143625855445,,,,
2976,5.195673918479619e-05,0.09840765602421016,0.015320234281279089,0.002877832844630272,0.03676604121380175,0.43000370046744746,7.751871760686239,8.844168519973755,1.4870540437599022,,,,
2977,5.190697674418605e-05,0.09531438412765662,0.011837214336598153,0.002808708792933127,0.03738923459701861,0.4359600456121067,7.752291201551755,8.783303340276083,1.4654710749785105,,,,
2978,5.1857214303575904e-05,0.09200588528377314,0.013955849122548125,0.002724528938172928,0.036340236035175624,0.42707323413342235,7.683529410759608,8.678350953261058,1.4455627173185348,,,,
2979,5.180745186296573e-05,0.09400652305533488,0.011046773293684057,0.0029180404808357707,0.03745587354448313,0.4411042186431587,7.734627508123716,8.72292439341545,1.4577443021039167,,,,
2980,5.175768942235559e-05,0.09232045465614647,0.012558586769150715,0.0027974555119726573,0.03683893465980267,0.4348941973720988,7.6955263942480086,8.681578561663628,1.4504532989114522,23.250667099491114,0.6424307074236965,24.139314562413254,0.6795582240048843
2981,5.1707926981745444e-05,0.09575125245998303,0.014751182706785607,0.0029723968601805,0.03753757164813578,0.4440748913213611,7.746174045403799,8.809794169664382,1.485596194366614,,,,
2982,5.165816454113527e-05,0.09643915107784172,0.011597630140131725,0.0030331857674658143,0.03739701808275034,0.4344808741783102,7.768743558724721,8.893674445152282,1.50586236367623,,,,
2983,5.160840210052513e-05,0.09051136041525751,0.015884110771228057,0.0029924395478398464,0.037411679451664286,0.4413559199000398,7.732378656665484,8.794095983107885,1.487404537697633,,,,
2984,5.155863965991496e-05,0.09153571823456635,0.014378341509942745,0.0027710553008849577,0.03701836603771274,0.4327842835802585,7.699048033356666,8.731743090351422,1.4576696331302326,,,,
2985,5.1508877219304814e-05,0.0930948733507345,0.01423342160456261,0.0029171254628939398,0.03644347419807067,0.427595479786396,7.64990041355292,8.787650511662166,1.4835375837981701,,,,
2986,5.145911477869467e-05,0.08795010806837429,0.01604499838993775,0.002869627282295066,0.036418106469015284,0.4285926055473586,7.637055438756943,8.674543766180674,1.4593108467757703,,,,
2987,5.1409352338084525e-05,0.09385441291766862,0.01270563088195337,0.002948946355233299,0.03719459981657565,0.43501732690880696,7.70193616549174,8.78998204668363,1.4787509883443515,,,,
2988,5.135958989747438e-05,0.09116579095522563,0.0157255409703798,0.0028024376742754003,0.03623974113919151,0.42692873571068046,7.613933129111926,8.663854966560999,1.4547769342859587,,,,
2989,5.130982745686421e-05,0.0953700518157954,0.01458291563540608,0.0027455707184950977,0.03670105645627094,0.4296268735701839,7.716998480757078,8.803641092777251,1.4659177099665006,,,,
2990,5.1260065016254066e-05,0.09181507946923376,0.012849445429227006,0.0027967937503490248,0.037228900151482475,0.4377476422426601,7.847880127032598,8.898150410254797,1.4863856780032316,23.232009059178313,0.6423157262890234,24.129104177743052,0.6796444063336593
2991,5.121030257564392e-05,0.09103702521727731,0.01281298845295033,0.002850828369749555,0.03729705448495224,0.44204881231610976,7.717444920539856,8.754329643646876,1.46790569126606,,,,
2992,5.116054013503378e-05,0.10036776456205795,0.01400879234344311,0.003044661264266324,0.03742377456898491,0.4388467856682837,7.784838160872459,8.912441754341126,1.5038088455796241,,,,
2993,5.1110777694423606e-05,0.09029440406399468,0.01454795415697722,0.0027665641236429414,0.037331140961032364,0.44085269402712585,7.837723529338836,8.856131611267726,1.4660736593107382,,,,
2994,5.106101525381346e-05,0.08925226632660875,0.011552480008918675,0.0027408144316117006,0.03616972321566815,0.4267137871434291,7.5924552291631695,8.588069214423497,1.4327221520245075,,,,
2995,5.101125281320332e-05,0.09154612487958123,0.01102359858861853,0.0027289482468101293,0.03616790150214608,0.4197743693366647,7.539339340726534,8.54983959098657,1.4308660803983608,,,,
2996,5.096149037259315e-05,0.0905343880954509,0.013110881989892647,0.0027804140040340523,0.03581023541046306,0.4196985226434966,7.532627043128014,8.59392580986023,1.4467854805290699,,,,
2997,5.0911727931983e-05,0.09713179748505354,0.012363760651515714,0.0032115236512254342,0.03786861219753822,0.45027159188563626,7.845096111297607,8.932139935096105,1.514514530946811,,,,
2998,5.086196549137286e-05,0.09654500236113867,0.012993769432816797,0.0028412872577367426,0.03758004825018967,0.438636566636463,7.81000105937322,8.819896455605825,1.4689633890986442,,,,
2999,5.081220305076269e-05,0.08887287691080321,0.014505048653682791,0.00274618534798113,0.03468617834926893,0.40631496903176106,7.459826403856278,8.529614770412445,1.431741722424825,,,,
3000,5.076244061015254e-05,0.09273714322286347,0.013479926899620112,0.0027855181245589242,0.03652612097406139,0.4326862990235289,7.71133685807387,8.782186603546142,1.4747217153509458,23.237426335373204,0.6422330308393089,24.141389297920078,0.6796593886701976
3001,5.071267816954237e-05,0.09012376410731425,0.01221740133956195,0.0029489803933150445,0.03698744223996376,0.43448246335610746,7.701969464619954,8.758981617291768,1.469182508935531,,,,
3002,5.066291572893223e-05,0.09565065137576312,0.01276559191247895,0.002779496745642973,0.03765287771626997,0.4428608301716546,7.8227785468101505,8.93282474676768,1.4879232523341974,,,,
3003,5.0613153288322084e-05,0.08884018434522052,0.013153224469234621,0.0026664653537712486,0.03657499458834839,0.43228201107122005,7.627228520313898,8.630395909150442,1.4343369480222463,,,,
3004,5.056339084771191e-05,0.09571858717439076,0.015036854439511105,0.00286613083001915,0.03705659090386083,0.43734777566666405,7.668291109800339,8.72567440867424,1.472446263829867,,,,
3005,5.051362840710177e-05,0.09202681003759304,0.012614262899582984,0.002752039144494726,0.036992251504367836,0.434257471250991,7.688843216498693,8.72497736811638,1.4560669911404451,,,,
3006,5.0463865966491624e-05,0.0965001529121461,0.013473929164673952,0.00288661567580372,0.03676144197427978,0.43358878943448265,7.791166498263677,8.84050969282786,1.4823392063379288,,,,
3007,5.041410352588145e-05,0.08895036502508447,0.012332381188084123,0.002751100212541739,0.03685768044476087,0.43288709670305253,7.68690377275149,8.662702684601149,1.4439498824377854,,,,
3008,5.036434108527131e-05,0.09302853546881427,0.013755308085940573,0.002823259032781304,0.03733652114169672,0.43732665575419866,7.746125462651253,8.782214084267617,1.4613810040056705,,,,
3009,5.0314578644661165e-05,0.09363047446434697,0.014883444193771448,0.0028309409388990996,0.03710366633798306,0.4397529987618327,7.8445230265458425,8.89197771747907,1.488095659762621,,,,
3010,5.026481620405099e-05,0.08988836586164932,0.015437682215361681,0.002779702376756177,0.037030685091546424,0.43389528123661875,7.696845960617066,8.671907864014308,1.447950621942679,23.274655859783635,0.6426733600504203,24.16618117637153,0.6797930690690858
3011,5.021505376344085e-05,0.0952361155456553,0.01290802584804142,0.0029182407113694355,0.036857278788617505,0.434716090063254,7.618077076474825,8.689276379346847,1.4659379449983438,,,,
3012,5.0165291322830705e-05,0.0919277927527825,0.01302872570895682,0.002845048418566876,0.03607353777624667,0.4219393189065158,7.579655282696089,8.61729530096054,1.4535133024056752,,,,
3013,5.011552888222056e-05,0.09377913261608531,0.013365331871572387,0.0028150361864391015,0.03693209864431992,0.4355426815027992,7.672578344742457,8.72332927385966,1.459768671542406,,,,
3014,5.006576644161042e-05,0.09708990982423225,0.014912814594631865,0.003009315995829335,0.03639009933297833,0.4324554985699554,7.710585570335388,8.83378988703092,1.496184100707372,,,,
3015,5.001600400100027e-05,0.09035374131053686,0.013895069626426733,0.002643136519206261,0.03654393840697594,0.43057148000225426,7.724588664372762,8.731076616048814,1.453420195231835,,,,
3016,4.99662415603901e-05,0.09666766902276626,0.01413406752922847,0.002910174600795775,0.03709033633543489,0.43886858827124037,7.794068385163943,8.868977748354276,1.4950743791957697,,,,
3017,4.991647911977996e-05,0.09100241612177343,0.014471211308271876,0.0026975780427164866,0.03753538357365566,0.4416325463913381,7.793092719713846,8.774347096681595,1.4545127655069032,,,,
3018,4.986671667916981e-05,0.09509540508346011,0.01499415321712685,0.002752216501176008,0.03664499050161491,0.4307788431023558,7.701716289917628,8.726776885986329,1.4561600120117266,,,,
3019,4.981695423855964e-05,0.0918178291254056,0.013259616962942374,0.002886979288268776,0.03716524994621674,0.4370025732864936,7.733427067597707,8.727681036790212,1.4623914601902166,,,,
3020,4.97671917979495e-05,0.09322609841668357,0.013431447679286486,0.0027349924536489803,0.03708315546779583,0.4358402573193113,7.718297159671783,8.724711342652638,1.4557671998937924,23.26327780052375,0.6426497891673134,24.158089751456984,0.679623855928133
3021,4.9717429357339326e-05,0.0921892392837132,0.015453245615664125,0.0028298727853931873,0.03655458562619363,0.43206073095401126,7.628054626782736,8.716371404131253,1.4635562601188818,,,,
3022,4.966766691672918e-05,0.09529091184182713,0.01215854959226886,0.0027091115664613125,0.036537243142568815,0.43035009494051335,7.627970586220424,8.72342988650004,1.4536637008190154,,,,
3023,4.961790447611904e-05,0.09456430689121285,0.013219526417747358,0.0027875020094446277,0.03688078169167663,0.4305640747770667,7.719736480712891,8.706576498349508,1.4545297093689442,,,,
3024,4.956814203550887e-05,0.08906644387946774,0.013664362191222645,0.002778519332544723,0.03634033491058896,0.42728232201188804,7.640580595533053,8.753227921326955,1.468200125048558,,,,
3025,4.951837959489872e-05,0.09250576083237926,0.01520559398214072,0.0028150519279734,0.0375444943162923,0.4447939193186661,7.852825623750687,8.937078515688578,1.486944069713354,,,,
3026,4.946861715428858e-05,0.09551026276312768,0.010699175831362004,0.003075632516023082,0.037585335096810016,0.4423948459327221,7.799931507309278,8.867849878470103,1.4946675032377243,,,,
3027,4.941885471367841e-05,0.09020439095329494,0.010024214438273438,0.002818463372508025,0.03638187868831058,0.42593650181467335,7.562567452589671,8.543566246827444,1.431153029203415,,,,
3028,4.936909227306826e-05,0.09722433198864261,0.012784311516946697,0.0027797119320894124,0.03665183070503796,0.4256357695286473,7.618567447861036,8.718143031994503,1.465419779221217,,,,
3029,4.931932983245812e-05,0.08956861162247758,0.012904601910596562,0.002557281794179289,0.03601644680990527,0.4210874441235016,7.606040011843046,8.655986715356509,1.4322759644438823,,,,
3030,4.926956739184795e-05,0.09894895221417149,0.01575512567887969,0.0029491320821459035,0.036965591351812085,0.4338718067854643,7.678687266508738,8.787013951937357,1.483126282443603,23.276362201159024,0.6426151934490998,24.159845173185225,0.6797027559430432
3031,4.9219804951237804e-05,0.09974765027873218,0.01547114194205331,0.0030484019460345737,0.03795821925159544,0.4440066176777085,7.85548714697361,8.984612786769867,1.5084342489639917,,,,
3032,4.917004251062766e-05,0.09582063963947197,0.014481874439332717,0.0029572275582419633,0.036962587803524606,0.4351473607433339,7.716636058688164,8.787460227807363,1.4803396550317605,,,,
3033,4.912028007001749e-05,0.09774126757401973,0.014366468723164457,0.0029221216591395205,0.03692149752750993,0.4307836161926389,7.783490002155304,8.852793844540914,1.479514030367136,,,,
3034,4.9070517629407344e-05,0.09345001188727717,0.013559313787071299,0.002773361434022566,0.0365549025281022,0.42830385168393453,7.671054659287135,8.709250086545945,1.4570052362978458,,,,
3035,4.90207551887972e-05,0.09539273451082408,0.015466234228934546,0.002901605904905106,0.03683527564668718,0.43357754064102966,7.716550738612811,8.859950361649195,1.4934500373899937,,,,
3036,4.8970992748187056e-05,0.09278035795626541,0.016060406155503713,0.0026717469370244845,0.03617219351387272,0.42625418367485207,7.635552092393239,8.695495973030726,1.4569938686986765,,,,
3037,4.8921230307576885e-05,0.09094825739351411,0.011911006740833792,0.002791034481439662,0.03713172337738797,0.4380410346823434,7.706807488203049,8.691029795010884,1.446945733577013,,,,
3038,4.887146786696674e-05,0.09100317217720051,0.012342737789663034,0.0029375820253941735,0.03682505076673503,0.4352388083003461,7.667860309282939,8.690839636325837,1.4603233536084492,,,,
3039,4.8821705426356596e-05,0.09357248860566567,0.013368652657277566,0.0028440940183524313,0.03658048400927025,0.43356451854730643,7.631717150410016,8.646681168675423,1.4528244726359845,,,,
3040,4.877194298574645e-05,0.0921265950348849,0.016594803546811563,0.0027162976815210036,0.036760135522733134,0.43199661588296295,7.63773353099823,8.661497086286545,1.4513376392424107,23.280693280078484,0.6422573249301518,24.1778150526124,0.6796462392835476
3041,4.872218054513628e-05,0.09768024339961509,0.012898756621170607,0.002953395925002648,0.03658271052020912,0.4303735185414553,7.760759218533834,8.896917567650478,1.4953472378353279,,,,
3042,4.867241810452614e-05,0.09642041739231597,0.014587460493685719,0.0026992604967138807,0.03706419481895864,0.43302574744448064,7.765490741531054,8.7339364250501,1.4558636479079723,,,,
3043,4.862265566391599e-05,0.09196225328681369,0.01404446210458119,0.00288831804258128,0.0369292924044809,0.4354189439987143,7.69338646431764,8.734786249200504,1.466030407572786,,,,
3044,4.857289322330582e-05,0.09137137110034625,0.016768760510539955,0.0028416011542503838,0.03679900662585472,0.4341882662537197,7.758346815903981,8.76240315437317,1.4639787579576173,,,,
3045,4.852313078269568e-05,0.08885938596601288,0.013796969582773377,0.0025711549153735786,0.03655068991162504,0.43173201971997816,7.6117999444405235,8.611702513694762,1.4257834675411383,,,,
3046,4.847336834208553e-05,0.0911441629830127,0.015650280158832696,0.0030823895870829197,0.03731494441550846,0.43873717446501054,7.723966377973556,8.801893653472264,1.4793878473341464,,,,
3047,4.842360590147536e-05,0.09618293357392152,0.013768973667066486,0.0029233460757192614,0.036401991235713166,0.4274302740581334,7.654475288589795,8.689871927102407,1.458497439076503,,,,
3048,4.837384346086522e-05,0.0974258983352532,0.012582585677144134,0.0028295501594887656,0.037205312139121816,0.43938340693712236,7.761360416809718,8.831354677677155,1.4772887438535691,,,,
3049,4.8324081020255074e-05,0.09645777587623645,0.016688307417102175,0.0029467848770461085,0.03666901091734568,0.4352650006612142,7.717672538757324,8.777111047506333,1.4802939201394716,,,,
3050,4.82743185796449e-05,0.09352005485755702,0.016881452381961103,0.0027610760371923485,0.03786019116717701,0.44259753233442706,7.819734040896098,8.815724790096283,1.4586165497700374,23.283517462200333,0.6421307288904448,24.18598379858701,0.6797785860952217
3051,4.822455613903476e-05,0.09622340019947538,0.01574209910721683,0.002831671261901647,0.03690046279031473,0.43403379269875586,7.77889364361763,8.803362752993902,1.4681386835873127,,,,
3052,4.8174793698424614e-05,0.08932498024466137,0.012320498438709896,0.002807034712774718,0.03719253153152143,0.4375111013340453,7.751510223746299,8.796527121464411,1.466234539449215,,,,
3053,4.812503125781444e-05,0.09407062056319167,0.013454483132914181,0.0029566720599783973,0.03658107668161392,0.4289508537078897,7.700568413734436,8.771022262175878,1.4731948422888914,,,,
3054,4.80752688172043e-05,0.0944293330811585,0.01377492909457098,0.002739923609260586,0.037081232802787176,0.4345965915049116,7.687477349241575,8.708303880691528,1.446908038109541,,,,
3055,4.8025506376594154e-05,0.0943157681186373,0.014623135399921654,0.0027919847732846394,0.037147450101717064,0.4345378287136555,7.72554435133934,8.749594153960546,1.4566804451247057,,,,
3056,4.797574393598398e-05,0.09087169691144178,0.013934935176861582,0.0028088244129018374,0.03722491595738878,0.4438757460564375,7.740689146518707,8.754872785011928,1.4562764758865039,,,,
3057,4.792598149537384e-05,0.09882245900419852,0.0117663601064031,0.0029906215482090677,0.03718622837138052,0.43792483179519576,7.6390025844176614,8.687253232796987,1.467725128432115,,,,
3058,4.787621905476367e-05,0.09031653720109413,0.012349041491311434,0.0027118539215734926,0.03669982843954737,0.4290818488225341,7.691793113946915,8.687524845202764,1.451007774223884,,,,
3059,4.7826456614153524e-05,0.0952762606786564,0.014358047810402967,0.002977654309567394,0.03691574475572755,0.434867017933478,7.7019611169894535,8.774860181411107,1.4779772671560447,,,,
3060,4.777669417354338e-05,0.08960355846987417,0.012729259342617505,0.0028703177777667102,0.03763713612376402,0.443554470812281,7.80990852912267,8.88109511534373,1.4767677468558154,23.28242721109098,0.6420036887744675,24.17883634321727,0.6799599851763255
3061,4.7726931732933235e-05,0.08679794565153619,0.013894917068594737,0.0027532992820852088,0.036419823915154366,0.42703194276740153,7.639027922352155,8.625797480344772,1.4392737011114756,,,,
3062,4.767716929232309e-05,0.09447895686607807,0.01085543374374468,0.002968994985470393,0.03719844256605332,0.43773838796963294,7.709120350082715,8.77144027352333,1.4798621052255234,,,,
3063,4.762740685171295e-05,0.09268242905382067,0.014610128123995376,0.0027442091652119414,0.0362748276325874,0.4242692096469303,7.633994577328364,8.605645779768626,1.4393300102402766,,,,
3064,4.7577644411102776e-05,0.09353326091077178,0.013777658760220893,0.0027022244491793873,0.036469741559509807,0.42979961923944454,7.634664285182953,8.753529675801595,1.4649031111349662,,,,
3065,4.752788197049263e-05,0.09079491099497924,0.01548956057541031,0.002610255943000084,0.0369989520443293,0.4337774534709752,7.724501001834869,8.707043862342834,1.442624076952537,,,,
3066,4.747811952988249e-05,0.09169052581613263,0.013333651301869143,0.002767853349299306,0.0363937893960004,0.42990637055287756,7.603627774119377,8.614451668659846,1.4383598605791728,,,,
3067,4.7428357089272316e-05,0.09549545298020044,0.012292321869601415,0.0029433529703358848,0.03729458597566312,0.436748098830382,7.827978370587031,8.899370813369751,1.4881389858822027,,,,
3068,4.737859464866217e-05,0.0954708989088734,0.012097389279433128,0.0029498487107048276,0.03748405485724409,0.4414563037455082,7.78249325354894,8.83101858496666,1.48384844015042,,,,
3069,4.732883220805203e-05,0.09101234437742581,0.012472441234104521,0.002856390619429779,0.03640573682884375,0.4273364022684594,7.621330809593201,8.712974997361501,1.4702028733988604,,,,
3070,4.727906976744186e-05,0.09274553748158117,0.012706963725519554,0.0026624423490526775,0.0366879972590444,0.4337874452893933,7.733300624291102,8.73395679394404,1.4500040103991827,23.273745948717565,0.6419988518366329,24.181130358750973,0.68009799825653
